Country,Year,life_expectancy,gdp_per_capita,health_expenditure,pop_65plus,school_enrollment,pm25_pollution,fertility_rate,Region,IncomeGroup
AD,2002,82.448,26528.1300628236,5.99621153,13.1664812197396,82.2911224365234,15.7322043920316,1.265,Europe & Central Asia,High income
AD,2003,82.718,34063.575598394,5.54293585,12.9782472602198,82.7032623291016,15.3456971177959,1.18,Europe & Central Asia,High income
AD,2004,82.815,39021.1107100919,5.27989149,12.318197107299,79.4815368652344,14.9275487539332,1.229,Europe & Central Asia,High income
AD,2005,83.086,40829.8116399538,5.58296251,11.9160945744344,85.7897186279297,14.5249335007286,1.224,Europe & Central Asia,High income
AD,2006,83.374,43467.1963063068,4.95078182,11.828159652198,85.0033187866211,14.0587152187082,1.234,Europe & Central Asia,High income
AD,2007,83.632,48336.2548304926,4.94078732,11.9165826997649,82.4481887817383,13.4952355101681,1.189,Europe & Central Asia,High income
AD,2008,83.855,49132.4925840057,5.6787138,12.1678673445556,82.1809616088867,12.9498851880477,1.25,Europe & Central Asia,High income
AD,2009,84.1,43975.0000888133,6.09363031,12.5512588212855,82.6435775756836,12.5380550652865,1.208,Europe & Central Asia,High income
AD,2010,84.197,42746.830391567,7.68835258,12.7437860877754,85.1478881835938,12.375135954824,1.275,Europe & Central Asia,High income
AD,2011,84.296,46657.1495384811,7.62052774,12.6910764562951,85.8587875366211,13.4732948489243,1.321,Europe & Central Asia,High income
AD,2012,84.334,41500.5499988288,6.71966314,12.6786318556889,86.870361328125,12.2593146393596,1.26,Europe & Central Asia,High income
AD,2013,84.406,42470.3230369366,6.79758358,12.7504372053435,86.4044036865234,11.2698563251216,1.142,Europe & Central Asia,High income
AD,2014,84.485,44369.6712976777,6.77313089,12.8605720330363,88.978157043457,10.4359992732348,1.168,Europe & Central Asia,High income
AD,2015,84.532,38654.95287916,6.91368532,12.9257968645001,91.2962188720703,11.1088936507291,1.223,Europe & Central Asia,High income
AD,2016,84.489,40129.8385811474,6.94162941,13.0178785422858,94.6524124145508,10.1068248002358,1.184,Europe & Central Asia,High income
AD,2017,84.359,40672.9717424447,7.07158232,13.1984409422132,95.1090393066406,10.0219190390452,1.129,Europe & Central Asia,High income
AD,2018,84.242,42819.7577456133,7.37781096,13.4862031345627,95.9804306030273,9.89580638748632,1.053,Europe & Central Asia,High income
AD,2019,84.098,41257.816459345,7.32238626,13.8257043289506,96.2081298828125,9.01087465277866,1.045,Europe & Central Asia,High income
AD,2020,79.418,37361.1070081615,8.78462029,14.2168518997157,97.1500396728516,9.08028059086901,1.028,Europe & Central Asia,High income
AE,2018,82.449,47135.3591943971,4.09854221,1.50109608885113,102.184448242188,45.9879061419392,1.288,Middle East & North Africa,High income
AE,2019,82.596,45938.6073581994,4.40291262,1.52798923207058,101.747344264722,41.955626323257,1.247,Middle East & North Africa,High income
AE,2020,81.936,37991.7492971665,5.82477045,1.56409085694231,99.1635400791877,36.3055030826594,1.289,Middle East & North Africa,High income
AF,2003,57.171,198.871115728727,8.94125843,2.26675269120301,13.959529876709,64.1762314183241,7.174,Middle East & North Africa,Low income
AF,2004,57.81,221.763653873013,9.80847359,2.2686467503968,19.2143802642822,63.8266086780653,7.018,Middle East & North Africa,Low income
AF,2005,58.247,254.184249149336,9.94828892,2.26974934650551,20.2735099792481,63.3190255280017,6.858,Middle East & North Africa,Low income
AF,2006,58.553,274.218553561575,10.62276554,2.2717800234734,29.523889541626,61.5146494273075,6.686,Middle East & North Africa,Low income
AF,2007,58.956,376.223152003876,9.90467453,2.27621524044213,28.8154907226562,58.0837850174423,6.508,Middle East & North Africa,Low income
AF,2008,59.708,381.73323802844,10.25649548,2.28356920247549,38.930850982666,54.1911438080183,6.392,Middle East & North Africa,Low income
AF,2009,60.248,452.053705477043,9.81848717,2.29354363572652,44.2999496459961,51.0014373086482,6.295,Middle East & North Africa,Low income
AF,2010,60.702,560.621505463146,8.56967163,2.30661490116607,50.4406204223633,49.6793770289443,6.195,Middle East & North Africa,Low income
AF,2011,61.25,606.694676337726,8.56190777,2.32214045471626,52.4474296569824,61.8170559083924,6.094,Middle East & North Africa,Low income
AF,2012,61.735,651.417134470046,7.89716864,2.33791133871121,54.372859954834,70.9223165078033,5.985,Middle East & North Africa,Low income
AF,2013,62.188,637.087099117099,8.80596447,2.34976901406028,54.8833694458008,73.1318159038053,5.879,Middle East & North Africa,Low income
AF,2014,62.26,625.054941813938,9.52887821,2.35653566515757,54.2936515808105,77.1437275538632,5.77,Middle East & North Africa,Low income
AF,2015,62.27,565.569730408751,10.10534763,2.35669506261475,53.1501083374023,73.4908176326415,5.652,Middle East & North Africa,Low income
AF,2016,62.646,522.082215583898,11.81859016,2.35549736125691,53.4350395202637,72.7659101386992,5.542,Middle East & North Africa,Low income
AF,2017,62.406,525.469770891619,12.62081718,2.35973702156897,55.5364303588867,65.8623470043896,5.433,Middle East & North Africa,Low income
AF,2018,62.443,491.337221382603,14.20841885,2.36712047688815,57.3578491210938,67.2271774798558,5.327,Middle East & North Africa,Low income
AG,2000,74.819,12027.4949768222,4.3239274,7.36063648013669,80.2067489624023,18.9169541844098,2.196,Latin America & Caribbean ,High income
AG,2007,75.72,18204.5124043068,3.92354655,7.04065896406541,112.227951049805,17.4721028250109,1.86,Latin America & Caribbean ,High income
AG,2008,76.075,18786.6743142216,3.69396091,7.0387881126978,122.261581420898,17.5582313354589,2.042,Latin America & Caribbean ,High income
AG,2009,76.386,16472.2478528568,3.69979143,7.06461691991494,118.682388305664,17.6168614217745,2.006,Latin America & Caribbean ,High income
AG,2010,76.701,15217.3950790922,4.75770044,7.15361489911569,115.466743469238,17.5974662934196,1.785,Latin America & Caribbean ,High income
AG,2011,77.023,14911.7275084471,4.81000614,7.29740999861002,116.185371398926,17.2285490405827,1.746,Latin America & Caribbean ,High income
AG,2012,77.1,15639.8078114787,4.81754541,7.46504698601879,117.228363037109,17.5622893176979,1.655,Latin America & Caribbean ,High income
AG,2014,76.912,15532.1062063584,5.32218313,7.85106742522391,115.270439147949,18.1521399923532,1.526,Latin America & Caribbean ,High income
AG,2015,76.892,16077.6340769406,4.90963078,8.11104027558747,117.55770111084,19.7963197860936,1.567,Latin America & Caribbean ,High income
AG,2017,77.03,16965.7288273816,4.66318989,8.79869124994473,117.209930419922,19.0159494088973,1.485,Latin America & Caribbean ,High income
AG,2018,77.132,18273.4270684912,4.6865654,9.12720234036469,121.685249328613,18.9233007168875,1.371,Latin America & Caribbean ,High income
AL,2000,74.826,1160.42047054038,5.87429667,7.33069132123503,70.3186492919922,22.2651885663762,2.217,Europe & Central Asia,Upper middle income
AL,2001,75.083,1326.41652388077,5.8561573,7.60579089173614,72.4845733642578,22.3660062096811,2.141,Europe & Central Asia,Upper middle income
AL,2002,75.299,1479.83884572006,5.59802675,7.91442944240309,74.5389175415039,22.4827851202514,2.002,Europe & Central Asia,Upper middle income
AL,2003,75.557,1908.69900687608,5.84188986,8.24096501461232,77.751823425293,22.5934493496412,2.006,Europe & Central Asia,Upper middle income
AL,2004,75.951,2446.90949947798,5.82433939,8.58600861824839,78.9801864624023,22.6759229494045,1.889,Europe & Central Asia,Upper middle income
AL,2005,76.427,2741.72136549578,5.6621623,8.95907851317178,82.9714279174805,22.7081299710953,1.787,Europe & Central Asia,Upper middle income
AL,2006,76.994,3057.77257038113,5.56553745,9.36032202611209,84.3257675170898,22.5109695957413,1.686,Europe & Central Asia,Upper middle income
AL,2007,77.691,3743.05529896187,5.85639858,9.77459627170979,86.2188568115234,22.0412299650015,1.633,Europe & Central Asia,Upper middle income
AL,2008,78.248,4498.50486763601,5.44421673,10.1805404435552,87.8338394165039,21.4806685713767,1.616,Europe & Central Asia,Upper middle income
AL,2009,78.509,4213.65007574693,5.75751925,10.5633856320802,89.3157196044922,21.0110429073679,1.638,Europe & Central Asia,Upper middle income
AL,2010,78.414,4149.14469936847,6.16333199,10.9200550479108,93.6818237304688,20.8141104654758,1.653,Europe & Central Asia,Upper middle income
AL,2011,78.303,4465.70914328865,6.11026192,11.2281830971209,95.4705276489258,22.7999042481871,1.677,Europe & Central Asia,Upper middle income
AL,2012,78.084,4280.93316338873,6.08504725,11.5093140765442,97.6086120605469,20.9627204112539,1.719,Europe & Central Asia,Upper middle income
AL,2013,77.995,4542.92903556739,6.20897436,11.8201351814959,102.903209514161,19.4075322522058,1.741,Europe & Central Asia,Upper middle income
AL,2014,78.029,4793.59751131525,6.35884142,12.1667692065035,103.321377531566,19.3679442180935,1.721,Europe & Central Asia,Upper middle income
AL,2015,78.358,4199.53912925398,6.38810158,12.5431065412926,102.440729325166,19.121557306579,1.631,Europe & Central Asia,Upper middle income
AL,2016,78.643,4457.63412207495,6.65018797,12.9202121629827,99.170755047578,17.602163992984,1.555,Europe & Central Asia,Upper middle income
AL,2017,78.9,5006.36012951959,6.50111914,13.3053911120274,97.5743697537481,18.5552438171978,1.486,Europe & Central Asia,Upper middle income
AL,2018,79.238,5897.65452588774,6.59002447,13.739521828078,98.822387862215,19.0461862321065,1.415,Europe & Central Asia,Upper middle income
AL,2019,79.467,6069.43903131027,6.78144073,14.2480986631067,99.01515356567,15.70470712234,1.395,Europe & Central Asia,Upper middle income
AL,2020,77.824,6027.91350716348,7.46513748,14.7670044100644,95.9294474518951,15.7070036417042,1.371,Europe & Central Asia,Upper middle income
AM,2000,72.8804878048781,593.450581742282,4.19581175,9.14660843411173,86.0512008666992,27.498645550379,1.3,Europe & Central Asia,Upper middle income
AM,2001,72.9756097560976,659.588988535629,4.64563894,9.55277603916158,86.7833099365234,27.4828126677005,1.2,Europe & Central Asia,Upper middle income
AM,2004,73.0268292682927,1130.08791444158,6.05510139,10.8083562803615,88.6511611938477,27.6753386119868,1.4,Europe & Central Asia,Upper middle income
AM,2005,73.0756097560976,1557.48458908655,5.8618803,11.1165828607505,92.0563430786133,27.9304282644128,1.3,Europe & Central Asia,Upper middle income
AM,2006,72.8243902439025,2041.65267068997,5.85007095,11.3035413260602,95.2676467895508,28.4040594680882,1.3,Europe & Central Asia,Upper middle income
AM,2007,72.8731707317073,2962.70234594569,5.49814034,11.3129067684454,96.8182601928711,29.2219860543866,1.4,Europe & Central Asia,Upper middle income
AM,2008,73.0731707317073,3777.66859313767,6.63976622,11.153010652063,96.5329437255859,30.454755880876,1.4,Europe & Central Asia,Upper middle income
AM,2009,73.0731707317073,2820.5926553347,8.44377708,10.9145543744196,102.957763671875,32.172916805124,1.5,Europe & Central Asia,Upper middle income
AM,2010,73.1731707317073,3041.34450723339,9.23538303,10.7247572394866,107.732391357422,34.4470166846987,1.5,Europe & Central Asia,Upper middle income
AM,2011,73.8170731707317,3349.55309771906,9.37588882,10.6448924244267,94.8774032592773,41.8107255386856,1.5,Europe & Central Asia,Upper middle income
AM,2013,74.6219512195122,3680.16692158886,10.32345009,10.7083857139631,86.8721923828125,41.050500477264,1.6,Europe & Central Asia,Upper middle income
AM,2014,74.8731707317073,3852.11800610384,10.17827892,10.7767290281828,86.5204010009766,38.639237611456,1.7,Europe & Central Asia,Upper middle income
AM,2015,74.8707317073171,3512.39350276709,10.11762714,10.923814112631,86.442138671875,38.1148586893988,1.6,Europe & Central Asia,Upper middle income
AM,2018,75.619512195122,4196.00562301769,10.00543404,11.7116892663124,83.0249410833595,34.201366074335,1.6,Europe & Central Asia,Upper middle income
AM,2019,76.2219512195122,4597.22887399548,11.3798008,12.0453317121053,86.8260633029699,32.6618235324139,1.6,Europe & Central Asia,Upper middle income
AM,2020,73.3756097560976,4268.68093304583,12.24056244,12.343281529839,88.5080298201293,30.5796334750125,1.7,Europe & Central Asia,Upper middle income
AO,2000,46.501,563.733795571487,1.68525279,2.67386240277283,13.3690700531006,23.5093420911103,6.639,Sub-Saharan Africa ,Lower middle income
AO,2001,47.032,533.586202412447,3.95882654,2.69953363866782,15.0013399124146,23.6526821946051,6.601,Sub-Saharan Africa ,Lower middle income
AO,2002,47.874,999.065855913758,2.9398222,2.71997445477399,16.1495990753174,23.8200090775863,6.567,Sub-Saharan Africa ,Lower middle income
AO,2008,55.281,4578.15526451517,2.97807598,2.73834722321665,22.7990207672119,24.1723114771848,6.32,Sub-Saharan Africa ,Lower middle income
AO,2009,56.225,3645.14846562976,3.30655909,2.73339143935583,24.3320198059082,24.1720241654505,6.26,Sub-Saharan Africa ,Lower middle income
AO,2010,57.242,4101.63715566712,2.36373854,2.72990245687615,28.2108038778932,24.17805671622,6.194,Sub-Saharan Africa ,Lower middle income
AO,2011,58.093,5184.15269149912,2.35561895,2.72825960098894,29.6869517832747,24.337940171596,6.12,Sub-Saharan Africa ,Lower middle income
AO,2016,61.619,2051.81462126253,2.39068723,2.68501394815556,54.4167987304753,25.1807008149163,5.686,Sub-Saharan Africa ,Lower middle income
AR,2000,73.91,7637.01489203628,8.22001076,9.65977735681297,96.2141189575195,17.42603648416,2.591,Latin America & Caribbean ,Upper middle income
AR,2001,74.154,7141.47507662826,8.26966286,9.72531553667937,97.6240463256836,17.183873772998,2.531,Latin America & Caribbean ,Upper middle income
AR,2002,74.312,2569.69963519124,7.33203077,9.790735571098,96.9965667724609,16.9235142685328,2.493,Latin America & Caribbean ,Upper middle income
AR,2003,74.307,3320.47775133903,6.92670012,9.84463418210391,96.0464477539062,16.6435724137411,2.451,Latin America & Caribbean ,Upper middle income
AR,2004,74.871,4242.02099089422,7.09477043,9.89708976463533,95.4575576782227,16.3426626515998,2.43,Latin America & Caribbean ,Upper middle income
AR,2005,75.231,5067.65342293276,7.73392439,9.96522548078547,93.6376724243164,16.0193994250859,2.426,Latin America & Caribbean ,Upper middle income
AR,2006,75.279,5869.38028970204,7.70940399,10.044713665588,92.4075775146484,15.5877675221277,2.4,Latin America & Caribbean ,Upper middle income
AR,2007,74.783,7185.25155147027,7.86196613,10.1164504485283,92.1874084472656,15.0427292384364,2.37,Latin America & Caribbean ,Upper middle income
AR,2008,75.428,8944.1102657357,8.24087811,10.1938054452007,93.183219909668,14.5043652786628,2.432,Latin America & Caribbean ,Upper middle income
AR,2009,75.577,8150.23527028221,9.56852913,10.2962560290606,96.4056777954102,14.0927563474575,2.4,Latin America & Caribbean ,Upper middle income
AR,2010,75.68,10260.1313108254,9.4852438,10.4021031811045,99.0709991455078,13.9279831494715,2.411,Latin America & Caribbean ,Upper middle income
AR,2011,76.1,12704.2831819684,9.51042366,10.5160940359427,100.884559631348,14.2389306717038,2.393,Latin America & Caribbean ,Upper middle income
AR,2012,75.802,12949.717486654,9.8851881,10.6423346589394,102.709991455078,13.3571618542264,2.304,Latin America & Caribbean ,Upper middle income
AR,2013,75.829,12963.675773326,9.92091465,10.7671573801093,104.540863037109,14.7643699932772,2.335,Latin America & Caribbean ,Upper middle income
AR,2014,76.268,12233.1444119186,9.79773045,10.894142131574,106.038902282715,13.9500593062949,2.386,Latin America & Caribbean ,Upper middle income
AR,2015,76.6,13679.6264980954,10.27364159,11.0315216694284,107.504867553711,14.6245514656634,2.35,Latin America & Caribbean ,Upper middle income
AR,2016,76.105,12699.9623137756,10.05355549,11.1688143183761,109.598327636719,14.2700594540808,2.241,Latin America & Caribbean ,Upper middle income
AR,2017,76.543,14532.5009308511,10.26057911,11.3071247613454,110.377799987793,13.9690174802422,2.168,Latin America & Caribbean ,Upper middle income
AR,2018,76.77,11752.7998922979,10.17289257,11.4636515159043,109.671241760254,14.1850800443346,2.067,Latin America & Caribbean ,Upper middle income
AR,2019,76.847,9955.97478680428,10.11911297,11.6325391913594,110.460151672363,14.3996238920365,1.882,Latin America & Caribbean ,Upper middle income
AR,2020,75.878,8535.59938004389,10.67246342,11.7934339853714,112.376731872559,14.9081737974407,1.601,Latin America & Caribbean ,Upper middle income
AT,2001,78.5756097560976,24430.495982841,9.45243549,15.4633865658572,98.8608627319336,18.9470662603211,1.33,Europe & Central Asia,High income
AT,2002,78.6780487804878,26334.862215032,9.59139919,15.4618807713017,98.9512710571289,18.7785099320798,1.39,Europe & Central Asia,High income
AT,2003,78.6317073170732,32110.1159661425,9.69844246,15.474203955826,99.3974533081055,18.6169292381771,1.38,Europe & Central Asia,High income
AT,2004,79.1804878048781,36614.2506533707,9.81532383,15.733576999106,99.2856369018555,18.4343485142981,1.42,Europe & Central Asia,High income
AT,2005,79.3317073170732,38157.37022862,9.71779728,16.2126667286006,100.199432373047,18.2027920961277,1.41,Europe & Central Asia,High income
AT,2006,79.8804878048781,40382.2078298575,9.64073944,16.6795154741016,100.416679382324,17.8024706211736,1.41,Europe & Central Asia,High income
AT,2007,80.1804878048781,46622.9622913635,9.60482597,17.0280423461531,100.102569580078,17.2316229771279,1.38,Europe & Central Asia,High income
AT,2008,80.4317073170732,51581.3982361071,9.83415222,17.2809727927874,100.126129150391,16.6393158749523,1.42,Europe & Central Asia,High income
AT,2009,80.3317073170732,47857.4446635266,10.31152916,17.531366290654,100.594093322754,16.1746160256084,1.39,Europe & Central Asia,High income
AT,2010,80.5804878048781,46611.1393420232,10.31620026,17.6592449706019,100.263969421387,15.9865901400578,1.44,Europe & Central Asia,High income
AT,2011,80.9829268292683,51116.8953522042,10.1370182,17.7360671109115,99.6729583740234,16.3676317593698,1.43,Europe & Central Asia,High income
AT,2012,80.9365853658537,48250.4059142637,10.30198097,17.9497049255533,100.108726501465,14.7199011900978,1.44,Europe & Central Asia,High income
AT,2013,81.1365853658537,50305.3545774973,10.40574837,18.1994460470678,101.173210144043,14.6599487004805,1.44,Europe & Central Asia,High income
AT,2014,81.490243902439,51314.9722616322,10.51159096,18.3880563664351,101.304809570312,12.9541454673827,1.46,Europe & Central Asia,High income
AT,2015,81.190243902439,43915.228020857,10.51688385,18.4613708048616,101.411582946777,13.5999635409,1.49,Europe & Central Asia,High income
AT,2016,81.6414634146342,45061.4993920192,10.51713753,18.4999156835518,100.227989196777,12.5143795701306,1.53,Europe & Central Asia,High income
AT,2017,81.6439024390244,47163.7425775142,10.57132816,18.6103296736393,100.337898254395,12.1557592255042,1.52,Europe & Central Asia,High income
AT,2018,81.6926829268293,51194.0749841299,10.5157156,18.7625828458159,100.692596435547,12.5861934480679,1.47,Europe & Central Asia,High income
AT,2019,81.8951219512195,49885.9947355204,10.62530422,18.9402993578561,101.543632507324,11.4645937760057,1.46,Europe & Central Asia,High income
AT,2020,81.1926829268293,48716.4098900349,11.41292953,19.169788839314,101.690559387207,10.9335136815146,1.44,Europe & Central Asia,High income
AU,2015,82.4,56970.3613028094,10.13642025,14.8994580007134,159.110763549805,7.18466162026884,1.814,East Asia & Pacific,High income
AU,2016,82.4487804878049,50084.4440606385,10.08958244,15.1508163000494,155.594390869141,7.20069562395068,1.752,East Asia & Pacific,High income
AU,2017,82.5,54117.547718609,10.10880566,15.3876130191621,153.576126098633,7.4285359593217,1.741,East Asia & Pacific,High income
AU,2018,82.7487804878049,57410.1737346009,10.08907509,15.6409676060892,136.105545043945,7.74121920379958,1.74,East Asia & Pacific,High income
AU,2019,82.9,55194.7585097428,10.25421429,15.9450637793133,144.056564331055,9.33099031566264,1.657,East Asia & Pacific,High income
AU,2020,83.2,51983.4523666382,10.70324135,16.3387202762794,137.490737915039,8.25171746070811,1.581,East Asia & Pacific,High income
AZ,2010,70.309,5843.5337683582,2.64634848,5.88788457841308,83.0853181521079,23.1201756676417,1.92,Europe & Central Asia,Upper middle income
AZ,2011,70.565,7189.81869211976,2.59547186,5.74281423702079,82.9176205382172,27.4281061456644,1.96,Europe & Central Asia,Upper middle income
AZ,2012,71.08,7495.86527658099,3.15682149,5.67836231395076,82.762274922741,29.1805878419231,2.0,Europe & Central Asia,Upper middle income
AZ,2013,71.485,7875.34536661549,3.22551084,5.68448285422061,83.1376553563209,28.2339828650537,1.98,Europe & Central Asia,Upper middle income
AZ,2014,71.93,7890.84028062087,3.58703041,5.71573681116396,83.4386600193183,26.4192082058383,1.97,Europe & Central Asia,Upper middle income
AZ,2015,72.349,5500.50364628486,4.34131384,5.79496249814157,84.8098586425184,25.1867220505416,1.94,Europe & Central Asia,Upper middle income
AZ,2016,72.568,3880.6852276838,4.42241955,5.94640301373228,86.5856935803605,24.3527968807853,1.9,Europe & Central Asia,Upper middle income
AZ,2017,72.694,4147.1981423222,4.07396507,6.14013559399226,89.2625164667822,23.2421881518978,1.75,Europe & Central Asia,Upper middle income
AZ,2018,73.016,4739.7943123408,3.83661342,6.3688767423245,108.488781124,23.2360923544978,1.73,Europe & Central Asia,Upper middle income
AZ,2019,73.29,4805.75371765917,4.18188763,6.62764113456588,107.863960509557,22.023834941184,1.81,Europe & Central Asia,Upper middle income
AZ,2020,70.312,4229.91064904503,5.84817696,6.88336854345971,91.365513501165,21.7269999756599,1.7,Europe & Central Asia,Upper middle income
BA,2007,76.162,3931.48948737505,9.25501442,14.2342174661835,80.9894485473633,37.6969528856248,1.19,Europe & Central Asia,Upper middle income
BA,2008,76.3,4841.69311934649,9.48630238,14.5483223811663,85.227912902832,36.5797939203256,1.21,Europe & Central Asia,Upper middle income
BA,2009,76.701,4539.91863774968,9.0152092,14.8252072146098,87.0009307861328,35.6437958683181,1.267,Europe & Central Asia,Upper middle income
BA,2010,76.827,4506.47828548389,9.01212692,15.1145036765984,85.5183715820312,35.2512805561859,1.26,Europe & Central Asia,Upper middle income
BA,2011,76.963,4982.69375768263,9.1712122,15.4536556294134,87.7279968261719,39.4031643248459,1.209,Europe & Central Asia,Upper middle income
BA,2012,77.037,4693.78899115381,9.4791584,15.8713075222333,90.7853088378906,35.5046711262656,1.252,Europe & Central Asia,Upper middle income
BA,2013,77.129,5034.56634817068,9.43616295,16.3229580551331,92.2983932495117,33.7419045514665,1.278,Europe & Central Asia,Upper middle income
BA,2014,77.089,5206.06573475132,9.4710331,16.7737639028408,90.2868576049805,32.4817989014897,1.262,Europe & Central Asia,Upper middle income
BA,2015,77.073,4662.25869219448,9.24086571,17.2535174740777,85.716178894043,33.8055310132726,1.322,Europe & Central Asia,Upper middle income
BA,2016,77.124,4928.5665903114,9.13943481,17.7718389532056,83.1699523925781,30.384676952561,1.36,Europe & Central Asia,Upper middle income
BA,2017,77.385,5345.01978766473,8.81797314,18.338880896671,83.668083190918,30.9018207776211,1.419,Europe & Central Asia,Upper middle income
BA,2018,77.942,6047.84707207392,8.76100445,18.9760112193682,85.6409912109375,32.4989922059154,1.504,Europe & Central Asia,Upper middle income
BA,2019,77.394,6122.37541352353,8.92544365,19.6456887437667,85.5401306152344,26.7157922521039,1.509,Europe & Central Asia,Upper middle income
BA,2020,76.04,6130.31187968266,9.70311832,20.2427175417457,85.5591125488281,26.6019532713554,1.515,Europe & Central Asia,Upper middle income
BB,2000,74.58,11674.6736471764,4.92612553,11.2650393226056,107.564750671387,23.2213661568837,1.933,Latin America & Caribbean ,High income
BB,2001,74.707,11639.5160522054,5.10418987,11.2466204694285,108.259826660156,22.9799910517907,1.955,Latin America & Caribbean ,High income
BB,2002,74.82,11760.4524736133,5.41338634,11.2857186122931,107.798782348633,22.4722090377571,1.862,Latin America & Caribbean ,High income
BB,2003,74.865,12075.9587020649,6.17312717,11.3080187827343,107.189636230469,21.8668760588038,1.856,Latin America & Caribbean ,High income
BB,2004,75.15,12886.3665272467,6.7109499,11.3064819040921,108.061492919922,21.3328480589514,1.797,Latin America & Caribbean ,High income
BB,2005,74.96,14214.4202213572,6.14326382,11.3248308560285,108.776031494141,21.0389809822209,1.738,Latin America & Caribbean ,High income
BB,2006,75.049,15619.6005955511,5.90468073,11.3410481052883,107.878128051758,20.9890500409602,1.702,Latin America & Caribbean ,High income
BB,2007,75.263,17235.4396434785,5.36863089,11.3779242393246,109.740669250488,21.0340484119677,1.755,Latin America & Caribbean ,High income
BB,2008,75.3,17565.6929970592,5.73821974,11.4827044399913,110.919006347656,21.1136589859394,1.756,Latin America & Caribbean ,High income
BB,2009,75.458,16294.9099491834,6.30137348,11.6579266568779,110.282241821289,21.1675646535713,1.77,Latin America & Caribbean ,High income
BB,2010,75.488,20610.5150721363,5.97029495,11.8178994236013,107.682540893555,21.1354483055595,1.785,Latin America & Caribbean ,High income
BB,2011,75.599,20508.1498810382,6.05910301,11.9514085297622,107.300071716309,20.745049418333,1.758,Latin America & Caribbean ,High income
BB,2014,75.926,20192.7084081797,6.09732294,12.6331067584463,108.186309814453,22.3938111163809,1.727,Latin America & Caribbean ,High income
BB,2015,76.055,20424.2087530019,6.09170628,12.9216100935517,108.196029663086,24.1787536225197,1.726,Latin America & Caribbean ,High income
BB,2016,76.168,20295.5672072046,6.19479513,13.2030865798156,108.310737609863,24.4150757393389,1.724,Latin America & Caribbean ,High income
BB,2017,76.237,20284.5762052461,6.0020504,13.5158528184573,109.804237365723,23.2878109296981,1.724,Latin America & Caribbean ,High income
BB,2018,76.378,21381.2426303209,5.83037996,13.8812050137063,108.216751098633,23.2651852221243,1.72,Latin America & Caribbean ,High income
BB,2019,76.495,21912.1501242857,5.67476797,14.2956713458923,106.086326599121,23.3255430894091,1.715,Latin America & Caribbean ,High income
BB,2020,76.647,19194.4919736739,6.7272892,14.7709603902051,104.318992614746,23.7309657842996,1.708,Latin America & Caribbean ,High income
BD,2000,62.049,396.670730249751,1.80504513,3.46140181652951,46.7210006713867,53.2073315873939,3.279,South Asia,Lower middle income
BD,2001,62.836,394.65641001891,1.77201855,3.49633577880817,48.4609718322754,53.5371557711762,3.203,South Asia,Lower middle income
BD,2002,63.591,393.886422327628,1.93417108,3.53929895087049,49.6199493408203,53.9989891679289,3.126,South Asia,Lower middle income
BD,2003,64.288,426.74880754362,1.96152198,3.59350455333156,49.5259017944336,54.4416560238779,3.029,South Asia,Lower middle income
BD,2004,64.912,455.614016909798,1.99854314,3.65582722732927,46.3084297180176,54.7139805852488,2.94,South Asia,Lower middle income
BD,2005,65.509,480.08585075452,2.05873919,3.72492189621939,45.1695098876953,54.6647870982674,2.846,South Asia,Lower middle income
BD,2006,66.048,490.388026533289,2.10646582,3.80177383950799,45.7007904052734,53.1975459498402,2.755,South Asia,Lower middle income
BD,2007,66.458,537.955492792911,2.17268491,3.88738601724917,46.4658813476562,50.0752382318021,2.666,South Asia,Lower middle income
BD,2008,67.047,613.06204104124,2.11878848,3.98311546121115,44.5729598999023,46.4359542477712,2.577,South Asia,Lower middle income
BD,2009,67.527,679.211477428056,2.18321705,4.09030396109955,48.1255798339844,43.417784301366,2.484,South Asia,Lower middle income
BD,2010,68.009,757.385280361508,2.28807664,4.20925466072201,49.5031106793162,42.1588186962047,2.38,South Asia,Lower middle income
BD,2011,68.499,837.336944695647,2.36418128,4.34377354171206,49.7515496494472,52.2951110557553,2.309,South Asia,Lower middle income
BD,2012,68.989,859.680536375497,2.3537879,4.48905587386876,51.6718482971191,65.1638389348551,2.263,South Asia,Lower middle income
BD,2013,69.487,958.262989798283,2.29574466,4.62684307316426,55.6214332189314,64.3758949024465,2.247,South Asia,Lower middle income
BD,2015,70.543,1224.38647668165,2.27217698,4.90260142194805,59.4217414855957,64.1084295201163,2.227,South Asia,Lower middle income
BD,2016,71.075,1649.28380858601,2.38938212,5.07223834276104,64.1664546117285,63.6784141329752,2.227,South Asia,Lower middle income
BD,2017,71.606,1811.08221668646,2.36720181,5.25888905067487,62.3408639225315,58.3439766448258,2.205,South Asia,Lower middle income
BD,2018,72.122,1965.24372731467,2.31622243,5.45814402305543,65.2714888764112,59.513577848333,2.193,South Asia,Lower middle income
BD,2019,72.625,2129.79896954606,2.12712646,5.66255837053046,65.1185413488915,50.3645265388691,2.18,South Asia,Lower middle income
BD,2020,71.421,2248.85078828233,2.18254924,5.835135780086,66.4329548486639,42.3813762359965,2.175,South Asia,Lower middle income
BE,2001,77.9731707317073,23015.0712632462,8.14988899,16.899389905001,155.946166992188,19.0777373545756,1.67,Europe & Central Asia,High income
BE,2002,78.0756097560976,25006.191397109,8.3182106,16.9798372646478,157.648773193359,18.5922693848995,1.65,Europe & Central Asia,High income
BE,2003,78.1292682926829,30655.2092679024,9.18925285,17.0709725854981,158.87922668457,18.1085002652024,1.67,Europe & Central Asia,High income
BE,2004,78.8780487804878,35429.4077933344,9.35496902,17.1755814921989,151.638092041016,17.70163525187,1.72,Europe & Central Asia,High income
BE,2005,78.9804878048781,36809.7013403619,9.25018311,17.2201996099681,157.343399047852,17.4468796012875,1.76,Europe & Central Asia,High income
BE,2006,79.380487804878,38705.1067959147,9.1325655,17.1587511616051,158.685104370117,17.3306080027794,1.8,Europe & Central Asia,High income
BE,2007,79.7829268292683,44319.165448813,9.1392889,17.0787754073517,159.439895629883,17.2634972753458,1.82,Europe & Central Asia,High income
BE,2008,79.6804878048781,48303.397956286,9.60036659,17.0686641068395,160.468811035156,17.2072058698858,1.85,Europe & Central Asia,High income
BE,2009,80.0341463414634,44923.3400135081,10.54393387,17.0993251555047,159.661544799805,17.1233922372982,1.84,Europe & Central Asia,High income
BE,2010,80.1829268292683,44197.393671162,10.41325188,17.1172634557158,160.66047668457,16.9737148284819,1.86,Europe & Central Asia,High income
BE,2011,80.5853658536585,47760.8298776546,10.41302204,17.2510605141588,159.349304199219,16.3662739599691,1.81,Europe & Central Asia,High income
BE,2012,80.3853658536585,44874.1709182123,10.5865345,17.4894292316249,160.110534667969,15.2150084633195,1.8,Europe & Central Asia,High income
BE,2013,80.5878048780488,46964.5946777056,10.63787556,17.7203816464754,161.845886230469,14.3697873081768,1.76,Europe & Central Asia,High income
BE,2014,81.2878048780488,47995.7786961339,10.62032604,17.9621509816265,162.421981811523,12.9003587052878,1.74,Europe & Central Asia,High income
BE,2015,80.9926829268293,40893.804537772,10.88387299,18.1637094668899,164.079818725586,13.3390429399775,1.7,Europe & Central Asia,High income
BE,2016,81.4390243902439,41854.5498296444,10.89833736,18.356666180316,160.689270019531,12.3939007132505,1.68,Europe & Central Asia,High income
BE,2017,81.4926829268293,44035.3239358548,10.94042683,18.584903433857,158.670288085938,12.7691577876359,1.65,Europe & Central Asia,High income
BE,2018,81.5951219512195,47487.2100392561,10.9937973,18.8086209996758,156.509765625,12.4925874999047,1.62,Europe & Central Asia,High income
BE,2019,81.9951219512195,46716.6227467964,10.85831451,19.029838081816,156.635375976562,11.2143791835506,1.6,Europe & Central Asia,High income
BE,2020,80.6951219512195,45906.2875805246,11.46253014,19.224020193227,151.727508544922,11.2160664677018,1.55,Europe & Central Asia,High income
BF,2000,50.808,248.908526921752,4.0211668,2.94366827915754,9.85589981079102,62.3750808075926,6.519,Sub-Saharan Africa ,Low income
BF,2001,51.188,259.485223380436,3.95983911,2.89887329004691,10.0396404266357,62.3379649328232,6.431,Sub-Saharan Africa ,Low income
BF,2003,51.959,362.373899996953,4.42266035,2.82495773753888,11.2848196029663,62.0579085352073,6.28,Sub-Saharan Africa ,Low income
BF,2004,52.6,403.81283743461,5.23083639,2.79361922993636,12.3676996231079,61.8643241754484,6.216,Sub-Saharan Africa ,Low income
BF,2005,53.271,441.164148016012,4.83784914,2.76554037150187,13.3723297119141,61.6679398171137,6.182,Sub-Saharan Africa ,Low income
BF,2006,53.784,455.513655620024,5.17043304,2.74056302942588,14.1544599533081,61.4372319070742,6.17,Sub-Saharan Africa ,Low income
BF,2007,54.377,514.684451177238,5.77535009,2.72033046832556,15.2793703079224,61.0944586765371,6.11,Sub-Saharan Africa ,Low income
BF,2008,55.199,619.437533256264,4.96721601,2.70720266287537,17.9947395324707,60.5949708835501,6.05,Sub-Saharan Africa ,Low income
BF,2009,55.791,601.569520671859,5.19683933,2.70124271601541,19.4353504180908,59.8941192861613,5.992,Sub-Saharan Africa ,Low income
BF,2010,56.343,624.957252224766,5.28967237,2.70027542426055,21.1780201888507,58.9472546424185,5.936,Sub-Saharan Africa ,Low income
BF,2011,57.001,725.024767725475,4.64868164,2.70084614559149,23.1764371916742,55.571613014377,5.869,Sub-Saharan Africa ,Low income
BF,2012,57.457,731.470138867833,4.60267258,2.69625414483231,25.2399681000378,61.7629044746867,5.793,Sub-Saharan Africa ,Low income
BF,2013,57.903,759.762065168498,5.56331587,2.66998914803269,27.6008880705968,48.6056903850732,5.697,Sub-Saharan Africa ,Low income
BF,2014,58.331,764.861675106225,5.00027227,2.62943594437597,29.5668744354491,49.9195641760489,5.595,Sub-Saharan Africa ,Low income
BF,2015,58.778,630.124750752312,5.13192415,2.5964842899372,32.8931343608996,71.873244459767,5.478,Sub-Saharan Africa ,Low income
BF,2016,59.173,663.742364842886,5.95284653,2.57349738145185,34.9336280775566,66.0917117316937,5.331,Sub-Saharan Africa ,Low income
BF,2017,59.578,709.091535894695,6.12075186,2.5594856886159,37.1627510802261,60.3100692778775,5.17,Sub-Saharan Africa ,Low income
BF,2018,59.972,777.465618514048,4.94427681,2.55480791737547,39.6278467471779,58.1036119011901,4.921,Sub-Saharan Africa ,Low income
BF,2019,60.184,764.853077774946,5.35001135,2.55918669789944,40.0770460332282,50.7057233570721,4.681,Sub-Saharan Africa ,Low income
BF,2020,60.454,825.237038782475,6.89469957,2.56884154873602,39.2540084845692,58.4706762025055,4.44,Sub-Saharan Africa ,Low income
BG,2001,71.7682926829268,1770.90704918691,6.85958815,16.8018233571951,80.9440765380859,25.1478971593063,1.21,Europe & Central Asia,High income
BG,2002,71.8658536585366,2092.98288625558,7.0809865,16.9942797215828,83.9819869995117,25.3023954576219,1.23,Europe & Central Asia,High income
BG,2003,72.0658536585366,2719.49436859287,7.19987392,17.1203407509562,88.118782043457,25.4532398256574,1.26,Europe & Central Asia,High income
BG,2004,72.5634146341463,3389.68743360274,6.89090872,17.2259508118662,90.5342712402344,25.5676821490025,1.33,Europe & Central Asia,High income
BG,2005,72.5609756097561,3899.82596332878,6.89011478,17.3371204434747,91.3667678833008,25.6129743132466,1.37,Europe & Central Asia,High income
BG,2006,72.6121951219512,4523.1465578805,6.52544546,17.4502054502091,92.4120101928711,25.3339270509453,1.44,Europe & Central Asia,High income
BG,2007,72.6634146341463,5888.57081403932,6.15651751,17.5726463867662,93.1541595458984,24.6687943735139,1.49,Europe & Central Asia,High income
BG,2008,72.9634146341463,7271.30338858025,6.28281593,17.7279116045502,92.3840713500977,23.8749930848315,1.56,Europe & Central Asia,High income
BG,2009,73.4121951219512,6988.27316296465,6.59577608,17.9095144284968,92.5213775634766,23.2099399887774,1.66,Europe & Central Asia,High income
BG,2010,73.5121951219512,6853.94805511171,7.09477949,18.1472285711578,94.1819229125977,22.9310518892306,1.57,Europe & Central Asia,High income
BG,2011,74.1634146341463,7849.58061302818,7.10250568,18.5190836074404,96.4361267089844,26.1914143794342,1.51,Europe & Central Asia,High income
BG,2012,74.3146341463415,7431.95789508871,7.53903675,18.9492680312808,95.3903503417969,23.0863811610061,1.5,Europe & Central Asia,High income
BG,2013,74.8609756097561,7795.98092108928,7.14167452,19.3546939511256,100.78581237793,21.490052956786,1.54,Europe & Central Asia,High income
BG,2014,74.4658536585366,8069.60005667684,7.68306208,19.7757387242757,104.942199707031,21.9921500133613,1.62,Europe & Central Asia,High income
BG,2015,74.6146341463415,7268.65445473873,7.39363575,20.209781460636,103.889343261719,20.7936901250081,1.64,Europe & Central Asia,High income
BG,2016,74.8121951219512,7822.49923292968,7.45975018,20.5760516337296,103.003921508789,19.979167405734,1.67,Europe & Central Asia,High income
BG,2017,74.8146341463415,8696.68930427924,7.49624491,20.8699557799437,103.46102142334,20.0337858184501,1.71,Europe & Central Asia,High income
BG,2018,74.9634146341464,9849.38397225174,7.34086275,21.1708879702475,104.043922424316,19.7159830127087,1.73,Europe & Central Asia,High income
BG,2019,75.1121951219512,10353.7204584127,7.11813641,21.4794589439076,102.656936645508,17.5380256575647,1.79,Europe & Central Asia,High income
BG,2020,73.3560975609756,10760.211975413,8.44060898,21.6867892994918,101.354942321777,17.1474236131426,1.77,Europe & Central Asia,High income
BH,2000,74.673,14214.4836839343,3.20020556,2.24991617886124,91.4384078979492,68.651142599615,2.798,Middle East & North Africa,High income
BH,2001,74.942,13573.2339887597,3.3434751,2.22235556403228,92.7467269897461,70.059687295923,2.653,Middle East & North Africa,High income
BH,2002,75.209,13501.4708801425,3.52897096,2.18260496744539,85.6890182495117,71.9559586005481,2.699,Middle East & North Africa,High income
BH,2003,75.486,14486.0269029822,3.72810912,2.15721899822009,81.412971496582,73.8799083460396,2.778,Middle East & North Africa,High income
BH,2004,75.787,15963.9493171617,3.35499287,2.14879475627753,80.4924011230469,75.3714883649469,2.774,Middle East & North Africa,High income
BH,2005,76.125,17966.1657837625,3.12594414,2.14426487555275,81.2799224853516,75.9706504898194,2.67,Middle East & North Africa,High income
BH,2006,76.51,19267.282615072,2.98138189,2.13167266226833,83.5526885986328,74.6528084567212,2.464,Middle East & North Africa,High income
BH,2008,77.457,23299.4992780392,3.07321215,2.1058459633082,89.0208892822266,67.7608706862893,2.152,Middle East & North Africa,High income
BH,2009,78.016,19465.3140745038,4.15054226,2.10821933490508,90.1288833618164,64.6190557666771,2.047,Middle East & North Africa,High income
BH,2010,78.593,21819.3291098099,3.92259479,2.15047426568769,90.1969414818577,63.301530702615,1.987,Middle East & North Africa,High income
BH,2011,79.141,25032.7867743333,3.7181015,2.23517644407025,93.2938990893653,66.7273263961034,2.025,Middle East & North Africa,High income
BH,2012,79.622,26438.6733230428,3.95061135,2.30275679662058,98.4732914840696,70.0606736033788,2.11,Middle East & North Africa,High income
BH,2013,79.998,26989.7601148469,4.14491081,2.45568933577155,107.610472634995,68.1447019157403,2.166,Middle East & North Africa,High income
BH,2014,80.214,26451.7965647453,4.2369051,2.62539913226817,104.203846916518,59.1499735070702,2.149,Middle East & North Africa,High income
BH,2015,80.338,23734.0551143019,4.75126362,2.58876355273245,100.303914816394,71.5594978371491,2.113,Middle East & North Africa,High income
BH,2016,80.407,23800.001440631,4.62360859,2.53748590518773,100.583649344321,64.2193035294402,2.042,Middle East & North Africa,High income
BH,2017,80.407,24784.7693514607,4.30236721,2.61201960870313,100.923412884105,61.237494601176,1.984,Middle East & North Africa,High income
BH,2018,80.412,26324.4066549559,3.94324946,2.77238869129833,100.701887411111,71.8872328410934,1.911,Middle East & North Africa,High income
BH,2019,80.471,27259.7438599327,3.78430986,3.00446835284136,102.128281941881,59.9655174851019,1.843,Middle East & North Africa,High income
BI,2001,48.509,132.159554541932,5.68180418,2.38453114955237,9.41998958587646,30.2604722019372,6.849,Sub-Saharan Africa ,Low income
BI,2002,49.924,120.952308575468,5.34983587,2.37315145917814,9.92739963531494,29.9953531299826,6.819,Sub-Saharan Africa ,Low income
BI,2003,50.997,111.406682804391,5.27245188,2.36381297613165,10.2563495635986,29.6795256967738,6.785,Sub-Saharan Africa ,Low income
BI,2004,52.217,125.194965184533,7.09572744,2.3545698224619,11.8093099594116,29.4125346425656,6.746,Sub-Saharan Africa ,Low income
BI,2005,53.053,147.234619294225,7.56016588,2.34294180313706,12.9770698547363,29.2939247076132,6.708,Sub-Saharan Africa ,Low income
BI,2006,53.962,161.892755640319,8.71264839,2.32911978843428,14.3381099700928,29.2878299286332,6.659,Sub-Saharan Africa ,Low income
BI,2007,54.832,166.162744906755,9.1855402,2.31501981040139,15.3361196517944,29.2950472941046,6.588,Sub-Saharan Africa ,Low income
BI,2009,56.422,198.431524048225,9.23238468,2.28916087477985,20.8934001922607,29.3675751299931,6.409,Sub-Saharan Africa ,Low income
BI,2010,57.088,216.727705301976,11.28196716,2.27387364154931,23.7647094726562,29.441963936206,6.26,Sub-Saharan Africa ,Low income
BI,2011,57.804,230.069761381132,10.06996346,2.25646219820625,26.7943801879883,30.469165919309,6.108,Sub-Saharan Africa ,Low income
BI,2012,58.501,231.098787811507,8.63756466,2.24089845847407,29.5732898712158,30.6146104955934,5.991,Sub-Saharan Africa ,Low income
BI,2013,59.179,234.844770150871,8.62834644,2.22888601056743,34.2124507321275,29.7513341993496,5.889,Sub-Saharan Africa ,Low income
BI,2014,59.764,250.544492155185,7.21081543,2.21231245750205,40.2641258748146,31.2135166042476,5.794,Sub-Saharan Africa ,Low income
BI,2015,60.107,254.402585226788,6.29044485,2.22313846109284,43.9351929825496,30.120746318795,5.695,Sub-Saharan Africa ,Low income
BI,2016,60.789,232.937812100153,7.06148243,2.26939910143298,47.4715342848197,30.7630623664928,5.587,Sub-Saharan Africa ,Low income
BI,2017,61.345,246.060725714184,6.95230389,2.31607727699591,48.2243487332289,29.3039698472733,5.481,Sub-Saharan Africa ,Low income
BI,2018,61.806,245.661678332009,7.29396152,2.36073843584262,46.330394174756,28.3384994863636,5.38,Sub-Saharan Africa ,Low income
BI,2019,62.18,234.31061590725,9.05940628,2.40126821487113,41.8352417514484,28.7747369895123,5.271,Sub-Saharan Africa ,Low income
BI,2020,62.569,255.8324539389,10.70776176,2.43506478066639,44.9151717353101,29.6541345084659,5.177,Sub-Saharan Africa ,Low income
BJ,2000,56.594,487.424141384242,2.9591713,3.16257337862881,20.0005397796631,60.5959598706697,5.937,Sub-Saharan Africa ,Lower middle income
BJ,2001,56.654,492.401499509072,3.30417323,3.13676702308318,21.7104396820068,58.959710775616,5.848,Sub-Saharan Africa ,Lower middle income
BJ,2002,56.851,546.463829658159,3.09589195,3.11300616324057,23.5846691131592,55.0537524641043,5.793,Sub-Saharan Africa ,Lower middle income
BJ,2003,57.092,676.002878084282,3.11678505,3.09230804226425,24.9001197814941,50.38184649863,5.763,Sub-Saharan Africa ,Lower middle income
BJ,2004,57.346,758.695803786371,3.23273873,3.07660997654887,26.7041492462158,46.4477544416886,5.718,Sub-Saharan Africa ,Lower middle income
BJ,2011,58.462,1059.41358852588,2.99865556,3.06346377988044,45.7294692993164,47.392759069621,5.436,Sub-Saharan Africa ,Lower middle income
BJ,2013,58.863,1168.92699279226,2.86880755,3.052923551384,52.0378494262695,42.0881252510416,5.41,Sub-Saharan Africa ,Lower middle income
BJ,2014,59.008,1204.39918670094,2.69111967,3.04630456372929,52.5952682495117,42.0112596872744,5.374,Sub-Saharan Africa ,Lower middle income
BJ,2015,59.123,1002.41886879614,2.72813416,3.03762600146945,55.1333084106445,66.6561284323416,5.32,Sub-Saharan Africa ,Lower middle income
BJ,2016,59.283,1010.5338961993,3.62042856,3.03144387791543,55.2945899963379,59.4793406242621,5.254,Sub-Saharan Africa ,Lower middle income
BJ,2020,60.154,1200.19426557789,3.0512166,3.0399645176738,43.9858703613281,51.0478241974862,4.795,Sub-Saharan Africa ,Lower middle income
BN,2000,74.017,20130.2572346624,2.5479064,2.79115506212778,82.8583526611328,7.15237071655279,2.398,East Asia & Pacific,High income
BN,2001,74.209,18287.8272281914,2.5465107,2.83190088346908,84.982307434082,7.14419998443377,2.337,East Asia & Pacific,High income
BN,2002,74.365,18621.2922577525,2.53447938,2.87783851172747,86.768928527832,7.16359869799834,2.264,East Asia & Pacific,High income
BN,2003,74.509,20677.9001143188,2.60260582,2.93275097580466,87.8041305541992,7.18894518991816,2.185,East Asia & Pacific,High income
BN,2004,74.603,24423.0946995548,2.55193377,3.00260264287971,90.8928298950195,7.19861779286489,2.104,East Asia & Pacific,High income
BN,2005,74.683,29386.2703822862,2.23386168,3.08888861027178,93.6873092651367,7.17099483951018,2.024,East Asia & Pacific,High income
BN,2006,74.753,34674.7995236452,1.9072516,3.18445137627258,97.5592575073242,7.04449810766191,1.969,East Asia & Pacific,High income
BN,2007,74.793,36217.3290706015,1.94145441,3.27471031149519,98.3408584594727,6.82039311579094,1.933,East Asia & Pacific,High income
BN,2008,74.814,42156.5685838672,1.87612021,3.34812979594646,98.7723617553711,6.57132380756337,1.918,East Asia & Pacific,High income
BN,2009,74.814,30946.4673773828,2.39306617,3.40080919074431,100.720039367676,6.36993412664528,1.921,East Asia & Pacific,High income
BN,2010,74.82,34937.5555357155,2.27826095,3.43484599777739,101.011688232422,6.28886801670278,1.937,East Asia & Pacific,High income
BN,2011,74.835,46382.8274255349,1.86409724,3.48370070745652,102.111122131348,7.22534325195967,1.957,East Asia & Pacific,High income
BN,2012,74.843,46968.5971164922,1.85097206,3.59148478695324,105.229759216309,7.64174071359111,1.973,East Asia & Pacific,High income
BN,2013,74.854,44003.0644273461,1.898314,3.751440897661,102.392692565918,7.81045226819353,1.978,East Asia & Pacific,High income
BN,2014,74.862,41026.5084247957,1.91436803,3.94036719811974,96.2848663330078,8.03840256929202,1.969,East Asia & Pacific,High income
BN,2015,74.88,30625.1287744656,2.38708901,4.15680292933755,92.8161697387695,7.76801290951484,1.947,East Asia & Pacific,High income
BN,2016,74.905,26663.2972950602,2.54828691,4.40308351498255,90.0986175537109,7.70809372713425,1.915,East Asia & Pacific,High income
BN,2017,74.943,28024.3824580252,2.27022862,4.67856053533962,88.6814727783203,7.23064895379441,1.881,East Asia & Pacific,High income
BN,2018,74.992,30988.1190267227,2.41600895,4.97590847160694,89.1818084716797,7.49485587718805,1.848,East Asia & Pacific,High income
BN,2019,75.049,30426.5730656528,2.23100758,5.28835727839523,88.2910308837891,7.94585811311948,1.819,East Asia & Pacific,High income
BN,2020,75.114,26834.3592233943,2.45359564,5.61350101195006,86.6857810342997,7.59726503432135,1.796,East Asia & Pacific,High income
BO,2000,62.057,975.777060358751,4.39554119,5.25496624546678,72.7576370239258,63.0740137541425,3.991,Latin America & Caribbean ,Lower middle income
BO,2001,62.538,930.168227214313,4.82522202,5.34946444174713,75.7862701416016,61.9481447307606,3.89,Latin America & Caribbean ,Lower middle income
BO,2002,63.068,888.221328974352,4.89645052,5.38843645065638,80.6306991577148,61.185467407628,3.802,Latin America & Caribbean ,Lower middle income
BO,2003,63.455,893.013760211149,5.19709635,5.38118598561437,83.4697265625,60.5276224516758,3.721,Latin America & Caribbean ,Lower middle income
BO,2004,63.819,953.191893246277,4.86315727,5.37593544051459,86.3809967041016,59.7162505298355,3.633,Latin America & Caribbean ,Lower middle income
BO,2005,64.182,1020.12326200737,5.07408142,5.37399580065857,87.4255523681641,58.4929923090383,3.558,Latin America & Caribbean ,Lower middle income
BO,2006,64.529,1202.71150446327,4.66087532,5.37477121968592,86.5906295776367,55.2406960376362,3.533,Latin America & Caribbean ,Lower middle income
BO,2007,64.939,1354.54905949929,4.6968894,5.38086082230676,86.0495986938477,49.4380149483192,3.447,Latin America & Caribbean ,Lower middle income
BO,2008,65.299,1692.67248455876,4.60677242,5.39546937918856,85.3683776855469,42.4702971845256,3.364,Latin America & Caribbean ,Lower middle income
BO,2009,65.656,1731.18172112209,5.17444515,5.41918999731986,83.7523803710938,35.7228908896935,3.287,Latin America & Caribbean ,Lower middle income
BO,2010,66.003,1929.78373077158,5.20230532,5.45220182580732,87.7601876397411,30.5811442072612,3.213,Latin America & Caribbean ,Lower middle income
BO,2011,66.282,2315.52121930607,5.17306805,5.49154893226149,85.300407946135,27.3182933267548,3.143,Latin America & Caribbean ,Lower middle income
BO,2012,66.586,2575.59857098084,5.2539444,5.53104008089916,87.0108512162742,28.0697541353735,3.076,Latin America & Caribbean ,Lower middle income
BO,2013,66.777,2870.02377000756,5.57465124,5.55753826956574,88.7650557098116,26.0957496962253,3.01,Latin America & Caribbean ,Lower middle income
BO,2014,66.97,3041.43503162408,5.89613628,5.56754270264645,89.4564819756877,26.9415449050283,2.947,Latin America & Caribbean ,Lower middle income
BO,2015,67.205,2996.01289811344,6.55064964,5.57956840423779,90.6139031958796,27.4574711709407,2.886,Latin America & Caribbean ,Lower middle income
BO,2016,67.392,3035.87347732132,6.83333063,5.60108593728302,90.6152852803158,28.0546140290721,2.829,Latin America & Caribbean ,Lower middle income
BO,2017,67.536,4048.40119739839,6.4901948,5.62693883757342,89.4000212849504,26.5418633872389,2.777,Latin America & Caribbean ,Lower middle income
BO,2018,67.699,4206.8552936661,6.60399437,5.65831749558234,88.7218999579042,25.1667590386614,2.73,Latin America & Caribbean ,Lower middle income
BO,2019,67.82,4203.15492855788,6.88792992,5.69637597867023,88.8235046622532,24.4849924422413,2.688,Latin America & Caribbean ,Lower middle income
BO,2020,62.906,3580.96761778303,8.0225811,5.65359738892874,88.8672369779995,22.879459074231,2.651,Latin America & Caribbean ,Lower middle income
BR,2012,74.335,12521.7238454434,7.73637724,7.11476668920292,94.5829467773438,14.6007414104339,1.766,Latin America & Caribbean ,Upper middle income
BR,2013,74.609,12458.8903396625,7.9766016,7.37028483055902,104.086219787598,13.8897320409453,1.761,Latin America & Caribbean ,Upper middle income
BR,2014,74.823,12274.9941630213,8.39644146,7.65357587023447,102.780311584473,13.7916487838641,1.775,Latin America & Caribbean ,Upper middle income
BR,2015,75.106,8936.1955889444,8.90929985,7.95680732355772,101.086227416992,12.4042007642389,1.777,Latin America & Caribbean ,Upper middle income
BR,2016,75.081,8836.28546025694,9.16901684,8.26857395268557,102.692901611328,12.1085038135727,1.727,Latin America & Caribbean ,Upper middle income
BR,2017,75.383,10080.5078722821,9.47125053,8.5916529152697,102.989486694336,12.2193388464901,1.74,Latin America & Caribbean ,Upper middle income
BR,2018,75.633,9300.66072904004,9.46475029,8.92785021515533,104.818481445312,12.2516401526844,1.744,Latin America & Caribbean ,Upper middle income
BR,2019,75.809,9029.83304401079,9.61449146,9.27307434876159,103.667556762695,12.3488400923542,1.705,Latin America & Caribbean ,Upper middle income
BR,2020,74.506,7074.19407495707,9.62326527,9.59866487647293,103.882659912109,12.1793252040724,1.653,Latin America & Caribbean ,Upper middle income
BS,2002,73.023,26781.6195938652,3.81251931,7.13088108463455,93.4659576416016,19.0753103174537,1.984,Latin America & Caribbean ,High income
BS,2004,73.235,26650.2934234303,4.04628181,7.62238729538351,85.4551467895508,18.2584252989849,1.98,Latin America & Caribbean ,High income
BS,2005,73.413,28602.4181869995,4.03196478,7.88484242237434,86.3187637329102,17.9853670245837,2.008,Latin America & Caribbean ,High income
BS,2006,73.456,29184.7865087908,4.30935764,8.14438464298529,86.5019989013672,17.814365511527,2.019,Latin America & Caribbean ,High income
BS,2007,73.463,30051.8489587756,4.49598694,8.38935909173885,89.3580932617188,17.6627411474599,2.035,Latin America & Caribbean ,High income
BS,2008,73.445,29392.3824416397,4.86261654,8.62447137206611,89.3178863525391,17.540683294308,1.999,Latin America & Caribbean ,High income
BS,2009,73.455,27512.9130950084,5.1500144,8.88440230423638,89.0210571289062,17.4583813139968,2.011,Latin America & Caribbean ,High income
BS,2010,73.449,27473.100430502,5.25594234,9.15675109360437,91.0886370856719,17.4260245684517,1.837,Latin America & Caribbean ,High income
BS,2011,73.571,27090.8376801379,5.32398558,9.40550777582594,89.2416368950958,17.6418562262103,1.791,Latin America & Caribbean ,High income
BS,2012,73.707,28552.0242683151,5.3190918,9.63700114123784,92.1807628524046,18.0358159965462,1.761,Latin America & Caribbean ,High income
BS,2013,73.93,27642.7419759179,5.68411207,9.84963834565236,84.6595407759303,17.7211235938828,1.738,Latin America & Caribbean ,High income
BS,2014,74.029,29137.2175632622,5.64133978,10.0400734505543,91.6218404766036,18.5387484151285,1.687,Latin America & Caribbean ,High income
BS,2015,73.805,30719.405417469,5.244627,10.2099019972933,76.0440338812974,19.1256311837319,1.574,Latin America & Caribbean ,High income
BS,2016,74.042,30616.5363157284,5.65515327,10.3648833736411,85.0686327399149,18.49778336767,1.495,Latin America & Caribbean ,High income
BS,2017,74.031,31875.4881749619,6.6036396,10.5142323008566,92.6182585115999,18.3612464143857,1.424,Latin America & Caribbean ,High income
BS,2018,74.062,32642.3353203452,5.83890343,10.66759184401,80.8808929269834,18.5796799431178,1.404,Latin America & Caribbean ,High income
BS,2019,71.408,33640.3369861278,5.70484161,10.8243628610412,78.566734376867,18.5659528939643,1.397,Latin America & Caribbean ,High income
BT,2000,61.842,771.924911410619,4.13867903,3.76166725027351,30.5185794830322,32.573840359233,3.378,South Asia,Lower middle income
BT,2001,63.323,812.238210772056,4.60037947,3.9609885157774,33.8684310913086,32.9160069856681,3.188,South Asia,Lower middle income
BT,2005,65.875,1299.94938578359,3.83308983,4.69219199369056,43.8849105834961,34.0737247294978,2.726,South Asia,Lower middle income
BT,2006,66.499,1405.6071618158,4.08523893,4.78168215688891,46.4304084777832,33.1496223788183,2.66,South Asia,Lower middle income
BT,2007,67.152,1850.41570433398,3.83774948,4.85344976209808,50.2249412536621,31.1047418968965,2.589,South Asia,Lower middle income
BT,2008,67.733,1919.59774896395,3.14842224,4.93296802003055,53.5040893554688,28.700905063469,2.481,South Asia,Lower middle income
BT,2009,68.156,1918.39599211093,3.29665017,5.02076404779333,58.5537414550781,26.6999336582723,2.364,South Asia,Lower middle income
BT,2010,68.765,2435.5798056672,3.25758624,5.11486078172033,62.9354400634766,25.8636494610431,2.252,South Asia,Lower middle income
BT,2011,69.28,2787.97967608562,3.02062726,5.21210865308574,66.9861221313477,30.4700767007183,2.155,South Asia,Lower middle income
BT,2012,69.759,2751.2128864294,3.25988412,5.31020334472127,72.1302185058594,38.1315714688966,2.068,South Asia,Lower middle income
BT,2013,70.161,2679.95217201538,3.34862685,5.41099696252308,76.680793762207,37.4162437152675,2.0,South Asia,Lower middle income
BT,2014,70.504,2849.49998647303,3.23226452,5.51675363283522,84.1404190063477,40.2981530542455,1.923,South Asia,Lower middle income
BT,2015,70.797,2954.04081911097,3.43653083,5.63326843257928,85.2313079833984,37.4856911286561,1.835,South Asia,Lower middle income
BT,2016,71.119,3152.30905106786,3.27756715,5.76252965103374,85.6766128540039,36.9416122831151,1.738,South Asia,Lower middle income
BT,2017,71.413,3435.28804735662,3.11215067,5.83666795035889,86.5600433349609,33.8115150358203,1.621,South Asia,Lower middle income
BT,2018,71.711,3400.20417245342,3.06896734,5.86666298128749,87.5722870683987,34.0838819368766,1.517,South Asia,Lower middle income
BT,2019,72.005,3576.87987100503,3.37511158,5.92796512661737,90.6185575459377,30.051897764158,1.448,South Asia,Lower middle income
BT,2020,72.253,3191.66906999331,4.08451509,6.01800505450607,89.7711428873908,23.9456576369223,1.502,South Asia,Lower middle income
BW,2000,52.263,3450.81180622992,6.10838556,3.34229074167639,76.1968231201172,19.7205372229834,3.294,Sub-Saharan Africa ,Upper middle income
BW,2001,52.21,3206.07123689853,6.3660779,3.36124196526917,75.3002014160156,19.8390729796528,3.248,Sub-Saharan Africa ,Upper middle income
BW,2002,52.373,3117.25087183011,6.66529799,3.38152040750532,75.8795700073242,19.9863544347096,3.175,Sub-Saharan Africa ,Upper middle income
BW,2003,52.851,4230.12326909926,6.40933847,3.40047636572205,76.5648727416992,20.1595337663207,3.106,Sub-Saharan Africa ,Upper middle income
BW,2004,53.573,4956.69287735214,6.09125996,3.41331026934182,78.3988189697266,20.3557631526527,3.063,Sub-Saharan Africa ,Upper middle income
BW,2005,54.386,5391.07076619634,5.26532936,3.41925030858041,79.5636215209961,20.5721947718722,3.082,Sub-Saharan Africa ,Upper middle income
BW,2006,55.112,5291.58379144849,4.87599421,3.41880159497129,81.6948394775391,20.8504779384467,3.114,Sub-Saharan Africa ,Upper middle income
BW,2007,56.735,5529.12574632532,5.52080727,3.41468532090555,82.4867095947266,21.2070575460146,3.127,Sub-Saharan Africa ,Upper middle income
BW,2008,57.661,5503.07395314313,5.89747286,3.40871823445534,77.806510925293,21.6012791414985,3.131,Sub-Saharan Africa ,Upper middle income
BY,2008,70.4560975609756,6376.17569162063,5.29448891,14.5229825555929,115.713592529297,21.364516390716,1.488,Europe & Central Asia,Upper middle income
BY,2009,70.4073170731707,5352.48809190697,5.3906498,14.2317086267164,113.701538085938,21.220548500292,1.509,Europe & Central Asia,Upper middle income
BY,2010,70.4048780487805,6034.67885177216,5.65694332,13.9454868247262,111.028998547015,20.9366064365372,1.494,Europe & Central Asia,Upper middle income
BY,2011,70.5536585365854,6527.6593428786,4.87452745,13.7427575035088,108.98986744867,18.6953550823705,1.515,Europe & Central Asia,Upper middle income
BY,2012,71.9658536585366,6953.21591683101,5.24538946,13.7397758540787,107.657786407767,18.0675396231787,1.62,Europe & Central Asia,Upper middle income
BY,2013,72.4707317073171,7998.0802045456,5.69563103,13.8439326604506,104.523124130077,18.9735248940446,1.668,Europe & Central Asia,Upper middle income
BY,2014,72.9707317073171,8341.31809294883,5.38792181,14.0572639870913,103.510351178762,19.3974713758219,1.696,Europe & Central Asia,Upper middle income
BY,2015,73.6243902439025,5967.05595058777,6.06528044,14.3137668458221,102.895731001158,17.6059281150121,1.724,Europe & Central Asia,Upper middle income
BY,2016,73.8268292682927,5039.77560949445,5.91054153,14.5402754703135,102.969005936733,15.8319434819688,1.733,Europe & Central Asia,Upper middle income
BY,2017,74.1292682926829,5785.54491935194,5.75974846,14.797647947019,102.480850468241,15.7775132293532,1.541,Europe & Central Asia,Upper middle income
BY,2018,74.1756097560976,6360.037502312,5.52699471,15.0511533137392,101.596010989492,16.9825400264261,1.448,Europe & Central Asia,Upper middle income
BY,2019,74.2268292682927,6837.77339645635,5.86133814,15.3719450417652,100.438744155791,15.6177925850738,1.382,Europe & Central Asia,Upper middle income
BY,2020,72.1385609756098,6542.85579976768,6.40607214,15.7337858081494,100.575710351095,14.6089903841381,1.369,Europe & Central Asia,Upper middle income
BZ,2000,68.911,4726.50675459616,2.93866777,3.96347160910137,67.7030181884766,27.2006760965356,3.633,Latin America & Caribbean ,Upper middle income
BZ,2001,68.944,4718.77715104739,3.45384741,3.98464440360176,69.2901992797852,26.9932961587769,3.526,Latin America & Caribbean ,Upper middle income
BZ,2003,69.819,4959.74012434605,3.5292151,3.96845856395481,75.2354507446289,25.9062363191074,3.335,Latin America & Caribbean ,Upper middle income
BZ,2004,70.152,5153.71308265363,3.41825557,3.96630700232067,76.6425094604492,25.2757877653807,3.252,Latin America & Caribbean ,Upper middle income
BZ,2005,70.335,5270.41479135312,3.43729496,3.96917747617796,75.2656326293945,24.7535476878486,3.173,Latin America & Caribbean ,Upper middle income
BZ,2006,70.535,5524.78167834986,3.54883528,3.9735513419724,76.0926818847656,24.2589002528347,3.021,Latin America & Caribbean ,Upper middle income
BZ,2007,70.652,5762.21023302938,4.05345058,3.97534616683553,75.4892196655273,23.6963824128613,2.885,Latin America & Caribbean ,Upper middle income
BZ,2008,70.665,5711.81458859709,4.51286459,3.97931407224633,75.4095230102539,23.1683390213192,2.78,Latin America & Caribbean ,Upper middle income
BZ,2009,70.806,5399.67100001919,4.50473404,3.99022436615123,75.1112899780273,22.777114931599,2.659,Latin America & Caribbean ,Upper middle income
BZ,2010,70.875,5461.40735999001,4.47716761,3.98694749332542,75.6223037349759,22.6250549970911,2.552,Latin America & Caribbean ,Upper middle income
BZ,2011,70.975,5596.05222152289,4.52904415,3.97344316188917,76.1272789038614,25.0167214312121,2.531,Latin America & Caribbean ,Upper middle income
BZ,2012,71.134,5732.66519942347,4.34283972,3.9768071910865,78.8095397154118,23.7091047742089,2.51,Latin America & Caribbean ,Upper middle income
BZ,2013,71.276,5957.34953619006,4.42128754,3.99543947053365,80.6694303700292,26.8732782139428,2.498,Latin America & Caribbean ,Upper middle income
BZ,2014,71.437,6128.12053089077,4.87071466,4.02797182755483,80.3583033664053,26.766330789615,2.474,Latin America & Caribbean ,Upper middle income
BZ,2015,71.647,6154.62264230369,4.65988731,4.07610297109726,81.2936199454549,27.5566748212023,2.433,Latin America & Caribbean ,Upper middle income
BZ,2016,71.843,6140.86713919469,4.77207184,4.1311470914849,87.7313726328389,25.608806996967,2.396,Latin America & Caribbean ,Upper middle income
BZ,2017,72.062,6071.85451846453,4.62228823,4.19438292718545,86.323893201399,26.1751165590281,2.368,Latin America & Caribbean ,Upper middle income
BZ,2018,72.322,6011.99036888587,4.75529861,4.27416290027129,86.2833561409511,26.7474102969967,2.343,Latin America & Caribbean ,Upper middle income
BZ,2019,72.577,6171.61449761423,4.81608105,4.37513040120157,87.4526596660355,26.1465334719171,2.142,Latin America & Caribbean ,Upper middle income
BZ,2020,71.58,5238.54078175696,5.33901167,4.48553842453459,86.1886596150512,28.6518070195516,2.04,Latin America & Caribbean ,Upper middle income
CA,2000,79.1668292682927,24271.0020563821,8.24808502,12.5363093892577,101.992736816406,9.79565640755295,1.51,North America,High income
CA,2005,80.1126829268293,36383.6600068095,9.03529835,13.0466474392723,100.274856567383,9.57426090765544,1.58,North America,High income
CA,2006,80.5436585365854,40504.0370977806,9.33188725,13.2121185240005,100.449310302734,9.40182085213359,1.63,North America,High income
CA,2007,80.5436585365854,44660.0838892281,9.4346962,13.4074353506841,101.272247314453,9.08026235211045,1.67,North America,High income
CA,2008,80.7246341463415,46710.2526864484,9.59427929,13.6209286442365,102.278419494629,8.66701975000882,1.7,North America,High income
CA,2009,81.0660975609756,40874.8831932903,10.70402527,13.8518496981519,102.979949951172,8.21952738825148,1.69,North America,High income
CA,2010,81.3221951219512,47560.6666009406,10.70066547,14.1094023482861,102.510261535645,7.79521960926122,1.65,North America,High income
CA,2011,81.4826829268293,52223.8588398531,10.40518665,14.4296808152056,102.823951721191,7.37287638245787,1.63,North America,High income
CA,2012,81.6636585365854,52670.3447335415,10.5407114,14.8206990584527,110.873832702637,7.58558915249491,1.63,North America,High income
CA,2013,81.7448780487805,52638.1187235237,10.43559265,15.2286887935879,111.407608032227,7.26096632331949,1.61,North America,High income
CA,2014,81.7843902439025,50960.8431174661,10.28115654,15.6232441846315,111.68155670166,7.38092988336422,1.61,North America,High income
CA,2015,81.8258536585366,43594.1941045394,10.76397896,16.0101997556659,111.737281799316,7.11576183142395,1.6,North America,High income
CA,2016,81.94,42314.0615817218,11.05626965,16.3881021891164,111.607330322266,6.40675155079521,1.59,North America,High income
CA,2017,81.8078048780488,45129.628116623,10.9242115,16.7582136912329,111.974517822266,7.04492025305158,1.55,North America,High income
CA,2018,81.8036585365854,46539.1761570405,10.92262077,17.1296813071885,111.833679199219,7.09175111254794,1.51,North America,High income
CA,2019,82.1585365853659,46352.8693445211,11.04823494,17.5318595224519,110.980072021484,6.22680169266749,1.47,North America,High income
CA,2020,81.53,43537.839298904,13.01732922,17.9854084818723,109.628059387207,6.56566994375263,1.41,North America,High income
CD,2007,54.954,294.101615124419,3.89384961,3.06698935006496,33.6185607910156,26.5117141592672,6.559,Sub-Saharan Africa ,Low income
CD,2008,55.388,352.900363371995,4.31254816,3.08287008100173,35.8376388549805,26.2893989003023,6.58,Sub-Saharan Africa ,Low income
CD,2009,55.798,280.178991035792,4.51133156,3.09858103448826,37.3938407897949,26.1056837144972,6.591,Sub-Saharan Africa ,Low income
CD,2010,56.411,352.400398754692,3.72224283,3.11379145067778,37.0387916564941,26.029435218018,6.587,Sub-Saharan Africa ,Low income
CD,2011,56.911,372.514273875789,3.19435549,3.12755191700063,38.9499206542969,26.6005338893647,6.582,Sub-Saharan Africa ,Low income
CD,2012,57.35,409.931424783784,3.2215035,3.138285403807,38.8012313842773,26.7077484248202,6.559,Sub-Saharan Africa ,Low income
CD,2013,57.795,460.370334930107,3.34057522,3.14170208114209,38.5140419006348,26.1166767334607,6.527,Sub-Saharan Africa ,Low income
CD,2014,58.236,489.175952097319,3.72520614,3.13660116248764,41.1783905029297,26.9058681895875,6.483,Sub-Saharan Africa ,Low income
CD,2015,58.658,495.826633014883,3.74785447,3.12697957146724,42.1804618835449,28.461870876218,6.437,Sub-Saharan Africa ,Low income
CF,2001,46.734,237.951702544735,4.01043987,2.27643311484386,10.9798498153687,33.9305726911431,5.807,Sub-Saharan Africa ,Low income
CF,2002,46.84,248.639290978403,4.23633623,2.24145688644316,10.9962396621704,33.5016255789717,5.785,Sub-Saharan Africa ,Low income
CF,2011,50.107,534.057281471636,3.67561865,1.86645342196088,15.9189596176147,34.7387675481675,6.009,Sub-Saharan Africa ,Low income
CF,2012,51.336,544.395849142785,3.91814446,1.88120493236819,15.6197595596313,36.1271180308768,6.047,Sub-Saharan Africa ,Low income
CF,2016,50.999,387.176203444318,5.44402313,2.03200758815304,13.9465503692627,34.4108147859314,6.126,Sub-Saharan Africa ,Low income
CF,2017,45.231,432.324025684263,6.66541576,2.09752330781376,15.8074398040772,33.885383156685,6.127,Sub-Saharan Africa ,Low income
CG,2002,56.414,905.538135544704,1.70167828,3.0735468155757,36.9716186523438,27.5563371013383,4.697,Sub-Saharan Africa ,Lower middle income
CG,2003,57.131,1016.82363412143,1.91852403,3.0547899188929,38.03369140625,27.9068073673279,4.696,Sub-Saharan Africa ,Lower middle income
CG,2004,57.957,1306.10136324599,1.92152369,3.02342917818662,42.6813201904297,28.168416124173,4.69,Sub-Saharan Africa ,Lower middle income
CG,2012,62.662,3732.32737320389,1.90971065,2.69249754770117,50.520320892334,28.5447582283734,4.785,Sub-Saharan Africa ,Lower middle income
CH,2000,79.6804878048781,38865.021939688,9.13442421,15.3331918616722,94.5499114990234,16.3078475386111,1.5,Europe & Central Asia,High income
CH,2001,80.1804878048781,39638.7911061864,9.46040058,15.4538977654197,94.758171081543,15.9380919403534,1.38,Europe & Central Asia,High income
CH,2002,80.3853658536585,42458.7384679187,9.88000107,15.5366057258167,93.588623046875,15.5090403870949,1.39,Europe & Central Asia,High income
CH,2003,80.5365853658537,49335.7456291067,10.13696766,15.6013399974119,93.3511962890625,15.0665117216973,1.39,Europe & Central Asia,High income
CH,2004,81.0878048780488,54659.4571488233,10.22576523,15.7115512057544,93.2228698730469,14.6563247870221,1.42,Europe & Central Asia,High income
CH,2005,81.2365853658537,56242.8933645639,10.05823421,15.8531022603741,93.8099594116211,14.3242984259311,1.42,Europe & Central Asia,High income
CH,2006,81.490243902439,59011.0324592016,9.5802002,16.0353086424045,94.1694793701172,14.0354502149848,1.44,Europe & Central Asia,High income
CH,2007,81.7414634146342,64989.1553256031,9.41693783,16.2382853828057,95.0716171264648,13.7482163874631,1.46,Europe & Central Asia,High income
CH,2008,81.9926829268293,74175.1927898555,9.53167725,16.4219925126882,95.5135726928711,13.4985437713066,1.48,Europe & Central Asia,High income
CH,2009,82.0439024390244,71568.3123885672,10.1415062,16.6258919865153,95.8478317260742,13.3223791944562,1.5,Europe & Central Asia,High income
CH,2010,82.2463414634147,76531.3729407691,9.9907856,16.8296381939452,96.6068572998047,13.2556694848526,1.52,Europe & Central Asia,High income
CH,2011,82.6951219512195,90476.7589651577,10.10393143,17.0508296205201,97.1951599121094,13.864731836329,1.52,Europe & Central Asia,High income
CH,2012,82.6975609756098,85836.2076767359,10.33511066,17.3026342972398,98.3727416992188,12.6827485821719,1.52,Europe & Central Asia,High income
CH,2013,82.7975609756098,87304.3305813557,10.59444523,17.5205488628266,101.221382141113,12.4432960759198,1.52,Europe & Central Asia,High income
CH,2015,82.8975609756098,83806.4476003837,10.97983074,17.8893566752222,103.913391113281,11.7226082380351,1.54,Europe & Central Asia,High income
CH,2016,83.6024390243903,82153.0745447889,11.20248795,18.0385893516831,104.09513092041,10.6566460014216,1.54,Europe & Central Asia,High income
CH,2017,83.5512195121951,82254.3769269767,11.37471581,18.2004755827912,103.900062561035,9.91481464472654,1.52,Europe & Central Asia,High income
CH,2018,83.7536585365854,85217.3691512274,11.19891071,18.3875840156537,104.188026428223,10.1481592849367,1.52,Europe & Central Asia,High income
CH,2019,83.9048780487805,84121.9310304414,11.42588997,18.582145616847,104.071113586426,9.45001875443382,1.48,Europe & Central Asia,High income
CH,2020,83.0,85897.7843338323,11.98960876,18.75153888659,104.211616516113,9.06104968621636,1.46,Europe & Central Asia,High income
CI,2014,57.772,1991.36539423404,3.7310183,2.55425407887274,40.4629922041554,38.9323349133904,5.071,Sub-Saharan Africa ,Lower middle income
CI,2015,58.281,1814.71855088017,3.2198832,2.5199471963117,43.9865647318392,61.954609777616,4.97,Sub-Saharan Africa ,Lower middle income
CI,2016,58.814,1862.59597081287,3.32101274,2.49670206949143,46.2425069943643,55.6539855341019,4.873,Sub-Saharan Africa ,Lower middle income
CI,2017,59.315,1964.29930338343,3.24693036,2.48395717689405,49.0863555848622,50.6654421695962,4.757,Sub-Saharan Africa ,Lower middle income
CI,2018,59.795,2130.86619381144,3.0916779,2.48160762899374,51.072614509286,50.8958061004876,4.596,Sub-Saharan Africa ,Lower middle income
CI,2019,60.274,2141.76836170115,3.18916845,2.48842186373225,53.791930617454,44.3324266688486,4.523,Sub-Saharan Africa ,Lower middle income
CI,2020,60.14,2179.72934832935,3.62327886,2.49608258726879,55.4380323721262,49.4977827339493,4.461,Sub-Saharan Africa ,Lower middle income
CL,2000,77.128,5052.99245766325,7.00020742,8.17687271404416,86.9013595581055,28.0634138695562,2.046,Latin America & Caribbean ,High income
CL,2002,77.84,4430.84741157984,7.20833778,8.55085048797839,89.4216384887695,27.5666336657884,1.934,Latin America & Caribbean ,High income
CL,2003,77.884,4773.40177520754,7.25047779,8.73221341373063,90.6209564208984,27.1654672454526,1.885,Latin America & Caribbean ,High income
CL,2004,78.276,6120.59152055344,6.91028595,8.91060636560533,91.0151062011719,26.6987521826339,1.844,Latin America & Caribbean ,High income
CL,2005,78.459,7480.32330998636,6.62372065,9.08977750782895,92.0045623779297,26.193715154696,1.825,Latin America & Caribbean ,High income
CL,2006,78.533,9318.65655296121,6.07235622,9.26621223100861,91.9973297119141,25.4313218784945,1.798,Latin America & Caribbean ,High income
CL,2007,78.652,10346.4138184533,6.21259642,9.4414083895645,91.5507965087891,24.358253457235,1.826,Latin America & Caribbean ,High income
CL,2008,78.752,10683.2188772511,6.73954487,9.61801564322036,91.5420074462891,23.2503096478062,1.85,Latin America & Caribbean ,High income
CL,2009,78.89,10098.8017167286,7.25026846,9.80308006643609,89.8597564697266,22.3832902070972,1.855,Latin America & Caribbean ,High income
CL,2010,79.095,12632.8704724192,6.81958389,9.99766376136516,90.99951171875,22.0329948919966,1.844,Latin America & Caribbean ,High income
CL,2011,79.236,14487.3927832032,6.79947519,10.203500031452,90.9826202392578,22.8717891996678,1.823,Latin America & Caribbean ,High income
CL,2012,79.221,15241.9069981119,7.01951265,10.4269940743025,89.5031433105469,21.9147180810935,1.798,Latin America & Caribbean ,High income
CL,2013,79.551,15683.5486369155,7.47552681,10.6787544856729,99.1520767211914,23.7625028118101,1.786,Latin America & Caribbean ,High income
CL,2014,79.714,14529.6767206336,7.84150171,10.9545770184439,99.8654403686523,23.0317537681692,1.774,Latin America & Caribbean ,High income
CL,2015,80.008,13433.9202987032,8.3513937,11.2496571917453,100.921676635742,24.2782298076617,1.737,Latin America & Caribbean ,High income
CL,2016,80.295,13649.8520452803,8.55767059,11.5448975094543,101.488136291504,24.2218424802596,1.686,Latin America & Caribbean ,High income
CL,2017,80.61,14879.9086227187,9.090518,11.8130834222508,102.294822692871,23.4116041349236,1.563,Latin America & Caribbean ,High income
CL,2018,80.559,15659.4808675628,9.15040398,12.0636582777361,103.173049926758,23.0512130318909,1.543,Latin America & Caribbean ,High income
CL,2019,80.324,14495.716721687,9.30968475,12.3260602912509,104.405769348145,22.7323927701622,1.43,Latin America & Caribbean ,High income
CL,2020,79.349,13114.815470545,9.69734573,12.6268157391316,103.691688537598,23.2750668049145,1.307,Latin America & Caribbean ,High income
CM,2000,53.338,708.565731625965,4.29573393,3.32752148162185,28.4606399536133,45.7765448305697,5.514,Sub-Saharan Africa ,Lower middle income
CM,2001,53.598,715.470296470585,4.16830397,3.2979673621405,33.5832786560059,45.2627171572148,5.441,Sub-Saharan Africa ,Lower middle income
CM,2002,53.922,789.623811072554,4.02669907,3.26921624727692,29.3418807983398,44.0134690694333,5.435,Sub-Saharan Africa ,Lower middle income
CM,2003,54.253,988.241276791846,3.90227985,3.23956055380023,30.9356803894043,42.4671529656498,5.432,Sub-Saharan Africa ,Lower middle income
CM,2004,54.578,1133.39326749673,3.72798991,3.20704615081285,27.5096206665039,41.0621212442889,5.436,Sub-Saharan Africa ,Lower middle income
CM,2005,54.904,1142.62466252106,3.77274442,3.17184115768726,28.0079002380371,40.2367263037752,5.421,Sub-Saharan Africa ,Lower middle income
CM,2006,55.301,1191.45458990968,3.73662829,3.13651424541078,24.4080104827881,39.9040005509672,5.369,Sub-Saharan Africa ,Lower middle income
CM,2007,55.71,1325.67248215933,3.79498792,3.10213698738209,33.4497184753418,39.6581260562121,5.343,Sub-Saharan Africa ,Lower middle income
CM,2008,56.116,1492.14269801453,3.65843678,3.06889612401039,37.8488082885742,39.4591797131676,5.294,Sub-Saharan Africa ,Lower middle income
CM,2009,56.486,1461.38999232337,3.49997187,3.03722300336976,41.7743606567383,39.2672384154914,5.236,Sub-Saharan Africa ,Lower middle income
CM,2011,57.482,1513.96056994878,3.85282946,2.97918623057429,49.8732461065506,38.5923305752451,5.052,Sub-Saharan Africa ,Lower middle income
CM,2012,58.17,1449.09874362279,3.9310236,2.9492089897854,53.102088720007,41.8537414482327,4.982,Sub-Saharan Africa ,Lower middle income
CM,2013,58.73,1575.92882118897,3.63136435,2.91454789879404,54.9012784916851,37.1006966036381,4.905,Sub-Saharan Africa ,Lower middle income
CM,2014,59.13,1649.4433905949,4.34148788,2.87719437261096,59.1253563645436,37.009069026736,4.844,Sub-Saharan Africa ,Lower middle income
CM,2015,59.687,1415.00009710569,4.12600517,2.84572861421998,60.4960883608074,51.9499452409616,4.841,Sub-Saharan Africa ,Lower middle income
CM,2016,60.293,1441.7201725688,4.02253723,2.82198107998873,61.4037045147156,44.7692534342126,4.842,Sub-Saharan Africa ,Lower middle income
CN,2000,72.288,969.199513696287,4.4535861,7.01747574076251,59.4924812316895,50.299193183916,1.628,East Asia & Pacific,Upper middle income
CN,2001,72.675,1065.40597574519,4.19752026,7.21351682273765,62.2098388671875,50.6280489574036,1.563,East Asia & Pacific,Upper middle income
CN,2002,73.034,1163.55957673426,4.32156181,7.40162875834336,62.8378982543945,50.9679256961335,1.566,East Asia & Pacific,Upper middle income
CN,2003,73.385,1306.97245408557,4.35460472,7.57962663220469,64.0541305541992,51.2610436241453,1.57,East Asia & Pacific,Upper middle income
CN,2006,74.404,2129.25696999613,3.88655019,8.05386346846253,74.0575637817383,50.9696705667541,1.644,East Asia & Pacific,Upper middle income
CN,2007,74.789,2734.72709877693,3.61737728,8.21258625792709,78.1607131958008,49.8862602874654,1.666,East Asia & Pacific,Upper middle income
CN,2008,74.833,3523.44302065213,3.83627748,8.35535290441098,82.6792526245117,48.6560235019206,1.701,East Asia & Pacific,Upper middle income
CN,2009,75.317,3898.24459158811,4.27631998,8.49817888668038,88.2874984741211,47.7093306057335,1.714,East Asia & Pacific,Upper middle income
CN,2010,75.668,4629.24551710077,4.15821123,8.66147143784386,90.7829173331445,47.4765519945183,1.687,East Asia & Pacific,Upper middle income
CN,2011,75.889,5703.76027973346,4.26719379,8.85916872860311,92.0329425203903,51.34994369566,1.668,East Asia & Pacific,Upper middle income
CN,2012,76.2,6405.0574241349,4.49046612,9.08920186808881,92.2603063015232,48.1207251131123,1.798,East Asia & Pacific,Upper middle income
CO,2000,70.905,2555.00751039968,5.63529348,4.55122154977289,76.4044799804688,25.3637180153758,2.574,Latin America & Caribbean ,Upper middle income
CO,2002,71.537,2428.92969771584,5.73296595,4.70310489754661,78.1551971435547,23.929353614622,2.489,Latin America & Caribbean ,Upper middle income
CO,2004,72.76,2818.57195413044,5.79892111,4.88264599634623,82.9504623413086,21.8887421322682,2.384,Latin America & Caribbean ,Upper middle income
CO,2005,73.156,3456.06610874512,6.06710577,4.98930462992254,86.9616470336914,21.1523997621787,2.309,Latin America & Caribbean ,Upper middle income
CO,2006,73.497,3789.85361217027,6.33546638,5.11901624609738,90.2876663208008,20.6003919283618,2.241,Latin America & Caribbean ,Upper middle income
CO,2007,73.751,4769.926147194,6.49102163,5.27398589490617,93.012809753418,20.0641639163964,2.195,Latin America & Caribbean ,Upper middle income
CO,2008,74.206,5541.83629665898,6.84192181,5.45087739306247,94.2315521240234,19.6051288373421,2.155,Latin America & Caribbean ,Upper middle income
CO,2009,74.531,5250.97292433518,7.31134558,5.64250977442269,98.2700805664062,19.284699802258,2.096,Latin America & Caribbean ,Upper middle income
CO,2010,74.876,6398.2958447102,7.07130194,5.84187164041688,99.9543685913086,19.1642899222037,2.01,Latin America & Caribbean ,Upper middle income
CO,2011,75.18,7400.9940695669,6.78076792,6.05764887875535,101.20581817627,20.5518377125816,1.938,Latin America & Caribbean ,Upper middle income
CO,2012,75.611,8108.59838244229,6.74601603,6.29379201637245,97.2326889038086,18.1430860286647,1.899,Latin America & Caribbean ,Upper middle income
CO,2013,75.834,8279.10255642981,7.01724052,6.54463120329054,98.1015014648438,18.9282488611578,1.86,Latin America & Caribbean ,Upper middle income
CO,2014,75.95,8187.20824890084,7.18553209,6.81879691067376,97.3632888793945,18.33821147907,1.822,Latin America & Caribbean ,Upper middle income
CO,2015,76.067,6248.51490534512,7.52338505,7.10912759193297,97.6741180419922,17.6079787372288,1.771,Latin America & Caribbean ,Upper middle income
CO,2016,76.228,5959.84250367574,7.53117037,7.38857678707939,98.4156265258789,17.312215487627,1.719,Latin America & Caribbean ,Upper middle income
CO,2017,76.418,6479.53231292429,7.67864323,7.65248494953718,99.2193298339844,17.2528522521135,1.717,Latin America & Caribbean ,Upper middle income
CO,2018,76.579,6816.96818309544,7.71777487,7.91335297679074,100.373336791992,16.0492875724803,1.715,Latin America & Caribbean ,Upper middle income
CO,2019,76.793,6472.54544924705,7.83404827,8.19032265077422,101.989349365234,14.5158658042874,1.71,Latin America & Caribbean ,Upper middle income
CO,2020,74.757,5339.68711357943,8.69751263,8.46412544262915,101.499450683594,14.1832514905064,1.694,Latin America & Caribbean ,Upper middle income
CR,2002,77.939,4067.71851429092,6.8690877,5.85323275359723,65.6379089355469,21.0286242452936,2.162,Latin America & Caribbean ,High income
CR,2004,78.512,4431.0117207843,6.63006067,6.18755249159093,77.7891998291016,20.4200904256551,2.028,Latin America & Caribbean ,High income
CR,2005,78.877,4703.00721784778,6.66429663,6.36375796716449,79.1932067871094,20.0823562559639,2.038,Latin America & Caribbean ,High income
CR,2006,79.049,5256.59640859159,6.93530846,6.54827050732765,85.9572372436523,19.6090845399907,1.937,Latin America & Caribbean ,High income
CR,2007,79.098,6137.71199925542,6.99642611,6.74111451464786,86.9762496948242,18.967324345694,1.954,Latin America & Caribbean ,High income
CR,2008,79.18,6937.24261596055,7.4685483,6.93914749489055,88.2622985839844,18.3142845924477,1.98,Latin America & Caribbean ,High income
CR,2009,79.372,6832.69829924138,7.86019182,7.14634301904244,94.3034362792969,17.8071741996257,1.953,Latin America & Caribbean ,High income
CR,2010,79.354,8265.78820275582,8.02937698,7.37013390366294,97.5067367553711,17.6032020866019,1.827,Latin America & Caribbean ,High income
CR,2011,79.624,9276.39107511347,8.12197781,7.61268358311462,99.7109375,19.4251836697019,1.877,Latin America & Caribbean ,High income
CR,2012,79.925,10126.9991024177,7.78642273,7.8715744982213,103.267303466797,17.9369232929949,1.851,Latin America & Caribbean ,High income
CR,2013,80.189,10803.2401962173,7.68229342,8.15266148404619,108.534126281738,18.4901589297792,1.779,Latin America & Caribbean ,High income
CR,2014,80.231,10911.497878334,7.66376209,8.45127843462687,114.289863586426,17.5539609994868,1.8,Latin America & Caribbean ,High income
CR,2015,80.407,11714.7105980732,7.59196186,8.75896902857875,115.72087097168,17.6636155108417,1.797,Latin America & Caribbean ,High income
CR,2016,79.988,12091.0301606154,7.31724358,9.07487624557029,118.203712463379,16.8973562895418,1.746,Latin America & Caribbean ,High income
CR,2017,79.994,12317.0902771304,7.04522991,9.40002772137051,121.514961242676,17.165875341513,1.714,Latin America & Caribbean ,High income
CR,2018,80.09,12590.2493781614,7.28587723,9.74221925855286,125.964347839355,15.1307436338713,1.706,Latin America & Caribbean ,High income
CR,2019,80.296,12884.6859951989,7.2212491,10.105472418687,132.849334716797,13.3766440949763,1.6,Latin America & Caribbean ,High income
CR,2020,79.725,12394.0493969492,7.82545757,10.4850903399069,132.678680419922,14.3075712471404,1.448,Latin America & Caribbean ,High income
CU,2000,75.922,2751.3817714814,6.58189821,9.8186726684684,81.8830108642578,21.3974205669767,1.608,Latin America & Caribbean ,Upper middle income
CU,2001,76.429,2842.96704310394,6.9820981,10.0656291580179,84.3682479858398,21.206308539373,1.595,Latin America & Caribbean ,Upper middle income
CU,2002,76.766,3005.21104247868,7.11481619,10.3417846590331,88.5996932983398,20.7560611503545,1.645,Latin America & Caribbean ,Upper middle income
CU,2003,77.405,3202.78109865637,7.10295439,10.6070240169765,91.7871322631836,20.1976249122847,1.627,Latin America & Caribbean ,Upper middle income
CU,2004,77.326,3399.21962893402,6.83178711,10.8679332481282,91.1237411499023,19.681946337527,1.546,Latin America & Caribbean ,Upper middle income
CU,2005,77.54,3786.33799225291,8.75525475,11.1548632752393,92.3748474121094,19.3599719384448,1.486,Latin America & Caribbean ,Upper middle income
CU,2006,77.406,4329.98265964383,8.2719059,11.4456418845666,93.1539993286133,19.1954916262929,1.402,Latin America & Caribbean ,Upper middle income
CU,2007,77.55,4807.43888960684,10.9674921,11.7414991088414,93.1459197998047,19.0582324966618,1.436,Latin America & Caribbean ,Upper middle income
CU,2008,77.589,4986.12436479175,11.31422806,12.0493113496951,93.1690521240234,18.9580468384187,1.576,Latin America & Caribbean ,Upper middle income
CU,2009,77.584,5089.23519757167,12.29053974,12.3470751088595,92.1000823974609,18.9047869404309,1.678,Latin America & Caribbean ,Upper middle income
CU,2010,77.876,5272.26755824835,10.6880827,12.6387607990469,92.4079409432897,18.9083050915655,1.673,Latin America & Caribbean ,Upper middle income
CU,2011,78.051,6104.46105236166,11.31298637,12.940948652183,92.221518431358,19.6720738913487,1.734,Latin America & Caribbean ,Upper middle income
CU,2012,78.162,6470.83673392653,9.29940987,13.2713368911241,90.9268566341812,19.6276365485068,1.668,Latin America & Caribbean ,Upper middle income
CU,2013,78.028,6828.36428245396,10.43099499,13.6115790458939,91.3310039372362,19.9113493948996,1.678,Latin America & Caribbean ,Upper middle income
CU,2014,77.825,7146.70459051328,12.14121914,13.919061211168,95.9867990183168,20.762060268269,1.655,Latin America & Caribbean ,Upper middle income
CU,2015,77.745,7727.91997207998,12.81404305,14.2021227461714,96.0929099069438,21.4005165459257,1.685,Latin America & Caribbean ,Upper middle income
CU,2016,77.571,8110.55874283616,12.21769619,14.4765104638789,97.8005641142909,19.7476038869862,1.6,Latin America & Caribbean ,Upper middle income
CU,2017,77.3,8610.60829605429,11.47201538,14.7546073113309,98.8916381409707,20.1327865141339,1.585,Latin America & Caribbean ,Upper middle income
CU,2018,77.426,8911.46205998726,11.01842499,15.0605041766063,99.5805926474392,20.9153664764928,1.607,Latin America & Caribbean ,Upper middle income
CU,2019,77.413,9232.26115935183,11.08501148,15.3697053690774,100.467809909244,20.3431122356184,1.54,Latin America & Caribbean ,Upper middle income
CU,2020,77.407,9605.27914559614,12.48641968,15.6395502504663,101.487990578922,21.2367242811561,1.489,Latin America & Caribbean ,Upper middle income
CV,2000,68.117,1189.51479345891,3.86025023,4.84880905766929,65.0551376342773,48.4324410047037,3.545,Sub-Saharan Africa ,Upper middle income
CV,2001,68.707,1223.33055331575,3.69652915,4.89264446776292,63.2078514099121,47.5268182563037,3.366,Sub-Saharan Africa ,Upper middle income
CV,2002,69.447,1328.57874270666,3.72489762,4.94769251850995,66.3999862670898,45.2233549764447,3.192,Sub-Saharan Africa ,Upper middle income
CV,2003,70.006,1717.97565369655,3.6274426,5.00429884469869,67.3274078369141,42.1421586131377,3.033,Sub-Saharan Africa ,Upper middle income
CV,2004,70.499,1929.49081468781,3.54616308,5.05403451825784,66.9400405883789,38.9033366143938,2.9,Sub-Saharan Africa ,Upper middle income
CV,2005,70.936,2004.14680417563,3.34086585,5.08621142800014,70.2636032104492,36.1269964282243,2.726,Sub-Saharan Africa ,Upper middle income
CV,2006,71.341,2256.99666191075,3.82406759,5.0940695192342,81.5834884643555,33.4651817989408,2.555,Sub-Saharan Africa ,Upper middle income
CV,2007,71.487,3324.57675212498,3.84218621,5.07830173754181,80.4710464477539,30.4994592050793,2.409,Sub-Saharan Africa ,Upper middle income
CV,2008,71.888,3908.64885822576,3.26951575,5.03784743345534,82.10888671875,27.7442201959867,2.298,Sub-Saharan Africa ,Upper middle income
CV,2009,72.142,3659.72046361628,3.55867004,4.97193469803869,81.2256927490234,25.71385632101,2.246,Sub-Saharan Africa ,Upper middle income
CV,2010,72.507,3579.46006137809,4.08085394,4.90795620502389,83.5471330073283,24.9227591294962,2.329,Sub-Saharan Africa ,Upper middle income
CV,2011,72.913,4002.01386888785,3.92527819,4.88565275155857,86.7000153273789,42.201991220723,2.329,Sub-Saharan Africa ,Upper middle income
CV,2012,73.315,3736.81517011087,4.6740551,4.90560693810979,89.9634082592786,51.1112334865799,2.153,Sub-Saharan Africa ,Upper middle income
CV,2013,73.481,3960.97596791345,4.82468271,4.95622041095222,94.7526092529297,36.414675879692,2.067,Sub-Saharan Africa ,Upper middle income
CV,2014,73.788,3985.60706548134,4.85231543,5.03995994733817,93.6074664791524,31.3508458881205,2.031,Sub-Saharan Africa ,Upper middle income
CV,2015,74.096,3415.06266730931,4.40073681,5.15658375838101,96.6012286324786,51.4204136901671,1.968,Sub-Saharan Africa ,Upper middle income
CV,2016,74.35,3608.96605234906,4.36134005,5.30060705739585,98.2528458088996,43.0314900855625,1.966,Sub-Saharan Africa ,Upper middle income
CV,2017,74.71,3893.09571382506,4.48070955,5.46527248373442,99.462782259485,53.8692623569653,1.93,Sub-Saharan Africa ,Upper middle income
CV,2018,74.84,4294.96510035729,4.78548193,5.63793422474996,94.8972015380859,31.7384229474609,1.804,Sub-Saharan Africa ,Upper middle income
CV,2019,75.449,4380.78117331128,4.82431316,5.81429049375224,95.2902285572104,39.3519135244555,1.698,Sub-Saharan Africa ,Upper middle income
CV,2020,73.818,3539.22661248299,7.03399324,5.98265522524212,98.3093023666237,42.3225220905558,1.591,Sub-Saharan Africa ,Upper middle income
CY,2001,78.185,14821.44921875,5.33940458,10.0289692125622,93.4450607299805,20.1814093119104,1.566,Europe & Central Asia,High income
CY,2002,78.758,16093.2158203125,5.61565971,10.0892566025432,96.9152069091797,20.0359615757853,1.497,Europe & Central Asia,High income
CY,2003,78.908,20252.24609375,5.63568783,10.1426584899809,97.5562286376953,19.8757470128298,1.505,Europe & Central Asia,High income
CY,2004,79.007,23792.619140625,5.40558147,10.2251208522064,96.2935333251953,19.7058229652141,1.512,Europe & Central Asia,High income
CY,2005,79.198,24959.26171875,5.43580961,10.3365193217401,94.0052337646484,19.5312467751087,1.479,Europe & Central Asia,High income
CY,2006,79.456,26729.28125,5.46357489,10.4796674563598,93.1404724121094,19.3234361835894,1.509,Europe & Central Asia,High income
CY,2007,79.798,31244.87890625,5.35744858,10.6559207094905,92.9139404296875,19.077613123502,1.449,Europe & Central Asia,High income
CY,2008,79.906,35397.296875,6.01430845,10.8584438599796,92.3691635131836,18.8345412246726,1.479,Europe & Central Asia,High income
CY,2009,80.375,32236.44921875,6.46531534,11.0792962859134,91.9261779785156,18.6349841169269,1.475,Europe & Central Asia,High income
CY,2010,80.632,31105.02734375,6.50055742,11.3182862637672,91.440803527832,18.5197054300908,1.434,Europe & Central Asia,High income
CY,2011,80.855,32485.798828125,6.43139076,11.5524959823113,92.8256225585938,18.4875017910321,1.36,Europe & Central Asia,High income
CY,2012,81.128,28991.935546875,6.53638792,11.7783896817994,95.2998504638672,16.876649443899,1.382,Europe & Central Asia,High income
CY,2013,81.317,27764.73046875,6.92774534,12.0174508719101,97.9726409912109,16.2406674925642,1.304,Europe & Central Asia,High income
CY,2014,81.337,26993.103515625,6.93137264,12.2610616321095,97.8358383178711,16.1114833623758,1.312,Europe & Central Asia,High income
CY,2015,81.464,23088.44140625,6.79382181,12.499902624146,98.9578094482422,16.9122147785325,1.323,Europe & Central Asia,High income
CY,2016,81.534,24280.056640625,6.65254688,12.7306530327678,98.830940246582,14.4813342529054,1.357,Europe & Central Asia,High income
CY,2017,81.543,26247.44921875,6.62192535,12.9503446411893,99.5133590698242,15.1071226081124,1.323,Europe & Central Asia,High income
CY,2018,81.556,29120.375,6.78446245,13.1664879646662,99.4265899658203,15.24949999422,1.319,Europe & Central Asia,High income
CY,2019,81.454,29227.173828125,6.99843168,13.3825533556934,101.017471313477,15.0066614653737,1.33,Europe & Central Asia,High income
CY,2020,81.23,28130.341796875,8.64796448,13.6112758903357,101.935836791992,13.508701890821,1.361,Europe & Central Asia,High income
CZ,2001,75.1731707317073,6669.07494847497,5.83479309,13.8031991208702,94.5851364135742,20.693902558972,1.15,Europe & Central Asia,High income
CZ,2002,75.2219512195122,8101.26018588111,6.14656258,13.8299128431282,95.2897491455078,21.1574850932414,1.17,Europe & Central Asia,High income
CZ,2003,75.1707317073171,9852.45677945801,6.50168419,13.8568269490459,96.0471115112305,21.6912502267081,1.18,Europe & Central Asia,High income
CZ,2004,75.7219512195122,11782.5546676117,6.33308411,13.9214932549247,95.4745712280273,22.1315314290352,1.23,Europe & Central Asia,High income
CZ,2005,75.9243902439025,13442.4916284309,6.33529043,14.0575832897421,96.0492401123047,22.3146621698858,1.29,Europe & Central Asia,High income
CZ,2006,76.5243902439024,15259.0788162004,6.16489983,14.2526797649416,97.459716796875,22.1683099349838,1.34,Europe & Central Asia,High income
CZ,2007,76.7243902439025,18452.6532812196,5.99029112,14.4823049345478,97.7152786254883,21.819301739304,1.45,Europe & Central Asia,High income
CZ,2008,76.9756097560976,22774.7045076205,6.33855247,14.7818728369816,98.0813293457031,21.402710346385,1.51,Europe & Central Asia,High income
CZ,2009,77.0780487804878,19817.4215836554,7.2650013,15.1357868347276,97.9063034057617,21.0536085197657,1.51,Europe & Central Asia,High income
CZ,2010,77.4243902439025,20160.4355077059,7.47836781,15.4590024087743,98.6544189453125,20.907069022985,1.51,Europe & Central Asia,High income
CZ,2011,77.8731707317073,22049.1080788682,7.47281456,15.8988256979579,99.4467315673828,21.0141184753393,1.43,Europe & Central Asia,High income
CZ,2012,78.0756097560976,20014.0354015165,7.53974962,16.5000497271668,99.7749633789062,19.2882808825023,1.45,Europe & Central Asia,High income
CZ,2013,78.1756097560976,20260.4954999375,7.44831276,17.0821590856387,106.875068664551,18.9336384922511,1.46,Europe & Central Asia,High income
CZ,2014,78.8243902439024,20038.4163180257,7.53919601,17.6054939584589,106.118507385254,18.3617483140192,1.53,Europe & Central Asia,High income
CZ,2015,78.5780487804878,17931.5987670768,7.29346752,18.0968797652582,104.810516357422,17.8128111083862,1.57,Europe & Central Asia,High income
CZ,2016,79.0268292682927,18753.9686718096,7.32258606,18.5951592241056,103.015083312988,16.9928991704268,1.63,Europe & Central Asia,High income
CZ,2017,78.9780487804878,20913.197632212,7.24190664,19.085882000882,102.204696655273,16.9432784272519,1.69,Europe & Central Asia,High income
CZ,2018,79.0292682926829,23705.9329811299,7.37173605,19.5315793430182,101.514892578125,17.3467438168398,1.71,Europe & Central Asia,High income
CZ,2019,79.2292682926829,24062.7190013343,7.48754358,19.9485877378936,100.21556854248,14.2336874017967,1.71,Europe & Central Asia,High income
CZ,2020,78.2268292682927,23472.8915454417,8.96995831,20.2939736426932,99.3292617797852,14.1110711384133,1.74,Europe & Central Asia,High income
DE,2001,78.3292682926829,23878.3641471651,9.78105545,16.8557051631062,99.554801940918,17.8080564787948,1.35,Europe & Central Asia,High income
DE,2002,78.2292682926829,25486.5942008748,10.028965,17.2650364693375,100.853607177734,17.4251209663774,1.34,Europe & Central Asia,High income
DE,2003,78.3804878048781,30711.1022511331,10.22255325,17.7182569255381,101.226783752441,17.0534186624295,1.34,Europe & Central Asia,High income
DE,2004,78.6804878048781,34566.7359143735,9.97466278,18.2658061525647,101.377777099609,16.7455957407135,1.36,Europe & Central Asia,High income
DE,2005,78.9317073170732,35084.4363546269,10.1068058,18.8586850514415,101.436492919922,16.5542983749923,1.34,Europe & Central Asia,High income
DE,2006,79.1317073170732,36980.3349948954,9.96236897,19.4956220823608,102.486396789551,16.4673340240739,1.33,Europe & Central Asia,High income
DE,2007,79.5341463414634,42350.9217211489,9.83482933,19.9911941840778,102.009773254395,16.4178840311706,1.37,Europe & Central Asia,High income
DE,2008,79.7365853658537,46379.1647953479,10.03185749,20.2873147195182,103.240730285645,16.3766553966518,1.38,Europe & Central Asia,High income
DE,2009,79.8365853658537,42471.8868625226,10.97003078,20.5215956309191,103.314292907715,16.3143551208868,1.36,Europe & Central Asia,High income
DE,2010,79.9878048780488,42396.9665976293,10.8311739,20.5654453486144,104.891357421875,16.201690204245,1.39,Europe & Central Asia,High income
DE,2011,80.4365853658537,47630.9761883572,10.52106953,20.5214981321516,105.34651184082,15.7161711583543,1.39,Europe & Central Asia,High income
DE,2012,80.5390243902439,44718.0159214069,10.59356213,20.6376494265399,104.442237854004,13.9078592571706,1.41,Europe & Central Asia,High income
DE,2013,80.490243902439,47206.8353514242,10.7432127,20.8129761139965,103.935333251953,13.6633968189434,1.42,Europe & Central Asia,High income
DE,2014,81.090243902439,48959.5991203133,10.76819706,20.9586686898656,103.303871154785,12.2822480920893,1.47,Europe & Central Asia,High income
DE,2015,80.6414634146341,41929.7549110722,10.92317677,21.0533536816501,102.192413330078,12.8253525089793,1.5,Europe & Central Asia,High income
DE,2016,80.990243902439,42948.9381932694,10.97133732,21.134996177657,100.852310180664,11.7806958987308,1.6,Europe & Central Asia,High income
DE,2017,80.9926829268293,45553.9341495339,11.05091095,21.2936405100178,101.095642089844,11.8978451129639,1.57,Europe & Central Asia,High income
DE,2018,80.8926829268293,48916.1686612154,11.18380833,21.4497613850113,100.837303161621,11.6526030992972,1.57,Europe & Central Asia,High income
DE,2019,81.2926829268293,47656.199739747,11.42805386,21.6283933065816,101.152557373047,10.6378495266542,1.54,Europe & Central Asia,High income
DE,2020,81.0414634146342,47394.8734504469,12.46780777,21.8447281174981,101.307800292969,10.2876894329414,1.53,Europe & Central Asia,High income
DK,2001,76.7926829268293,30768.4775471112,8.44370651,14.8038992854408,129.876510620117,15.395412363636,1.74,Europe & Central Asia,High income
DK,2002,76.8951219512195,33257.1622586509,8.69506168,14.817030784647,125.105667114258,15.0817525522341,1.72,Europe & Central Asia,High income
DK,2003,77.1439024390244,40519.0974905924,8.89037418,14.8698837174681,124.619468688965,14.742653395412,1.76,Europe & Central Asia,High income
DK,2004,77.4926829268293,46625.050098011,8.98551464,14.9629722691678,121.348091125488,14.4139688325594,1.78,Europe & Central Asia,High income
DK,2005,77.8439024390244,48925.8076698784,9.06716251,15.0928272794378,122.080146789551,14.1315528030661,1.8,Europe & Central Asia,High income
DK,2006,78.0951219512195,52119.1787984282,9.15257931,15.2481599729283,118.173477172852,13.8645243458452,1.85,Europe & Central Asia,High income
DK,2007,78.1951219512195,58631.6566433635,9.30215549,15.4557349146506,117.994140625,13.5854420597073,1.84,Europe & Central Asia,High income
DK,2008,78.4463414634146,64616.6657583663,9.46797943,15.735788408074,117.272972106934,13.3353192238882,1.89,Europe & Central Asia,High income
DK,2009,78.5975609756098,58412.7472358513,10.62873173,16.1019309009513,117.131889343262,13.1551691176237,1.84,Europe & Central Asia,High income
DK,2010,79.1,58104.5445594981,10.59621811,16.5574489274022,118.944053649902,13.0860050201498,1.87,Europe & Central Asia,High income
DK,2011,79.8,61809.737898222,10.39758492,17.0763558660448,121.816520690918,13.3556789508458,1.75,Europe & Central Asia,High income
DK,2012,80.0512195121951,58443.7747103968,10.53344631,17.6035443304634,124.577186584473,10.811456086122,1.73,Europe & Central Asia,High income
DK,2013,80.3,61377.5940590412,10.29778957,18.0533476868912,131.692306518555,10.3963287855885,1.67,Europe & Central Asia,High income
DK,2014,80.7,62520.4509747011,10.31388664,18.4155552098464,132.451354980469,10.8104890765495,1.69,Europe & Central Asia,High income
DK,2015,80.7024390243902,53094.0133607574,10.3754549,18.7039395633233,133.795471191406,10.2267270069046,1.71,Europe & Central Asia,High income
DK,2016,80.8536585365854,54500.9260410217,10.28229332,18.9425702764271,131.441299438477,9.23431703209402,1.79,Europe & Central Asia,High income
DK,2017,81.1024390243903,57521.5514992225,10.1137991,19.1822684091773,130.324432373047,10.0945595167367,1.75,Europe & Central Asia,High income
DK,2018,80.9536585365854,61324.7665045565,10.14163208,19.4403886413888,129.849563598633,10.3539340590391,1.73,Europe & Central Asia,High income
DK,2019,81.4512195121951,59404.2663247723,10.18468761,19.7143802297606,129.311126708984,9.61197285377196,1.7,Europe & Central Asia,High income
DK,2020,81.6024390243903,60985.4885601514,10.69237614,20.0008145375227,129.995193481445,9.06983927345931,1.68,Europe & Central Asia,High income
DM,2000,71.715,4867.39896323759,5.32374382,9.86994789157945,106.89208984375,20.0245327007011,2.346,Latin America & Caribbean ,Upper middle income
DM,2001,71.862,5527.51527300496,4.64501858,10.0771731490159,109.117523193359,19.8322284401784,2.399,Latin America & Caribbean ,Upper middle income
DM,2002,71.927,5488.02784969357,4.6531105,10.1576784120994,112.225051879883,19.4522425816776,2.16,Latin America & Caribbean ,Upper middle income
DM,2003,71.942,5447.44011496284,4.84617901,10.1997636106288,117.79776763916,19.005845655251,2.075,Latin America & Caribbean ,Upper middle income
DM,2004,71.987,5778.83306546506,4.74520159,10.2543372809509,114.818801879883,18.6143081909513,2.023,Latin America & Caribbean ,Upper middle income
DM,2005,72.016,5695.22442394675,4.97772503,10.3215997788592,114.346900939941,18.3989007188307,1.998,Latin America & Caribbean ,Upper middle income
DM,2006,72.007,6055.78109574854,4.78092194,10.4256138591557,113.30908203125,18.3605921501588,2.074,Latin America & Caribbean ,Upper middle income
DM,2007,71.901,6459.03503689609,4.79109955,10.5675587348851,112.818580627441,18.3896757586464,2.022,Latin America & Caribbean ,Upper middle income
DM,2008,71.945,6971.32633839289,5.04968786,10.7284979812357,110.860000610352,18.4414086180074,1.968,Latin America & Caribbean ,Upper middle income
DM,2009,71.835,7487.49010395154,4.98329306,10.9062790427509,111.792961120605,18.4710478019561,1.918,Latin America & Caribbean ,Upper middle income
DM,2010,71.68,7549.61964680375,5.15711927,11.1097395383286,108.655853271484,18.4338503842066,1.887,Latin America & Caribbean ,Upper middle income
DM,2011,71.517,7705.40717248319,5.33450365,10.934275597906,109.177848815918,18.0656281510706,1.861,Latin America & Caribbean ,Upper middle income
DM,2012,71.391,7528.51001990155,5.79509926,10.8018953231815,102.783400809717,18.6039506649296,1.827,Latin America & Caribbean ,Upper middle income
DM,2014,71.189,8131.74876096735,5.26141691,9.54556434996376,93.3871994018555,19.2837003253437,1.713,Latin America & Caribbean ,Upper middle income
DM,2015,69.968,8282.59874702141,5.15941811,9.64138616673768,95.9454803466797,21.0213905070044,1.648,Latin America & Caribbean ,Upper middle income
DM,2019,71.305,9491.14995962374,5.16903925,11.9680909834194,105.625543006082,20.0434244381572,1.504,Latin America & Caribbean ,Upper middle income
DM,2020,71.269,7827.74842680426,6.06806135,12.18534029864,105.181579589844,20.6672998234563,1.495,Latin America & Caribbean ,Upper middle income
DO,2000,70.365,2831.45883638033,4.88427496,4.28668866835427,59.4400787353516,19.0738112994015,2.869,Latin America & Caribbean ,Upper middle income
DO,2002,70.719,3065.60329524196,4.98649025,4.47022701046685,67.816276550293,18.832373469996,2.764,Latin America & Caribbean ,Upper middle income
DO,2004,70.73,2451.69161616569,4.2877388,4.6501979375483,68.8893127441406,18.3465652297896,2.641,Latin America & Caribbean ,Upper middle income
DO,2005,71.043,3878.31206735244,4.35391188,4.72540805811664,70.5230407714844,18.1569228946537,2.574,Latin America & Caribbean ,Upper middle income
DO,2007,71.097,4649.64558875814,4.08935308,4.85893736850466,79.9215469360352,17.8592437232185,2.51,Latin America & Caribbean ,Upper middle income
DO,2008,71.331,5023.58513403515,4.56442022,4.92057978947325,78.7571563720703,17.7216483065249,2.546,Latin America & Caribbean ,Upper middle income
DO,2009,71.587,4973.95186999952,4.76706171,4.98448985148936,80.7119979858398,17.6094522417012,2.574,Latin America & Caribbean ,Upper middle income
DO,2010,72.039,5478.62470398954,4.92896748,5.06185989557213,77.9718275378447,17.5360829581378,2.556,Latin America & Caribbean ,Upper middle income
DO,2011,72.496,5826.51014109195,5.04506636,5.16228171361639,77.4272200156803,17.4713311482988,2.527,Latin America & Caribbean ,Upper middle income
DO,2012,72.817,6013.81965002603,5.05897284,5.2855290613263,77.986106386808,17.6468205135185,2.497,Latin America & Caribbean ,Upper middle income
DO,2013,73.038,6136.59429329301,4.92594242,5.4281841495826,79.1714978028552,17.6634551412186,2.474,Latin America & Caribbean ,Upper middle income
DO,2014,73.145,6496.45166971142,4.80942917,5.58025752924414,80.11454424521,18.9396637119659,2.451,Latin America & Caribbean ,Upper middle income
DO,2015,72.982,6800.95309395474,4.73534584,5.74422925378078,79.9378896410207,19.9571847572804,2.43,Latin America & Caribbean ,Upper middle income
DO,2016,72.889,7160.44200982307,4.58582401,5.92926768832602,80.0944728713855,19.2491722418682,2.41,Latin America & Caribbean ,Upper middle income
DO,2017,73.37,7412.71571571512,4.44562674,6.13304705056594,79.9406801126231,19.1203299259262,2.398,Latin America & Caribbean ,Upper middle income
DO,2018,73.555,7882.98221584944,4.21765518,6.35280190364479,80.2159299988463,19.5892802619564,2.397,Latin America & Caribbean ,Upper middle income
DO,2019,73.112,8183.01623600375,4.36808872,6.58282666119334,81.8562360431581,19.4968181870994,2.366,Latin America & Caribbean ,Upper middle income
DO,2020,72.636,7135.22273255899,4.96490288,6.80997065850313,80.0444119218853,19.8267440369685,2.329,Latin America & Caribbean ,Upper middle income
DZ,2000,70.576,1772.92869122761,3.21485448,4.3831209935771,64.5954208374023,28.2331081205494,2.59,Middle East & North Africa,Upper middle income
DZ,2001,71.025,1896.30020878013,3.53628588,4.46481156184734,68.763298034668,28.1319306652494,2.519,Middle East & North Africa,Upper middle income
DZ,2002,71.644,1937.46411413019,3.44169641,4.54476873670832,72.5830688476562,27.867944303466,2.429,Middle East & North Africa,Upper middle income
DZ,2003,71.906,2283.77299346126,3.32569361,4.62180486944893,75.4358673095703,27.5018984382489,2.451,Middle East & North Africa,Upper middle income
DZ,2004,72.536,2816.99384960555,3.29030514,4.69347363205042,79.6298599243164,27.0945424726476,2.5,Middle East & North Africa,Upper middle income
DZ,2005,72.836,3233.13339634212,3.1188612,4.75825199176218,81.8563690185547,26.7066258097118,2.562,Middle East & North Africa,Upper middle income
DZ,2006,73.116,3660.66104745322,3.18999887,4.8127655099382,83.4811935424805,26.3355700886845,2.628,Middle East & North Africa,Upper middle income
DZ,2007,73.346,4167.45169937531,3.62011433,4.85270500086927,73.517822265625,25.9305422423959,2.704,Middle East & North Africa,Upper middle income
DZ,2008,73.618,5180.91881514686,3.98331022,4.87580607623968,80.2311401367188,25.4799096142764,2.785,Middle East & North Africa,Upper middle income
DZ,2009,73.871,4235.42990456612,4.89210796,4.88610807782207,96.3929595947266,24.9720395477565,2.825,Middle East & North Africa,Upper middle income
DZ,2010,74.144,4912.78585503672,4.64001417,4.89358620427901,100.739776611328,24.3952993862667,2.875,Middle East & North Africa,Upper middle income
DZ,2011,74.383,5916.31364364343,4.82567501,4.90949127404348,103.184272766113,23.5721077905837,2.899,Middle East & North Africa,Upper middle income
EC,2000,72.09,1382.23421759909,3.57367969,4.70853356421724,55.9612693786621,43.2126751514231,3.102,Latin America & Caribbean ,Upper middle income
EC,2001,72.571,1791.30359685037,4.06365538,4.80115373707651,56.2870216369629,43.1110715739064,3.037,Latin America & Caribbean ,Upper middle income
EC,2002,73.164,2059.1585535974,4.81404829,4.89906284383755,57.2436103820801,43.0813974104958,2.972,Latin America & Caribbean ,Upper middle income
EC,2003,73.632,2315.62215223014,5.79232407,5.00275737792559,56.8165702819824,43.0473470554907,2.911,Latin America & Caribbean ,Upper middle income
EC,2004,73.868,2586.20914663347,5.88152218,5.11185067877343,57.409610748291,42.9326149031908,2.853,Latin America & Caribbean ,Upper middle income
EC,2005,73.909,2909.02606014388,5.85904884,5.22264923584423,59.8716011047363,42.6608953478956,2.8,Latin America & Caribbean ,Upper middle income
EC,2006,74.01,3243.67010359339,5.93617773,5.33269549556598,61.9531517028809,40.6649998941415,2.753,Latin America & Caribbean ,Upper middle income
EC,2007,74.226,3478.92488770671,5.55722475,5.44564422927211,63.4471893310547,36.2866971643751,2.704,Latin America & Caribbean ,Upper middle income
EC,2009,74.901,4053.36331139298,6.03388453,5.70494466309066,85.9710388183594,25.5313901614633,2.678,Latin America & Caribbean ,Upper middle income
EC,2010,75.188,4520.30959039763,6.34925699,5.84280241790392,91.5583877563477,21.7286460306471,2.615,Latin America & Caribbean ,Upper middle income
EC,2011,75.179,5153.6916424375,6.60509682,5.97546956519271,95.6929702758789,19.5919330091265,2.605,Latin America & Caribbean ,Upper middle income
EC,2012,75.486,5634.08393191094,6.87859821,6.10744060856165,98.554801940918,20.8650376880852,2.509,Latin America & Caribbean ,Upper middle income
EC,2013,75.832,6109.29031510341,6.77866411,6.26391164365569,100.659210205078,19.8592620729833,2.362,Latin America & Caribbean ,Upper middle income
EC,2014,76.141,6405.79979300441,6.76601839,6.44847191551272,102.590339660645,20.2791788990402,2.274,Latin America & Caribbean ,Upper middle income
EC,2015,76.222,5976.1596805651,7.76786041,6.63997639280165,100.791786193848,20.1729639726852,2.209,Latin America & Caribbean ,Upper middle income
EC,2016,76.094,5917.63771271481,7.58817482,6.82568946634407,98.0803764939006,20.7399169622061,2.122,Latin America & Caribbean ,Upper middle income
EC,2017,76.22,6233.32244797718,7.52484131,7.00392693239207,96.1637651807361,19.2459328647667,2.128,Latin America & Caribbean ,Upper middle income
EC,2018,77.248,6303.91886658338,7.83364677,7.19452567257434,94.9748100922065,18.386683414634,2.111,Latin America & Caribbean ,Upper middle income
EC,2019,77.286,6205.05765246766,7.80878448,7.40791180679909,93.8371637137576,17.769931645036,2.035,Latin America & Caribbean ,Upper middle income
EC,2020,72.004,5463.64515348598,8.60608387,7.56175266539115,93.9849491291463,16.6570210758922,1.967,Latin America & Caribbean ,Upper middle income
EE,2001,70.2585365853659,4502.66614992392,4.78399181,15.2882046634728,96.2154312133789,11.3922862404784,1.32,Europe & Central Asia,High income
EE,2002,70.9048780487805,5343.18310760735,4.70192671,15.647710838133,99.0828704833984,10.8659889979478,1.36,Europe & Central Asia,High income
EE,2003,71.3170731707317,7205.40703313243,5.13748884,16.0261881314513,99.0774383544922,10.3301268581838,1.37,Europe & Central Asia,High income
EE,2004,71.909756097561,8916.0728274602,5.33641052,16.3887820729212,101.44522857666,9.87858866644381,1.47,Europe & Central Asia,High income
EE,2005,72.5682926829268,10414.6381183565,5.29434633,16.7234688774936,104.22184753418,9.60526326798543,1.52,Europe & Central Asia,High income
EE,2006,72.6914634146341,12641.4800976473,4.97308683,17.0809882539691,104.028030395508,9.49150211652796,1.58,Europe & Central Asia,High income
EE,2007,72.8146341463415,16745.4308011148,5.18429422,17.3721726152183,105.091178894043,9.42873775517208,1.69,Europe & Central Asia,High income
EE,2008,73.7707317073171,18205.9064113446,5.95694113,17.4424900940412,105.395011901855,9.37598066324752,1.72,Europe & Central Asia,High income
EE,2009,74.8243902439024,14712.4494217916,6.84443808,17.4326363206181,107.425552368164,9.29224132008397,1.7,Europe & Central Asia,High income
EE,2010,75.4292682926829,14663.7041018705,6.59404182,17.4402915321171,110.888679504395,9.13653020501115,1.72,Europe & Central Asia,High income
EE,2011,76.2292682926829,17555.5455239426,6.05471659,17.571641400301,112.287406921387,8.27663619619013,1.61,Europe & Central Asia,High income
EE,2012,76.3268292682927,17568.2137969714,6.03782082,17.8628188378184,112.536003112793,7.99013886909247,1.56,Europe & Central Asia,High income
EE,2013,77.1414634146341,19310.3874900757,6.19788504,18.1984559754977,110.521713256836,8.08122179915709,1.52,Europe & Central Asia,High income
EE,2014,77.0341463414634,20581.7898991695,6.26286125,18.5609288129198,107.685821533203,8.70767888073313,1.54,Europe & Central Asia,High income
EE,2015,77.590243902439,17722.1557669523,6.52138662,18.88875196261,108.18879699707,7.18496063252666,1.58,Europe & Central Asia,High income
EE,2016,77.6414634146342,18666.3736521706,6.56918621,19.186016024635,111.596199035645,6.87835279660374,1.6,Europe & Central Asia,High income
EE,2017,78.0926829268293,20851.5223496861,6.46636105,19.4674154002753,113.249786376953,6.15485238171865,1.59,Europe & Central Asia,High income
EE,2018,78.2439024390244,23618.1361254581,6.56314421,19.6754905294355,112.759696960449,7.7966811057876,1.67,Europe & Central Asia,High income
EE,2019,78.6463414634147,24021.2501413306,6.64763546,19.8965346883511,112.287200927734,6.84482514683862,1.66,Europe & Central Asia,High income
EE,2020,78.5951219512195,23933.9939421065,7.47179365,20.2000948355964,112.527702331543,6.14573290973003,1.58,Europe & Central Asia,High income
EG,2000,67.332,1366.09274372613,4.92244291,4.02584673124432,77.8339462280273,59.9928979498542,3.505,Middle East & North Africa,Lower middle income
EG,2001,67.612,1295.1374184163,5.40030336,4.03136798867182,79.3897399902344,60.0815905937601,3.46,Middle East & North Africa,Lower middle income
EG,2002,67.846,1116.82884626213,5.5107379,4.03284732879387,78.8174133300781,60.3326484423888,3.412,Middle East & North Africa,Lower middle income
EG,2003,68.045,1031.27556291284,5.2242527,4.02508116906888,78.5066070556641,60.7246100249955,3.352,Middle East & North Africa,Lower middle income
EG,2004,68.211,991.255689145253,4.85732365,4.00520620671449,77.7841796875,61.2360138708351,3.283,Middle East & North Africa,Lower middle income
EG,2009,68.915,2161.63964573927,4.37870932,3.90865837016269,63.2154998779297,75.0515681476511,3.259,Middle East & North Africa,Lower middle income
EG,2010,69.078,2455.08194645282,4.15319157,3.92986585816321,64.7296371459961,76.4681376215846,3.296,Middle East & North Africa,Lower middle income
EG,2011,69.232,2590.64384891965,4.35707569,3.9682551444452,72.5487594604492,62.0486163821917,3.311,Middle East & North Africa,Lower middle income
EG,2012,69.464,2996.0677072015,4.45891809,4.02277395010615,73.0182495117188,61.7247558733889,3.4,Middle East & North Africa,Lower middle income
EG,2013,69.632,3025.52563552448,4.6710043,4.08274880933054,73.8954466194364,70.1484599687517,3.49,Middle East & North Africa,Lower middle income
EG,2014,69.911,3133.39102265541,4.77415323,4.13855347578159,73.3723421134374,66.1214960792046,3.49,Middle East & North Africa,Lower middle income
EG,2016,70.437,3270.6287768197,5.07462406,4.27700484872835,75.7524086692863,61.4577552982506,3.35,Middle East & North Africa,Lower middle income
EG,2017,70.709,2395.10333299491,5.34661913,4.36669397966263,76.4337653082262,58.9353384135579,3.31,Middle East & North Africa,Lower middle income
EG,2018,70.974,2484.70315630508,4.74892998,4.47225716625305,76.9816189396849,65.4631301601869,3.02,Middle East & North Africa,Lower middle income
EG,2019,71.213,2962.98892023003,4.5994668,4.5935289970751,77.9093978841525,67.7529020891301,2.87,Middle East & North Africa,Lower middle income
EG,2020,69.79,3511.11381026379,4.15384626,4.6911816369123,79.6544750074231,54.8587056496436,2.85,Middle East & North Africa,Lower middle income
ER,2000,56.285,314.357396753501,5.76670074,3.16749079118179,45.2635498046875,43.5875022656422,5.397,Sub-Saharan Africa ,Low income
ER,2001,58.359,325.409161513593,5.91931677,3.21851096318745,45.8157081604004,43.2294261758956,5.306,Sub-Saharan Africa ,Low income
ER,2002,58.941,304.775756465092,6.68857431,3.26444706136036,46.5302581787109,42.3748453519965,5.233,Sub-Saharan Africa ,Low income
ER,2003,59.455,348.950327077742,7.33703375,3.30083006436096,47.3321685791016,41.3525620117836,5.143,Sub-Saharan Africa ,Low income
ER,2004,60.063,426.840947887032,7.00984907,3.33162258852816,47.4052391052246,40.4913783730953,5.036,Sub-Saharan Africa ,Low income
ER,2005,60.628,412.753079199423,6.8641758,3.37460584255797,51.6001396179199,40.1200966537702,4.934,Sub-Saharan Africa ,Low income
ER,2006,61.457,447.997404727201,6.85727453,3.43060593260149,53.1192588806152,40.1585888331385,4.881,Sub-Saharan Africa ,Low income
ER,2007,61.998,480.44762365456,5.2786293,3.49410228299017,50.1338500976562,40.2784930377592,4.812,Sub-Saharan Africa ,Low income
ER,2008,62.422,490.066956003333,6.57807541,3.5481668946527,51.3945808410645,40.4362607063139,4.737,Sub-Saharan Africa ,Low income
ER,2009,63.203,642.92572288007,5.42343187,3.60497388227024,51.8130187988281,40.5883432774844,4.656,Sub-Saharan Africa ,Low income
ER,2010,63.665,539.699512069686,4.81866503,3.66032847155859,51.5608596801758,40.6911921899525,4.571,Sub-Saharan Africa ,Low income
ER,2011,64.231,688.68165957684,5.1622901,3.71230804889803,51.8398818969727,40.8624855844964,4.486,Sub-Saharan Africa ,Low income
ES,2001,79.3682926829268,15368.2337984435,6.76929569,16.8103108793461,115.331329345703,15.8475793759903,1.23,Europe & Central Asia,High income
ES,2002,79.5682926829268,17111.0685058941,6.79878616,16.9184155055798,115.286270141602,15.5644729498625,1.25,Europe & Central Asia,High income
ES,2003,79.619512195122,21522.0170990262,7.59223175,16.8143513811509,114.452789306641,15.2122004417795,1.3,Europe & Central Asia,High income
ES,2004,79.8707317073171,24925.0267844576,7.68447876,16.6200037719819,115.084503173828,14.8304822106943,1.31,Europe & Central Asia,High income
ES,2005,80.1707317073171,26450.9530130382,7.77807474,16.5458746280758,117.570930480957,14.4590386155595,1.33,Europe & Central Asia,High income
ES,2006,80.8219512195122,28421.686527407,7.87072468,16.5359190105435,117.273666381836,14.0220409091183,1.36,Europe & Central Asia,High income
ES,2007,80.8731707317073,32652.015594702,7.96241188,16.4323340980449,117.488693237305,13.490557436925,1.38,Europe & Central Asia,High income
ES,2008,81.1756097560976,35603.248328071,8.4290638,16.4438826004183,117.210586547852,12.9746541971488,1.45,Europe & Central Asia,High income
ES,2009,81.4756097560976,32279.8208476151,9.1530304,16.624463548763,117.357116699219,12.584397187959,1.38,Europe & Central Asia,High income
ES,2010,81.6268292682927,30658.7422282912,9.16992569,16.8924601879808,122.622512817383,12.4298524075247,1.37,Europe & Central Asia,High income
ES,2011,82.4756097560976,31824.6219134777,9.21749687,17.1687054838507,126.152786254883,13.4200482874381,1.34,Europe & Central Asia,High income
ES,2012,82.4268292682927,28456.4438151477,9.2189045,17.4565170843771,127.786712646484,12.0395432976255,1.32,Europe & Central Asia,High income
ES,2013,83.0780487804878,29228.846559842,9.13714981,17.850818523935,126.814498901367,11.2505956077366,1.27,Europe & Central Asia,High income
ES,2014,83.2292682926829,29707.765509467,9.1512289,18.2556448430349,125.537757873535,10.5798592110443,1.32,Europe & Central Asia,High income
ES,2015,82.8317073170732,25982.4416197775,9.17553329,18.5417546078088,125.170799255371,11.2555313002962,1.33,Europe & Central Asia,High income
ES,2016,83.3292682926829,26755.6061149398,8.88084984,18.7673388766097,123.736541748047,10.338836110853,1.33,Europe & Central Asia,High income
ES,2017,83.2829268292683,28381.3425596906,9.0217495,18.9928200430073,121.1416015625,10.4366670528408,1.31,Europe & Central Asia,High income
ES,2018,83.4317073170732,30602.4212881113,9.07122517,19.2023408408683,120.109077453613,10.1845744948112,1.26,Europe & Central Asia,High income
ES,2019,83.8317073170732,29786.5245689007,9.21539497,19.3818276285973,119.379127502441,9.35354339662499,1.23,Europe & Central Asia,High income
ES,2020,82.2317073170732,27233.9426461608,10.79479218,19.5596160856506,118.338188171387,9.58105460690675,1.18,Europe & Central Asia,High income
FI,2001,77.9658536585366,24965.202996776,7.25165653,15.0767515855428,128.174865722656,7.91863988097532,1.73,Europe & Central Asia,High income
FI,2002,78.119512195122,26989.389260959,7.63005877,15.2453992330805,129.487838745117,7.82803108552653,1.72,Europe & Central Asia,High income
FI,2003,78.3682926829268,32920.0857192568,7.93988276,15.4567323140138,132.235412597656,7.73384704624823,1.76,Europe & Central Asia,High income
FI,2004,78.7146341463415,37768.1334202029,8.05999184,15.722183075154,110.782669067383,7.63663920076146,1.8,Europe & Central Asia,High income
FI,2005,78.8170731707317,39049.8703780223,8.28901291,15.9351969717591,111.326103210449,7.53695898668728,1.8,Europe & Central Asia,High income
FI,2006,79.2146341463415,41214.0187765069,8.2858429,16.2327000834465,110.277038574219,7.43418344243749,1.84,Europe & Central Asia,High income
FI,2007,79.2634146341464,48473.0240091455,8.08415604,16.4860618184775,109.042900085449,7.3276683346314,1.83,Europe & Central Asia,High income
FI,2008,79.5682926829268,53769.4726240385,8.34362221,16.629047778842,108.298301696777,7.21793319320128,1.85,Europe & Central Asia,High income
FI,2009,79.719512195122,47478.3495310999,9.16182804,16.8796258150036,107.702293395996,7.1054975480794,1.86,Europe & Central Asia,High income
FI,2010,79.8707317073171,46506.2919016566,9.14183331,17.2594164785613,108.609390258789,6.99088092919804,1.87,Europe & Central Asia,High income
FI,2011,80.4707317073171,51060.3242589767,9.23903561,17.8213910625007,109.248931884766,6.87039455156535,1.83,Europe & Central Asia,High income
FI,2012,80.6268292682927,47551.6740841369,9.61732101,18.4499585932434,109.962677001953,6.23115629479583,1.8,Europe & Central Asia,High income
FI,2013,80.9756097560976,49691.0145200739,9.84504986,19.0733570715343,145.653442382812,5.85285267653954,1.75,Europe & Central Asia,High income
FI,2014,81.1804878048781,50073.7760815871,9.83066177,19.6661048130943,147.413314819336,6.11857316281583,1.71,Europe & Central Asia,High income
FI,2015,81.4804878048781,42560.3456767103,9.69998264,20.2090618722589,150.819213867188,5.62500854589343,1.65,Europe & Central Asia,High income
FI,2016,81.4292682926829,43451.2562442158,9.45625591,20.6838033296157,152.471435546875,5.27813456745499,1.57,Europe & Central Asia,High income
FI,2017,81.6317073170732,46085.0174739036,9.19148445,21.1457473282604,153.583709716797,5.12673961318144,1.49,Europe & Central Asia,High income
FI,2018,81.7341463414634,49654.2497035329,9.10587025,21.6154814502107,153.651428222656,5.49695736300986,1.41,Europe & Central Asia,High income
FI,2019,81.9829268292683,48358.1807773701,9.22295189,22.061393842071,144.613204956055,5.37867032806067,1.35,Europe & Central Asia,High income
FI,2020,81.9317073170732,48828.6846862799,9.69977188,22.4906828905898,143.122909545898,4.89518090216668,1.37,Europe & Central Asia,High income
FJ,2000,66.194,1995.72071163264,3.42441177,3.43776793921816,75.6572799682617,13.1254459525217,2.992,East Asia & Pacific,Upper middle income
FJ,2001,66.205,1944.997414609,2.90547299,3.53579819114026,74.7156372070312,13.119078252,2.973,East Asia & Pacific,Upper middle income
FJ,2002,65.492,2136.56794118683,2.98349524,3.62688865852145,76.0836715698242,13.0520184992211,2.968,East Asia & Pacific,Upper middle income
FJ,2003,65.653,2655.58079586044,2.97298193,3.71620919650092,77.7666320800781,12.9523780036188,2.957,East Asia & Pacific,Upper middle income
FJ,2004,65.841,3097.19096651759,3.25768542,3.81527872767239,80.5614318847656,12.8482680746271,2.941,East Asia & Pacific,Upper middle income
FJ,2006,66.126,3455.10599907349,3.34798193,4.03014267736115,79.7871704101562,12.6984896212967,2.905,East Asia & Pacific,Upper middle income
FJ,2007,66.161,3762.74692789299,3.41514993,4.14754653431822,79.2860107421875,12.6168885408432,2.872,East Asia & Pacific,Upper middle income
FJ,2008,66.32,3899.92231512129,3.18467116,4.26422876270618,79.2769012451172,12.5346619260234,2.819,East Asia & Pacific,Upper middle income
FJ,2009,66.347,3164.13275408169,3.53587627,4.37657552199586,79.3391189575195,12.4634749225413,2.76,East Asia & Pacific,Upper middle income
FJ,2011,66.88,4139.60288609702,3.14293504,4.65088004942012,83.9304962158203,12.4871607646576,2.631,East Asia & Pacific,Upper middle income
FJ,2012,65.812,4341.40338748749,3.2655499,4.79425216563005,82.1471405029297,12.692818373804,2.612,East Asia & Pacific,Upper middle income
FJ,2014,66.581,5293.35676680464,3.36860466,5.08225672948922,88.1849686883865,12.1427162201265,2.591,East Asia & Pacific,Upper middle income
FJ,2015,66.48,5097.53106864695,3.32468939,5.20837642530085,87.836769819804,11.9373871022014,2.567,East Asia & Pacific,Upper middle income
FJ,2016,66.657,5363.79026679243,3.27979708,5.32890685686807,89.18202295018,12.3284242671983,2.518,East Asia & Pacific,Upper middle income
FJ,2018,66.965,6085.41979485376,4.10572624,5.64436642752786,92.0806759919252,12.7353038744821,2.419,East Asia & Pacific,Upper middle income
FJ,2019,67.009,5842.07344577597,4.28229284,5.8208579193671,91.8760588497548,12.9123773053208,2.385,East Asia & Pacific,Upper middle income
FJ,2020,66.924,4620.6457238014,5.28987408,5.98707270130049,91.541633605957,12.4187981716598,2.357,East Asia & Pacific,Upper middle income
FM,2004,64.898,2104.42804750084,12.23538685,3.48446064569736,85.3729476928711,12.7021122268013,3.681,East Asia & Pacific,Lower middle income
FM,2005,64.906,2207.16844533875,17.94844818,3.46372024557498,87.2520217895508,12.5823216367352,3.595,East Asia & Pacific,Lower middle income
FR,2001,79.1585365853659,22331.7948343036,9.75719261,16.1191468960649,104.571113586426,15.8802927901306,1.9,Europe & Central Asia,High income
FR,2002,79.2609756097561,24144.5727019529,10.08250141,16.2151106246385,103.186340332031,15.6420884990136,1.88,Europe & Central Asia,High income
FR,2003,79.1146341463415,29479.5222101175,10.13474941,16.2833219150672,102.772102355957,15.3886822893843,1.89,Europe & Central Asia,High income
FR,2004,80.1634146341463,33644.9282220364,10.2117033,16.3656994827148,102.220016479492,15.1340731426338,1.92,Europe & Central Asia,High income
FR,2005,80.1634146341463,34696.3718316971,10.23720551,16.4377318294942,106.781677246094,14.8922600401531,1.94,Europe & Central Asia,High income
FR,2006,80.8121951219512,36431.5658906555,10.39764977,16.4417997065665,106.927520751953,14.6287316954908,2.0,Europe & Central Asia,High income
FR,2007,81.1121951219512,41486.1907828787,10.33418846,16.4622881383827,106.69352722168,14.3339971201938,1.98,Europe & Central Asia,High income
FR,2008,81.2146341463415,45464.8181385158,10.51340675,16.5489941970548,106.432838439941,14.0595857426506,2.01,Europe & Central Asia,High income
FR,2009,81.4146341463415,41728.0884164132,11.29095459,16.6603292280856,106.239227294922,13.8570269912499,2.0,Europe & Central Asia,High income
FR,2010,81.6634146341463,40694.8211697025,11.22430801,16.7822818238459,106.424942016602,13.7778502943804,2.03,Europe & Central Asia,High income
FR,2011,82.1146341463415,43929.7840873812,11.17601013,17.0554720144704,106.610641479492,13.7974719352463,2.01,Europe & Central Asia,High income
FR,2012,81.9682926829268,40863.5814412333,11.33749485,17.4830959695717,105.813583374023,12.5585885208406,2.01,Europe & Central Asia,High income
FR,2013,82.219512195122,42669.1795111893,11.37891197,17.9295780155891,104.376602172852,12.4582922718332,1.99,Europe & Central Asia,High income
FR,2014,82.719512195122,43148.0459288416,11.57935429,18.387873214191,103.425827026367,10.687674674804,2.0,Europe & Central Asia,High income
FR,2015,82.3219512195122,36702.4323733379,11.50032997,18.8516269618174,103.396041870117,11.3442976642006,1.96,Europe & Central Asia,High income
FR,2016,82.5731707317073,37024.2157133669,11.57036018,19.2846641669454,103.308097839355,10.508154814077,1.92,Europe & Central Asia,High income
FR,2017,82.5756097560976,38687.1626407164,11.44944572,19.6708486830069,103.756080627441,10.4583123660264,1.89,Europe & Central Asia,High income
FR,2018,82.6756097560976,41418.1766484844,11.30847645,20.0394210628073,103.773330688477,10.4599453286038,1.87,Europe & Central Asia,High income
FR,2019,82.8268292682927,40408.2848574751,11.17058277,20.4100888765873,104.07689666748,9.82524600527018,1.86,Europe & Central Asia,High income
FR,2020,82.1756097560976,39169.8606000707,12.12949371,20.747440901072,104.566566467285,9.60038144780495,1.82,Europe & Central Asia,High income
GA,2001,61.982,3835.75718279727,3.15198207,4.85213484999296,48.6175193786621,27.9231955635788,4.417,Sub-Saharan Africa ,Upper middle income
GA,2002,62.175,3966.48001864663,3.32970691,4.78364625111978,49.4348793029785,27.7007178410938,4.36,Sub-Saharan Africa ,Upper middle income
GA,2019,67.337,7441.1786472281,2.76837039,3.99260397789748,70.2639966402203,27.5241895785238,3.884,Sub-Saharan Africa ,Upper middle income
GB,2000,77.7414634146342,28383.8761094996,7.14559078,15.8897578485505,101.204360961914,16.1050537226586,1.64,Europe & Central Asia,High income
GB,2001,77.9926829268293,28013.8729635508,7.43276882,15.9091370627726,101.229797363281,15.8242932230906,1.63,Europe & Central Asia,High income
GB,2002,78.1439024390244,30158.7017807858,7.85946798,15.931456068173,102.614517211914,15.5139600251641,1.63,Europe & Central Asia,High income
GB,2003,78.4463414634146,34556.7726095905,8.05214596,15.944049006037,102.157028198242,15.1808631587997,1.7,Europe & Central Asia,High income
GB,2004,78.7463414634146,40504.4118103928,8.32219028,15.9607524797213,104.942939758301,14.8318116539182,1.75,Europe & Central Asia,High income
GB,2005,79.0487804878049,42240.2462987547,8.38108349,15.9578367640377,105.705047607422,14.4736145404402,1.76,Europe & Central Asia,High income
GB,2006,79.2487804878049,44695.161023424,8.53970814,15.9311877692873,98.4682769775391,14.0333652646937,1.82,Europe & Central Asia,High income
GB,2007,79.4487804878049,50629.0799172887,8.76035309,15.9485662135398,97.7785186767578,13.5048788789412,1.86,Europe & Central Asia,High income
GB,2008,79.6,47652.4030691881,9.03295708,16.0367055435496,98.8158798217773,12.9950468220049,1.91,Europe & Central Asia,High income
GB,2009,80.0512195121951,39009.3715547821,9.83944035,16.1801963230047,100.634750366211,12.6107605327068,1.89,Europe & Central Asia,High income
GB,2010,80.4024390243902,39778.3220528565,9.78799534,16.3383853690104,103.461151123047,12.4589114498692,1.92,Europe & Central Asia,High income
GB,2011,80.9512195121951,42295.9273835322,9.79682636,16.5874649936032,94.1645202636719,13.0110598336171,1.91,Europe & Central Asia,High income
GB,2012,80.9048780487805,42688.3263728372,9.89332199,16.9733440416117,92.5272903442383,11.4844614132453,1.92,Europe & Central Asia,High income
GB,2013,81.0048780487805,43606.9837896348,9.99087143,17.3279065798855,126.064338684082,11.3936196663408,1.83,Europe & Central Asia,High income
GB,2014,81.3048780487805,47746.2421759562,9.97686195,17.5840843935351,128.822494506836,10.8076454562065,1.81,Europe & Central Asia,High income
GB,2015,80.9560975609756,45255.3449216209,9.94044876,17.7699801979471,126.110870361328,10.4602728529493,1.8,Europe & Central Asia,High income
GB,2017,81.2560975609756,40916.8115070354,9.70468903,18.0734136212163,125.62979888916,10.3814201449701,1.74,Europe & Central Asia,High income
GB,2018,81.2560975609756,43702.9976303165,9.79496574,18.2557500676941,120.088279724121,10.2397854923418,1.68,Europe & Central Asia,High income
GB,2019,81.3691219512195,43158.7411267323,9.97954082,18.457958087858,117.156600952148,9.94569869317993,1.632,Europe & Central Asia,High income
GB,2020,80.331756097561,40812.6794663879,12.10388088,18.6057953275723,114.617248535156,9.91288560282114,1.571,Europe & Central Asia,High income
GD,2002,73.142,4984.47405931447,6.17569733,8.80498503290915,110.115692138672,23.2305265205835,2.378,Latin America & Caribbean ,Upper middle income
GD,2003,73.291,5427.96377252312,5.28485727,8.94208515484369,114.018257141113,22.577847847533,2.332,Latin America & Caribbean ,Upper middle income
GD,2004,72.447,5480.26117644588,5.36568451,9.07224038967276,107.162467956543,22.0116680536221,2.285,Latin America & Caribbean ,Upper middle income
GD,2005,73.7,6338.56011405358,5.14460278,9.19400917669466,101.858772277832,21.7236256354138,2.242,Latin America & Caribbean ,Upper middle income
GD,2007,74.159,6864.54816771858,5.23867893,9.38821858190488,116.305992126465,21.7656739128403,2.154,Latin America & Caribbean ,Upper middle income
GD,2008,74.374,7448.2040563865,5.386199,9.46742894243255,116.674461364746,21.8694393250835,2.116,Latin America & Caribbean ,Upper middle income
GD,2009,74.567,6932.56472176781,5.43471003,9.54392651050749,107.998832702637,21.960422224752,2.078,Latin America & Caribbean ,Upper middle income
GD,2010,74.731,6909.60169568597,5.4188118,9.63561737135483,117.012619018555,21.9876650906501,2.038,Latin America & Caribbean ,Upper middle income
GD,2011,74.861,6947.38136096464,5.80423355,9.71368409782386,108.343828715365,21.6067771005585,2.006,Latin America & Caribbean ,Upper middle income
GD,2013,75.022,7424.80212287327,5.62652922,9.85178919171359,106.78381256656,22.8659000098273,1.913,Latin America & Caribbean ,Upper middle income
GD,2014,75.045,7986.33421210788,4.77353573,9.95211663738757,106.993851559069,23.3249292849377,1.799,Latin America & Caribbean ,Upper middle income
GD,2015,75.037,8694.12438005692,4.64675617,10.0670584952388,105.402661854275,25.177742151728,1.715,Latin America & Caribbean ,Upper middle income
GD,2016,75.01,9221.23461079424,4.43910027,10.203682793364,105.224225612575,25.0768814910495,1.616,Latin America & Caribbean ,Upper middle income
GD,2017,74.977,9751.42661155932,4.65701056,10.363571787453,104.433148126256,24.3014719560486,1.438,Latin America & Caribbean ,Upper middle income
GD,2018,74.957,10083.021279225,4.58373737,10.5474928905446,110.379410343161,24.0969881609342,1.53,Latin America & Caribbean ,Upper middle income
GD,2020,75.019,8968.55890108484,5.30602551,10.9858089581489,104.298669179131,24.6572416056476,1.532,Latin America & Caribbean ,Upper middle income
GE,2000,70.091,749.908534993961,7.194592,12.4064252541033,83.4423599243164,15.6475442783829,1.609,Europe & Central Asia,Upper middle income
GE,2001,70.371,801.98383707929,7.16950893,12.7919120807699,86.5363998413086,15.4858796277587,1.579,Europe & Central Asia,Upper middle income
GE,2002,70.438,853.526171868939,7.81474257,13.2308941236066,89.9919891357422,15.3404190761104,1.571,Europe & Central Asia,Upper middle income
GE,2003,71.377,1010.03151630868,8.02952862,13.697878561727,94.034912109375,15.2342270045445,1.552,Europe & Central Asia,Upper middle income
GE,2004,71.011,1305.04748557208,8.08910847,14.1309569464163,90.6913909912109,15.1903677941676,1.566,Europe & Central Asia,Upper middle income
GE,2005,70.689,1642.78359414797,8.07734203,14.5094136281209,95.7935409545898,15.2319058260863,1.583,Europe & Central Asia,Upper middle income
GE,2006,70.983,1996.02013272284,7.63208008,14.7759784806628,98.6351013183594,15.421065141324,1.617,Europe & Central Asia,Upper middle income
GE,2007,70.985,2635.36650276116,7.43517828,14.777333343415,107.933776855469,15.8176451636329,1.697,Europe & Central Asia,Upper middle income
GE,2008,70.949,3324.7537205015,8.44424057,14.506473987398,110.87841796875,16.4410733482129,1.832,Europe & Central Asia,Upper middle income
GE,2009,71.058,2822.68939668797,9.56681633,14.0937327320994,106.653327941895,17.3107771502641,1.993,Europe & Central Asia,Upper middle income
GE,2013,73.025,4712.00229382665,8.00574589,13.8538640763955,107.038832287684,22.2517576861155,1.993,Europe & Central Asia,Upper middle income
GE,2014,73.105,4830.33486170249,8.2940836,14.0293265167653,105.757088910744,20.9791754789627,2.18,Europe & Central Asia,Upper middle income
GE,2015,73.241,4086.6223465965,8.6599493,14.1419424262625,106.764155546761,20.3304736500391,2.214,Europe & Central Asia,Upper middle income
GE,2016,73.136,4143.40125686315,9.07258892,14.2606638033131,107.779901789534,19.3139668885259,2.228,Europe & Central Asia,Upper middle income
GE,2017,73.435,4418.75206546679,8.70140266,14.374380908966,109.523203664239,18.5342689563052,2.136,Europe & Central Asia,Upper middle income
GE,2018,73.985,4804.0546040444,7.75524616,14.5183098161021,111.616827005361,18.4542384404894,2.093,Europe & Central Asia,Upper middle income
GE,2019,74.165,4741.2832715876,7.31291389,14.7044720808539,111.900853903077,17.6183021493385,2.021,Europe & Central Asia,Upper middle income
GE,2020,73.509,4300.85701291207,9.22991848,14.8874851870996,108.06699476725,17.0438421058507,1.976,Europe & Central Asia,Upper middle income
GH,2000,58.139,253.746936203344,1.66343236,3.14081207665882,32.5775909423828,63.1064681783884,4.827,Sub-Saharan Africa ,Lower middle income
GH,2001,58.403,263.542156494853,1.86866331,3.19159921532473,30.9433898925781,61.7577773171224,4.768,Sub-Saharan Africa ,Lower middle income
GH,2002,58.709,297.46164468774,1.94694591,3.23691900600249,32.267578125,58.5079990125567,4.687,Sub-Saharan Africa ,Lower middle income
GH,2003,59.014,358.39927142073,2.14935279,3.27808456754226,33.6547889709473,54.55157468354,4.597,Sub-Saharan Africa ,Lower middle income
GH,2004,59.316,406.132105329565,2.36955285,3.31253717138846,36.1445503234863,51.0829457489213,4.504,Sub-Saharan Africa ,Lower middle income
GH,2005,59.638,478.611909191028,3.27344108,3.33811029033333,38.1276893615723,49.2965536275491,4.496,Sub-Saharan Africa ,Lower middle income
GH,2006,59.975,906.441027564887,3.67208791,3.35961985880465,39.8474884033203,48.7854118185382,4.399,Sub-Saharan Africa ,Lower middle income
GH,2007,60.282,1050.12461524926,3.70900321,3.37850889924783,43.759521484375,48.3578583443151,4.288,Sub-Saharan Africa ,Lower middle income
GH,2008,60.578,1182.65761256016,3.72533512,3.38781991514538,46.0595817565918,48.0313214086965,4.217,Sub-Saharan Africa ,Lower middle income
GH,2009,60.928,1047.70430093586,4.17717743,3.38595245895708,47.9277191162109,47.8232292154989,4.179,Sub-Saharan Africa ,Lower middle income
GH,2011,61.617,1507.43573198753,4.46374655,3.36998097113143,55.6069297790527,52.8014316063294,4.177,Sub-Saharan Africa ,Lower middle income
GH,2012,61.995,1543.77524235764,3.93023658,3.35645054211975,56.7326017795109,56.9570423348518,4.154,Sub-Saharan Africa ,Lower middle income
GH,2013,62.397,2294.79584693743,4.59225416,3.34807585976035,68.1991424560547,44.7306236715724,4.114,Sub-Saharan Africa ,Lower middle income
GH,2014,62.832,1949.90832923846,4.01644135,3.35054259133107,63.974569978053,43.9627293584075,4.029,Sub-Saharan Africa ,Lower middle income
GH,2015,63.175,1722.77282833606,4.54299259,3.35879820466689,67.0486566518056,68.0112284884927,3.982,Sub-Saharan Africa ,Lower middle income
GH,2016,63.522,1912.47991339951,3.39035821,3.36936577242403,67.2644101341977,62.8889642906448,3.873,Sub-Saharan Africa ,Lower middle income
GH,2017,63.829,2012.28662641265,2.68786979,3.38515734651757,66.6359450193038,60.3590341738153,3.715,Sub-Saharan Africa ,Lower middle income
GH,2018,64.138,2195.32166016377,2.43001175,3.40728721613155,68.2222557975165,56.0041825783104,3.65,Sub-Saharan Africa ,Lower middle income
GH,2019,64.455,2186.65822682613,3.25450468,3.43641156155462,71.1877006008423,49.6566317016668,3.593,Sub-Saharan Africa ,Lower middle income
GH,2020,64.309,2195.45481659987,4.4331708,3.46870648905354,74.0102186341371,54.2427873097724,3.541,Sub-Saharan Africa ,Lower middle income
GM,2008,60.473,859.127671411226,4.65938759,2.66253798439037,45.2912902832031,52.8021873528893,5.625,Sub-Saharan Africa ,Low income
GM,2009,60.735,774.888030908091,4.46430635,2.65621472436075,46.214469909668,52.8249961051957,5.574,Sub-Saharan Africa ,Low income
GM,2010,61.167,801.033372714536,4.11944056,2.65655643703161,45.5351409912109,52.9097272339557,5.558,Sub-Saharan Africa ,Low income
GN,2001,52.669,483.085120214741,4.88433027,3.94372456077078,18.4985904693604,46.2915148965972,5.834,Sub-Saharan Africa ,Lower middle income
GN,2002,53.2,495.916073559269,5.35653734,3.9247974320692,21.2247695922852,45.7195532636765,5.781,Sub-Saharan Africa ,Lower middle income
GN,2003,53.589,566.48540588068,4.77216482,3.89461176560374,22.6574001312256,45.0214167699546,5.744,Sub-Saharan Africa ,Lower middle income
GN,2004,53.975,584.897740538081,4.77632809,3.86192873214575,24.6455307006836,44.4059611642013,5.733,Sub-Saharan Africa ,Lower middle income
GN,2005,54.422,463.17768685098,4.03452682,3.8268705470874,29.0273208618164,44.0820421951864,5.727,Sub-Saharan Africa ,Lower middle income
GN,2006,54.875,446.980554135013,3.61526895,3.79216221124277,32.2970886230469,43.9817436076682,5.704,Sub-Saharan Africa ,Lower middle income
GN,2008,55.703,703.532825784369,3.26561713,3.72217756785257,33.2380905151367,43.8620540383665,5.596,Sub-Saharan Africa ,Lower middle income
GN,2011,56.778,636.694958747648,3.78955102,3.6126852219379,36.7464790344238,45.7355495093342,5.337,Sub-Saharan Africa ,Lower middle income
GN,2012,57.117,699.353377212197,3.50398517,3.58154206710283,36.8766899108887,47.8451474722102,5.232,Sub-Saharan Africa ,Lower middle income
GN,2014,57.581,765.146999389279,4.787992,3.53117914840192,38.5548782348633,39.8496366263944,5.07,Sub-Saharan Africa ,Lower middle income
GQ,2000,53.395,1487.3165506701,1.22260201,3.32656029826001,21.7535190582275,36.2092084679716,5.834,Sub-Saharan Africa ,Upper middle income
GQ,2001,53.827,1948.61145907844,1.32559299,3.34306657926972,18.6993808746338,35.6237081613021,5.785,Sub-Saharan Africa ,Upper middle income
GQ,2002,54.324,2264.21065580365,2.88730073,3.39015761500933,18.1188793182373,34.2165652476179,5.731,Sub-Saharan Africa ,Upper middle income
GQ,2005,55.766,8673.9026086535,1.42048728,3.59580817149004,17.7594795227051,30.3055158219553,5.559,Sub-Saharan Africa ,Upper middle income
GR,2000,77.8878048780488,11638.2010697215,7.51388931,17.0253560470145,97.0996704101562,24.3887788903302,1.25,Europe & Central Asia,High income
GR,2001,78.3878048780488,12156.9572824221,8.24545956,17.2643804550213,102.047653198242,24.1488338817268,1.25,Europe & Central Asia,High income
GR,2002,78.6414634146341,13782.195640943,8.46998692,17.5345403019967,98.1837997436523,23.8019671660229,1.28,Europe & Central Asia,High income
GR,2003,78.8414634146341,18020.612039764,8.68253994,17.8326525756216,94.3411178588867,23.3884257573202,1.29,Europe & Central Asia,High income
GR,2004,79.0390243902439,21449.2552764245,8.30002213,18.1032230996581,92.8870162963867,22.9484566697207,1.31,Europe & Central Asia,High income
GR,2005,79.2390243902439,22054.1315756886,8.76117897,18.324814559179,96.8381423950195,22.5223069173261,1.34,Europe & Central Asia,High income
GR,2006,79.4390243902439,24416.0232970275,8.39596939,18.489341535326,96.8165969848633,22.0311629396323,1.4,Europe & Central Asia,High income
GR,2007,79.4390243902439,28440.7625328955,8.52304935,18.6048300174461,95.9788131713867,21.4468579907,1.41,Europe & Central Asia,High income
GR,2010,80.3878048780488,26653.0488008626,9.61952496,19.1578896272878,107.819053649902,20.2971496759618,1.48,Europe & Central Asia,High income
GR,2011,80.7317073170732,25504.7866510124,9.18577003,19.5073861649055,105.956047058105,21.3833542936023,1.4,Europe & Central Asia,High income
GR,2012,80.6341463414634,21624.346052551,9.04327774,19.8890960349321,106.290550231934,18.8095113490598,1.34,Europe & Central Asia,High income
GR,2013,81.2853658536585,21573.3449762805,8.52183914,20.2915184129021,107.414306640625,17.9600807887087,1.29,Europe & Central Asia,High income
GR,2014,81.3853658536585,21474.7257123892,7.94358587,20.6970672852563,103.468589782715,16.8699265288991,1.3,Europe & Central Asia,High income
GR,2015,81.0365853658537,17980.7298238137,8.26719952,21.0794802004731,103.377700805664,17.2372072771469,1.33,Europe & Central Asia,High income
GR,2016,81.3878048780488,17919.2426377048,8.45097542,21.3988876993596,103.952072143555,15.7750345686768,1.38,Europe & Central Asia,High income
GR,2017,81.2878048780488,18631.9930129293,8.11336899,21.6563374262051,104.228790283203,15.6724100278411,1.35,Europe & Central Asia,High income
GR,2018,81.7878048780488,19873.4015238771,8.07267761,21.8966337548395,103.891693115234,15.5840100248101,1.35,Europe & Central Asia,High income
GR,2019,81.6390243902439,19335.3602002969,8.11709499,22.1273853041386,106.527839660645,14.9419055519621,1.34,Europe & Central Asia,High income
GR,2020,81.2878048780488,17886.733165236,9.38074493,22.3934327342108,103.615829467773,14.4089280374361,1.39,Europe & Central Asia,High income
GT,2000,67.102,1648.96578971559,5.39686108,3.73815397220214,30.9806594848633,37.474592031175,4.583,Latin America & Caribbean ,Upper middle income
GT,2001,67.436,1537.68663578252,6.07023716,3.75274595548557,32.8574981689453,36.5460733532087,4.502,Latin America & Caribbean ,Upper middle income
GT,2002,67.835,1669.33517469705,6.01301289,3.76116337211602,35.5038414001465,35.1317690659313,4.371,Latin America & Caribbean ,Upper middle income
GT,2004,68.245,1840.91184884,6.26182795,3.77312276135316,38.6178703308105,31.9211611002083,4.134,Latin America & Caribbean ,Upper middle income
GT,2005,68.167,2046.46611650758,6.14826393,3.78118923531486,40.5942687988281,30.6625361401451,3.974,Latin America & Caribbean ,Upper middle income
GT,2006,68.79,2225.1234753878,6.36362219,3.79306956516828,42.4339714050293,29.5999508598572,3.845,Latin America & Caribbean ,Upper middle income
GT,2007,69.299,2458.81573919384,6.1918335,3.810862698908,44.2429885864258,28.5247503758314,3.716,Latin America & Caribbean ,Upper middle income
GT,2008,69.493,2763.05988172926,6.08129978,3.835542347731,45.231330871582,27.5798309047198,3.571,Latin America & Caribbean ,Upper middle income
GT,2009,69.676,2611.64632773352,6.33938646,3.86545115788551,48.2657203674316,26.9080886631746,3.465,Latin America & Caribbean ,Upper middle income
GT,2010,69.885,2805.25960237322,6.1247797,3.89839389177153,52.1883200232994,26.652419867848,3.375,Latin America & Caribbean ,Upper middle income
GT,2011,70.321,3168.98370607705,5.96306896,3.93468132757527,52.7689609562719,30.2785784962163,3.292,Latin America & Caribbean ,Upper middle income
GT,2012,70.722,3286.61959336267,6.07316971,3.97674988608911,53.1178493302463,27.3005597247054,3.219,Latin America & Caribbean ,Upper middle income
GT,2013,70.878,3444.15802275864,5.77188921,4.02901411631479,53.323315834897,29.0925322950372,3.151,Latin America & Caribbean ,Upper middle income
GT,2014,70.942,3689.14510410202,5.8885684,4.08970314171432,52.9668023678254,26.7327979035299,3.088,Latin America & Caribbean ,Upper middle income
GT,2015,70.915,3893.50533299068,6.00602007,4.15188561448804,54.8864188204824,27.4004163899267,3.029,Latin America & Caribbean ,Upper middle income
GT,2016,71.215,4060.13784737643,6.07008219,4.21599740853021,54.4252556188872,25.2167964925021,2.973,Latin America & Caribbean ,Upper middle income
GT,2017,71.583,4324.99768915601,6.13563824,4.28938967150886,54.0444773151521,25.1845452119376,2.857,Latin America & Caribbean ,Upper middle income
GT,2018,71.496,4352.94593289707,6.10662699,4.37433087464238,54.0797647125185,23.2233964899274,2.743,Latin America & Caribbean ,Upper middle income
GT,2019,71.639,4511.99839552697,6.17443275,4.46874605807685,52.5563883982916,20.2102810509295,2.593,Latin America & Caribbean ,Upper middle income
GT,2020,69.971,4477.61785000665,6.4591527,4.54512130915561,51.7956964848587,21.6357355920496,2.47,Latin America & Caribbean ,Upper middle income
GW,2000,50.565,316.945495037639,4.18953228,3.59018757382624,17.9289207458496,55.3089810391368,5.786,Sub-Saharan Africa ,Low income
GW,2005,52.949,463.073962650452,4.53462505,3.1194956808681,32.1273002624512,48.4840706098473,5.46,Sub-Saharan Africa ,Low income
GW,2006,54.089,448.513075469701,5.07826185,3.04549734067452,34.3966407775879,48.5140057166139,5.406,Sub-Saharan Africa ,Low income
GY,2001,64.38,931.574723847673,3.05506778,3.87388772069812,94.4679107666016,27.6749218196649,2.958,Latin America & Caribbean ,High income
GY,2003,64.117,973.742598054188,3.26884198,3.95589577533264,83.45947265625,25.5932264409115,2.75,Latin America & Caribbean ,High income
GY,2005,64.392,1084.06541388904,3.79409742,4.09599507960164,86.2115325927734,24.0485081255405,2.648,Latin America & Caribbean ,High income
GY,2007,65.462,3608.28685240188,4.28126192,4.26108906462948,85.3779830932617,23.9276414429482,2.681,Latin America & Caribbean ,High income
GY,2008,65.721,4008.9628671603,4.20242214,4.36267114052158,86.2414169311523,23.9520301855779,2.697,Latin America & Caribbean ,High income
GY,2009,66.03,4209.13230624565,4.35117149,4.47876196326523,89.8750076293945,23.9438660671232,2.694,Latin America & Caribbean ,High income
GY,2010,66.204,4581.76179693492,4.21897697,4.61337339082143,93.2864608764648,23.836323399808,2.684,Latin America & Caribbean ,High income
GY,2011,66.469,4947.22170589917,4.17213488,4.76946417155731,101.134757995605,23.1327579636656,2.694,Latin America & Caribbean ,High income
GY,2012,66.443,5444.39751913913,3.7081871,4.9117733959454,102.622467041016,24.0202750476087,2.701,Latin America & Caribbean ,High income
GY,2020,67.751,6775.70939096303,5.37510586,6.0011281992219,86.9400100708008,25.460668047299,2.491,Latin America & Caribbean ,High income
HN,2006,69.364,1425.84780051892,7.86318684,2.96961589336164,57.6387100219727,26.8538605929398,3.449,Latin America & Caribbean ,Lower middle income
HN,2007,69.539,1577.73789197407,8.08494949,2.97925977292205,59.5118598937988,25.7618807352975,3.351,Latin America & Caribbean ,Lower middle income
HN,2008,69.657,1732.49062702803,8.60362625,2.99476311458459,59.5015602111816,24.7098957241816,3.26,Latin America & Caribbean ,Lower middle income
HN,2010,69.77,1893.32722662035,8.72536373,3.04945297131114,66.1681900024414,23.6046775290367,3.078,Latin America & Caribbean ,Lower middle income
HN,2011,70.116,2073.66121088074,8.79187012,3.09140488418648,65.9018478393555,27.5473866010646,2.998,Latin America & Caribbean ,Lower middle income
HN,2012,70.46,2126.03474686503,8.65655136,3.1480962903768,64.5327911376953,24.209066840265,2.927,Latin America & Caribbean ,Lower middle income
HN,2013,70.765,2081.12843527945,8.47723007,3.22201663746013,61.920711517334,26.2100830737093,2.855,Latin America & Caribbean ,Lower middle income
HN,2014,71.032,2179.88171977271,7.91455746,3.31527020626721,49.4766821842053,24.197048630279,2.793,Latin America & Caribbean ,Lower middle income
HN,2015,71.323,2271.20265980349,7.4837904,3.4226865952786,50.3511085144012,24.6931989438968,2.746,Latin America & Caribbean ,Lower middle income
HN,2016,71.615,2307.34468351082,7.709445,3.53528544321415,51.0466486801865,22.8829846790784,2.704,Latin America & Caribbean ,Lower middle income
HN,2017,71.805,2413.0076562942,7.00668859,3.6514707524241,51.0120391845703,22.0571250886782,2.663,Latin America & Caribbean ,Lower middle income
HN,2019,72.124,2502.32744328073,7.34316635,3.88983564207188,64.3524169921875,18.1436603524166,2.611,Latin America & Caribbean ,Lower middle income
HN,2020,70.864,2307.61494319511,9.21912384,3.99409445424469,58.4268999434804,20.3136833896573,2.577,Latin America & Caribbean ,Lower middle income
HR,2001,74.5129268292683,5364.83824691607,7.16995239,16.3137839160889,94.7751998901367,22.9227100117706,1.46,Europe & Central Asia,High income
HR,2002,74.7173170731707,6219.58164143945,6.14300489,16.6629681510778,95.021728515625,23.4705060596986,1.42,Europe & Central Asia,High income
HR,2003,74.6139024390244,8190.11135193887,6.29782534,16.9764059882703,95.4956436157227,24.0769485978838,1.41,Europe & Central Asia,High income
HR,2005,75.2446341463415,10443.5278353294,6.84068108,17.4721125391927,99.0768890380859,24.7706419784151,1.5,Europe & Central Asia,High income
HR,2006,75.8368292682927,11501.2099669894,6.90362167,17.6497173177626,99.0345077514648,24.4359067796249,1.47,Europe & Central Asia,High income
HR,2007,75.7056097560976,13755.8321073292,7.38946152,17.8090501185775,99.0125274658203,23.6376920748174,1.48,Europe & Central Asia,High income
HR,2008,75.9121951219512,15888.0606949392,7.63643503,17.9300058255278,98.9992294311523,22.6849842013375,1.47,Europe & Central Asia,High income
HR,2009,76.1682926829268,14474.6519774194,8.03311729,17.9445430208648,98.9394226074219,21.88676949653,1.5,Europe & Central Asia,High income
HR,2010,76.4756097560976,13729.7654965022,7.94908857,17.8775514569316,98.8955230712891,21.5520342977398,1.46,Europe & Central Asia,High income
HR,2011,76.7756097560976,14691.558296292,7.62508154,17.9482034299939,99.2656021118164,23.6135683044921,1.41,Europe & Central Asia,High income
HR,2012,77.1682926829268,13507.7805260991,7.63413,18.2004685581559,99.3463897705078,20.9195365864097,1.52,Europe & Central Asia,High income
HR,2013,77.5707317073171,14134.9474982889,6.37271595,18.4765925399494,101.800498962402,20.2640413078795,1.46,Europe & Central Asia,High income
HR,2014,77.7243902439024,14186.7295493276,6.56612396,18.8122396153648,102.528923034668,19.8289409065182,1.46,Europe & Central Asia,High income
HR,2015,77.2756097560976,12283.7840620053,6.65548038,19.2311236257324,102.981330871582,20.1718710437292,1.41,Europe & Central Asia,High income
HR,2016,77.9219512195122,12820.1653893008,6.69167471,19.6581193481792,103.719436645508,18.1778313300349,1.43,Europe & Central Asia,High income
HR,2017,77.7268292682927,13901.7878144679,6.62803125,20.1354432241616,104.214416503906,18.7613905967833,1.42,Europe & Central Asia,High income
HR,2018,77.919512195122,15460.3669595491,6.7136178,20.6682803013664,104.960083007812,20.0014497847215,1.47,Europe & Central Asia,High income
HR,2019,78.2243902439024,15563.5987295029,6.78699923,21.1822163945349,105.13597869873,15.914853988952,1.47,Europe & Central Asia,High income
HR,2020,77.5243902439024,14807.5608543265,7.68352938,21.6661760190675,105.585418701172,16.1208592960264,1.48,Europe & Central Asia,High income
HU,2001,72.2487804878049,5280.94887987063,6.8197937,15.0282982957088,98.4254531860352,20.8202477715374,1.31,Europe & Central Asia,High income
HU,2002,72.3487804878049,6658.04494326809,7.1181159,15.1445305011888,99.8345108032227,21.1522211901366,1.3,Europe & Central Asia,High income
HU,2003,72.3,8410.09248198479,8.12986469,15.2593891183497,101.850860595703,21.5344986819374,1.27,Europe & Central Asia,High income
HU,2004,72.6487804878049,10291.2694721409,7.76592064,15.3777428066872,95.9443588256836,21.8498407835233,1.28,Europe & Central Asia,High income
HU,2005,72.6487804878049,11212.2046968994,7.99248505,15.5256869215135,97.3733291625977,21.9810080314777,1.31,Europe & Central Asia,High income
HU,2006,73.0975609756098,11478.4891640501,7.78556442,15.6863377235075,97.7556076049805,21.8234247969572,1.34,Europe & Central Asia,High income
HU,2007,73.1512195121951,13934.605460375,7.20719147,15.8737698114172,97.8563613891602,21.4476493915619,1.32,Europe & Central Asia,High income
HU,2008,73.7024390243903,15762.6322515113,7.09275723,16.0784880624344,98.3803329467773,20.9991432625418,1.35,Europe & Central Asia,High income
HU,2009,73.9048780487805,13051.1831777184,7.2366724,16.3035583696567,99.7433776855469,20.6233678571466,1.32,Europe & Central Asia,High income
HU,2010,74.2073170731707,13189.8433874768,7.46420383,16.4983294883917,101.997688293457,20.465784622626,1.25,Europe & Central Asia,High income
HU,2011,74.8585365853659,14211.460557822,7.49342251,16.702614184748,103.081069946289,21.3088927870016,1.23,Europe & Central Asia,High income
HU,2012,75.0634146341463,12950.1594488143,7.43047714,16.9920445700114,101.234046936035,18.932021260415,1.34,Europe & Central Asia,High income
HU,2013,75.5658536585366,13739.4620151401,7.23645353,17.3215490022521,107.21753692627,17.8529756602872,1.36,Europe & Central Asia,High income
HU,2014,75.7634146341463,14352.501883174,7.04192352,17.6863017779257,106.026969909668,17.9397743889142,1.45,Europe & Central Asia,High income
HU,2015,75.5682926829269,12782.9412577973,6.8501935,18.0559904650891,104.633018493652,17.9802501362595,1.46,Europe & Central Asia,High income
HU,2016,76.0634146341464,13215.8605277789,6.96752644,18.4382661409188,103.966499328613,16.2389389235353,1.55,Europe & Central Asia,High income
HU,2017,75.8170731707317,14736.1668157258,6.73338366,18.7797493757284,104.152000427246,17.0236884271225,1.56,Europe & Central Asia,High income
HU,2018,76.0658536585366,16605.0570511887,6.55460501,19.1292329288769,103.612083435059,17.5018535227019,1.57,Europe & Central Asia,High income
HU,2019,76.3195121951219,17012.8598553199,6.24677849,19.6029229874294,102.438682556152,14.6412354449754,1.58,Europe & Central Asia,High income
HU,2020,75.419512195122,16386.9308821258,7.230515,20.0906737724303,101.940628051758,14.1364995764273,1.61,Europe & Central Asia,High income
ID,2000,66.292,763.711124950924,1.85297656,5.01249966505118,55.5976295471191,26.2052017856205,2.503,East Asia & Pacific,Upper middle income
ID,2001,66.583,732.307093405708,2.11850214,5.1227590146499,56.2273216247559,25.8543760470568,2.466,East Asia & Pacific,Upper middle income
ID,2002,66.954,881.002913569131,1.98062706,5.23365156758796,57.646598815918,25.5291686460049,2.436,East Asia & Pacific,Upper middle income
ID,2003,67.134,1043.2105838671,2.24837184,5.34256074228962,60.7244682312012,25.1975719602112,2.41,East Asia & Pacific,Upper middle income
ID,2004,65.521,1126.84004447173,2.12002277,5.44355763331562,62.9758682250977,24.8275783674222,2.415,East Asia & Pacific,Upper middle income
ID,2005,67.531,1238.21447629488,2.53189397,5.53638742565404,61.6382789611816,24.3871802453844,2.452,East Asia & Pacific,Upper middle income
ID,2006,67.664,1558.31562847163,2.61946416,5.62191135970264,64.6422119140625,23.8860554289587,2.457,East Asia & Pacific,Upper middle income
ID,2007,67.914,1823.21976255073,2.82385564,5.69806327839824,71.8545074462891,23.3156711321389,2.476,East Asia & Pacific,Upper middle income
ID,2008,68.085,2124.55483920618,2.54842305,5.7661831229302,70.1684417724609,22.6167038013704,2.44,East Asia & Pacific,Upper middle income
ID,2009,68.267,2218.48541852977,2.62324095,5.82733610243643,74.5035934448242,21.7298298830988,2.442,East Asia & Pacific,Upper middle income
ID,2010,68.364,3065.68348377765,2.7908783,5.88111754239724,75.6519088745117,20.5957258237696,2.462,East Asia & Pacific,Upper middle income
ID,2011,68.629,3579.46442466152,2.98942471,5.92975191505166,78.1330718994141,17.9185723142468,2.515,East Asia & Pacific,Upper middle income
ID,2012,68.862,3632.27254030331,2.91427088,5.97203208843423,80.0926818847656,19.553351601333,2.514,East Asia & Pacific,Upper middle income
ID,2013,69.064,3566.60284506078,2.86934805,6.00968683645659,81.8896974781343,20.1029935644832,2.441,East Asia & Pacific,Upper middle income
ID,2014,69.292,3441.06808464008,2.96433568,6.04134063476124,83.5559949258569,18.5354648917633,2.393,East Asia & Pacific,Upper middle income
ID,2015,69.52,3288.22269725538,2.92428517,6.08184727833196,87.8423207929976,18.6712786457665,2.346,East Asia & Pacific,Upper middle income
ID,2016,69.733,3521.46943457574,3.02147198,6.14856356267664,87.8191791728036,19.1310042759597,2.311,East Asia & Pacific,Upper middle income
ID,2017,69.953,3798.88326174526,2.90417194,6.2384335097991,90.9455391241064,16.9555634840925,2.253,East Asia & Pacific,Upper middle income
ID,2018,70.08,3860.95353090726,2.86757827,6.3509593367423,92.8120739600443,18.4371895829409,2.219,East Asia & Pacific,Upper middle income
ID,2019,70.349,4106.94856160358,2.87862897,6.48567879421327,94.9467044891028,19.4270918962783,2.205,East Asia & Pacific,Upper middle income
ID,2020,68.817,3853.70288774146,3.42067289,6.60790527723472,96.9345779132931,17.8814994983985,2.189,East Asia & Pacific,Upper middle income
IE,2001,77.1341463414634,28282.409882073,6.39249372,11.1405544060403,105.217231750488,12.4264833741692,1.94,Europe & Central Asia,High income
IE,2002,77.6341463414634,32705.4345565698,6.67263031,11.1021211202504,106.364212036133,12.3040622950093,1.97,Europe & Central Asia,High income
IE,2003,78.1390243902439,41203.5295847568,7.00761414,11.0840647293282,107.852996826172,12.1728497272074,1.96,Europe & Central Asia,High income
IE,2004,78.5390243902439,47754.2023194244,7.21972942,11.078943779667,109.409881591797,12.0241812631519,1.93,Europe & Central Asia,High income
IE,2005,78.9439024390244,50933.0216095589,7.64242792,11.0134951064717,109.784301757812,11.8493924952309,1.86,Europe & Central Asia,High income
IE,2006,79.2414634146342,54329.1618599624,7.51646996,10.8715785725539,109.603439331055,11.5711334006069,1.91,Europe & Central Asia,High income
IE,2007,79.6414634146341,61396.417461176,7.80773735,10.7786980486913,111.234497070312,11.183427609397,2.01,Europe & Central Asia,High income
IE,2008,80.0951219512195,61353.1065629523,9.12564754,10.8486525689537,111.293968200684,10.7846711934217,2.06,Europe & Central Asia,High income
IE,2009,80.190243902439,52133.0906162544,10.52275753,11.0745691427321,114.39266204834,10.4732602245015,2.06,Europe & Central Asia,High income
IE,2010,80.7439024390244,48623.9666422487,10.52062798,11.378359230371,118.096908569336,10.3475907744569,2.05,Europe & Central Asia,High income
IE,2011,80.7463414634146,52613.8540355689,10.4888649,11.7171523074328,115.83373260498,10.5404229786943,2.03,Europe & Central Asia,High income
IE,2012,80.8463414634146,49335.8408099555,10.47466946,12.0822402487581,117.75218963623,9.58893302932057,1.98,Europe & Central Asia,High income
IE,2014,81.3487804878049,57214.5379785709,9.23077869,12.7951907142582,116.739097595215,8.84472665206141,1.89,Europe & Central Asia,High income
IE,2015,81.4536585365854,64250.1385181257,7.07827806,13.1102542122923,116.989868164062,8.81158216131006,1.85,Europe & Central Asia,High income
IE,2016,81.6536585365854,64129.5571542383,7.3382206,13.3920921055483,117.028717041016,8.11019374827621,1.81,Europe & Central Asia,High income
IE,2017,82.1560975609756,72161.4047531385,6.91718578,13.6720454120936,125.027168273926,8.38429636583274,1.76,Europe & Central Asia,High income
IE,2018,82.2048780487805,80804.1123164826,6.74710846,13.9535917035732,154.163345336914,8.2986369369357,1.74,Europe & Central Asia,High income
IE,2019,82.7024390243903,81827.6688873996,6.61860561,14.2437778846663,137.07568359375,7.8923946735653,1.69,Europe & Central Asia,High income
IE,2020,82.4560975609756,86514.0706108754,6.97323275,14.5621473419585,133.497024536133,8.17058601306707,1.6,Europe & Central Asia,High income
IL,2001,79.4073170731707,20966.3052667971,6.99914265,9.74750406630562,99.2880172729492,25.2234272492841,2.92,Middle East & North Africa,High income
IL,2002,79.4512195121951,19076.4584298321,6.90767479,9.81790919278782,100.050399780273,25.1412265502932,2.89,Middle East & North Africa,High income
IL,2003,79.6487804878049,19643.4690380742,6.84975958,9.8951378017537,98.9930267333984,25.0639764650502,2.95,Middle East & North Africa,High income
IL,2004,80.1463414634146,20568.0694088834,6.79696989,9.9373061958742,97.7852325439453,24.9897069811385,2.9,Middle East & North Africa,High income
IL,2005,80.1512195121951,21286.8388636595,6.8828454,9.95144916787625,97.9443511962891,24.9164480861416,2.84,Middle East & North Africa,High income
IL,2006,80.5536585365854,22527.2619795719,6.70000744,9.94223945345664,97.9347229003906,24.8430702434375,2.88,Middle East & North Africa,High income
IL,2007,80.5048780487805,25721.2594077311,6.67256165,9.89574079832473,97.3899536132812,24.7699951693732,2.9,Middle East & North Africa,High income
IL,2008,80.9512195121951,30269.217773489,6.80668306,9.83820889457511,96.5533218383789,24.6975797309857,2.96,Middle East & North Africa,High income
IL,2009,81.4048780487805,28508.4938886475,6.86992359,9.83114851647827,96.0253067016602,24.6261807953123,2.96,Middle East & North Africa,High income
IL,2010,81.6024390243903,31439.0887027614,6.85038328,9.89778832137184,97.8008117675781,24.5561552293902,3.03,Middle East & North Africa,High income
IL,2011,81.6560975609756,34522.5215979073,6.80594969,10.0737415795495,98.0884170532227,24.4804002133439,2.98,Middle East & North Africa,High income
IL,2012,81.7048780487805,33321.4300881602,6.94185257,10.3421950725313,98.0721435546875,22.1038555397058,3.05,Middle East & North Africa,High income
IL,2013,82.0560975609756,37034.3161080785,6.94074392,10.5899969533043,98.7666168212891,22.578207348874,3.03,Middle East & North Africa,High income
IL,2014,82.1536585365854,38343.3046626235,7.02990532,10.795297915876,98.5257034301758,21.175469715827,3.08,Middle East & North Africa,High income
IL,2015,82.0512195121951,36213.1041481958,7.02090645,11.0178266647386,98.464973449707,22.1043027343095,3.09,Middle East & North Africa,High income
IL,2016,82.4073170731707,37671.5389138798,7.09919167,11.2613992767727,99.2754516601562,18.8170113677762,3.11,Middle East & North Africa,High income
IL,2017,82.5512195121951,41138.470964272,7.17189407,11.4924645678713,98.0842971801758,20.0293441275017,3.11,Middle East & North Africa,High income
IL,2018,82.8024390243903,42362.6652754196,7.23550367,11.7012951661424,98.327278137207,20.5625974806507,3.09,Middle East & North Africa,High income
IL,2019,82.8048780487805,44250.6313628073,7.20701885,11.8854991652299,97.8852386474609,19.5556432093837,3.01,Middle East & North Africa,High income
IL,2020,82.6487804878049,44575.5719045492,7.74801874,12.0528770588893,98.0958404541016,18.5982756348314,2.9,Middle East & North Africa,High income
IN,2000,62.749,442.750218937263,4.10568476,4.41058746962383,47.1734390258789,61.511449777005,3.35,South Asia,Lower middle income
IN,2001,63.158,450.357900514128,4.33754253,4.46128426322486,46.8245811462402,61.9068347721157,3.303,South Asia,Lower middle income
IN,2002,63.649,469.149928973927,4.31453371,4.51627622226394,48.8069381713867,62.3725221530569,3.217,South Asia,Lower middle income
IN,2003,64.086,544.143133545002,4.07877731,4.57336676437993,51.4255714416504,62.766353963477,3.122,South Asia,Lower middle income
IN,2004,64.484,624.258826510066,4.02679491,4.62602267494844,53.247371673584,62.9461722470244,3.046,South Asia,Lower middle income
IN,2005,64.939,710.488080408949,3.85508275,4.67467509912271,55.9314002990723,62.7698190473475,2.958,South Asia,Lower middle income
IN,2006,65.373,801.668353659022,3.66901541,4.72189908061262,56.7859497070312,61.1951099242157,2.867,South Asia,Lower middle income
IN,2007,65.803,1021.88707706826,3.58103991,4.7700034284851,59.1478385925293,58.0211349861865,2.775,South Asia,Lower middle income
IN,2008,66.247,992.519584923828,3.58856082,4.82207897305879,62.2119216918945,54.3676481000901,2.711,South Asia,Lower middle income
IN,2009,66.7,1094.94974598436,3.54637694,4.87809420851412,61.3603210449219,51.3544031327568,2.674,South Asia,Lower middle income
IN,2010,67.162,1347.51939071367,3.33625913,4.94044719106105,64.9475936889648,50.1011539510167,2.598,South Asia,Lower middle income
IN,2011,67.623,1445.46127486037,3.24634218,5.0124057389161,67.1251678466797,61.708624213512,2.532,South Asia,Lower middle income
IN,2012,68.076,1429.32199520032,3.32935286,5.09338826047327,69.8089599609375,74.0031607462287,2.47,South Asia,Lower middle income
IN,2013,68.499,1432.84397512195,3.74944186,5.18262772655076,69.4771270751953,76.2501768290597,2.399,South Asia,Lower middle income
IN,2014,68.932,1553.88396075118,3.61956549,5.30715461269221,74.8887023925781,79.0373957134889,2.293,South Asia,Lower middle income
IN,2015,69.326,1583.99815907985,3.59565973,5.46921307827757,74.6113662719727,73.810991410386,2.289,South Asia,Lower middle income
IN,2016,69.709,1707.50892912243,3.50430417,5.64173085340436,75.9372863769531,75.7890035327013,2.284,South Asia,Lower middle income
IN,2017,70.068,1950.10468280866,2.93597651,5.8247052897296,74.6743774414062,67.3122713926644,2.193,South Asia,Lower middle income
IN,2018,70.415,1966.25455171679,2.8584938,6.01925951437221,76.0025787353516,68.1209525065052,2.184,South Asia,Lower middle income
IN,2019,70.746,2041.42863698585,2.95299792,6.22347304109804,75.8716506958008,59.8919808842351,2.12,South Asia,Lower middle income
IN,2020,70.156,1907.04251637669,3.34146094,6.41685302336898,77.6271548412386,48.3948115195574,2.047,South Asia,Lower middle income
IQ,2003,64.834,817.887862499622,2.99693608,3.01094758939678,40.4106292724609,42.2720869159646,4.581,Middle East & North Africa,Upper middle income
IQ,2004,64.634,1328.37157628292,3.90128636,2.99862260978487,45.1472206115723,42.3481220691727,4.527,Middle East & North Africa,Upper middle income
IQ,2007,64.428,3128.99010329066,3.2148056,2.98484161181859,50.5742416381836,44.766523137035,4.404,Middle East & North Africa,Upper middle income
IR,2000,70.166,1650.01385833785,4.72250843,4.19808912432273,74.9870910644531,36.4770997798349,1.999,Middle East & North Africa,Upper middle income
IR,2001,70.619,1881.02266635283,5.16087341,4.29987440699502,74.5473403930664,36.3009676720771,1.918,Middle East & North Africa,Upper middle income
IR,2002,71.112,1891.25756091033,4.65182209,4.43629403618224,74.7104187011719,35.8809603381931,1.836,Middle East & North Africa,Upper middle income
IR,2003,70.464,2208.99636552406,4.95589161,4.55840349783784,74.551643371582,35.3796612622671,1.801,Middle East & North Africa,Upper middle income
IR,2004,72.04,2672.4226651404,5.12801409,4.6275198944391,74.5375213623047,34.9596539283831,1.78,Middle East & North Africa,Upper middle income
IR,2005,72.446,3132.0508192007,5.29996157,4.68743550171029,74.438591003418,34.7835218206253,1.756,Middle East & North Africa,Upper middle income
IR,2006,72.895,3618.91601364428,5.15990877,4.74588721961858,75.9471969604492,34.9942072001245,1.755,Middle East & North Africa,Upper middle income
IR,2007,73.299,4687.99166260718,4.91188192,4.82830988002135,75.657600402832,35.5567159766256,1.748,Middle East & North Africa,Upper middle income
IR,2008,73.683,5377.4115072957,5.03990459,4.93334608236979,78.8498077392578,36.3667271071338,1.743,Middle East & North Africa,Upper middle income
IR,2009,74.041,5415.52280553446,6.11493444,5.04251657694945,80.3835906982422,37.3199195486544,1.74,Middle East & North Africa,Upper middle income
IR,2010,74.39,6291.19443655454,6.29153061,5.1594491496266,79.0264663696289,38.3119722581928,1.749,Middle East & North Africa,Upper middle income
IR,2011,74.721,8025.68743364356,6.09787989,5.28817773019186,81.2944793701172,39.6124799715142,1.792,Middle East & North Africa,Upper middle income
IR,2012,75.039,8114.08099831877,6.12235355,5.42934551712577,82.7059326171875,38.0077616053954,1.851,Middle East & North Africa,Upper middle income
IR,2013,75.349,6222.74194840326,5.73697805,5.57949828703863,81.5845565795898,38.7525647600714,1.913,Middle East & North Africa,Upper middle income
IR,2014,75.635,5672.06372896319,6.81539536,5.77067909295602,82.5869369506836,36.3710361542807,1.975,Middle East & North Africa,Upper middle income
IR,2015,75.907,4952.73355532178,8.38232708,6.00659988151446,82.7305221557617,38.6980329606897,2.017,Middle East & North Africa,Upper middle income
IR,2016,76.155,5710.59947089104,7.80285025,6.25108188270571,83.3275680541992,37.4838145441593,2.054,Middle East & North Africa,Upper middle income
IR,2017,76.396,6000.93346404409,7.71801233,6.50077915475875,82.7564392089844,35.0159582592188,2.023,Middle East & North Africa,Upper middle income
IR,2020,74.141,3202.50003502169,4.96098137,7.22935544150952,85.1913986206055,32.2873733599003,1.7,Middle East & North Africa,Upper middle income
IS,2000,79.6536585365854,32503.578963236,8.89924335,11.5722767349261,109.021507263184,7.40415684416645,2.08,Europe & Central Asia,High income
IS,2001,80.690243902439,29208.1981853568,8.75266171,11.5992668017295,110.139266967773,7.36401350857719,1.95,Europe & Central Asia,High income
IS,2002,80.5024390243903,32749.379004627,9.40382481,11.6676576022141,113.519561767578,7.31543238709725,1.93,Europe & Central Asia,High income
IS,2003,80.9634146341464,39944.2104095591,9.72930241,11.7252809861708,116.79273223877,7.25851087930184,1.99,Europe & Central Asia,High income
IS,2004,80.9975609756098,47809.6073050042,9.32854366,11.7569142464023,108.134918212891,7.19334638476617,2.04,Europe & Central Asia,High income
IS,2005,81.5024390243902,57783.7745608117,8.94694996,11.7210095187722,108.752983093262,7.12003630306545,2.05,Europe & Central Asia,High income
IS,2006,81.1585365853659,58172.1426656622,8.55709076,11.6173150713783,107.523468017578,7.00714143681389,2.08,Europe & Central Asia,High income
IS,2007,81.4536585365854,70483.0117228535,8.3535862,11.5446630119316,106.327003479004,6.84979048517238,2.09,Europe & Central Asia,High income
IS,2008,81.609756097561,57489.3399795216,8.34370804,11.5783688618945,106.229942321777,6.68793269253617,2.15,Europe & Central Asia,High income
IS,2009,81.7512195121951,41483.7843682814,8.77518463,11.8021292355592,106.478248596191,6.5615173033005,2.23,Europe & Central Asia,High income
IS,2010,81.8975609756097,43776.4677400475,8.36173058,12.1351655466781,108.819038391113,6.51049356186064,2.2,Europe & Central Asia,High income
IS,2011,82.3585365853659,48254.953927254,8.25498867,12.4507656586356,109.70686340332,6.70874031735348,2.02,Europe & Central Asia,High income
IS,2012,82.9170731707317,46594.9869146614,8.23091221,12.7719224973156,113.517669677734,6.11017540376794,2.04,Europe & Central Asia,High income
IS,2013,82.0609756097561,50173.3360061057,8.22651291,13.0702053657851,122.033569335938,5.96459941016024,1.93,Europe & Central Asia,High income
IS,2014,82.8609756097561,55140.364935793,8.29044247,13.3619327506584,120.632568359375,5.78710561432072,1.93,Europe & Central Asia,High income
IS,2015,82.4682926829268,53505.6964079339,8.13121986,13.679345765165,119.807357788086,5.73328095255678,1.8,Europe & Central Asia,High income
IS,2016,82.2048780487805,62854.0906407932,8.15569115,13.9213912898367,117.122772216797,5.27717772615425,1.74,Europe & Central Asia,High income
IS,2017,82.6609756097561,72976.3729990975,8.3243084,14.0228770869629,115.741142272949,5.83996279608708,1.71,Europe & Central Asia,High income
IS,2018,82.8609756097561,75633.8651351915,8.43817616,14.1209962193995,114.649406433105,5.55924065638007,1.71,Europe & Central Asia,High income
IS,2019,83.1634146341463,69296.3144361601,8.63996315,14.299299000969,112.034339904785,5.48155807169081,1.74,Europe & Central Asia,High income
IS,2020,83.0634146341463,60127.9393575616,9.64908886,14.5643646996569,110.487319946289,5.10554827500189,1.72,Europe & Central Asia,High income
IT,2001,80.1268292682927,20570.4385917862,7.71115828,18.5127619063707,97.2837066650391,25.8127411843815,1.25,Europe & Central Asia,High income
IT,2002,80.2292682926829,22451.3964379368,7.83638906,18.7987896858146,98.8138809204102,25.2571678268558,1.27,Europe & Central Asia,High income
IT,2003,79.9829268292683,27577.5700319855,7.80670929,19.0525655493978,99.5263137817383,24.6281664348107,1.29,Europe & Central Asia,High income
IT,2004,80.7804878048781,31348.1901841445,8.13726902,19.329212127098,99.0750198364258,23.9733403667848,1.34,Europe & Central Asia,High income
IT,2005,80.7829268292683,32062.723833669,8.30906773,19.6352354411702,99.2056274414062,23.3402929813168,1.33,Europe & Central Asia,High income
IT,2006,81.2829268292683,33537.1286994269,8.39791012,19.9355953277602,99.5338516235352,22.622685769712,1.37,Europe & Central Asia,High income
IT,2007,81.4341463414634,37826.1754554823,8.10167217,20.1236179704111,99.8377380371094,21.788257561314,1.39,Europe & Central Asia,High income
IT,2008,81.4853658536585,40828.5795580937,8.50157547,20.2043389169453,100.291458129883,20.9957277217196,1.44,Europe & Central Asia,High income
IT,2009,81.6365853658537,37099.6133958219,8.91290951,20.3135164047155,100.175491333008,20.4038156165254,1.44,Europe & Central Asia,High income
IT,2010,82.0365853658537,35856.8625485539,8.87928963,20.4589612100469,101.401161193848,20.1712406113281,1.44,Europe & Central Asia,High income
IT,2011,82.1878048780488,38432.3742820019,8.728508,20.6879338870931,101.59642791748,21.3353676583094,1.42,Europe & Central Asia,High income
IT,2012,82.2390243902439,34854.3949441965,8.7983427,20.9966444751961,100.449836730957,18.765688121919,1.42,Europe & Central Asia,High income
IT,2013,82.690243902439,35701.6746002376,8.7897644,21.330672420342,100.973121643066,18.0540998276206,1.39,Europe & Central Asia,High income
IT,2014,83.090243902439,36028.3494022349,8.85913563,21.6978740078895,101.121726989746,16.8936828833708,1.38,Europe & Central Asia,High income
IT,2015,82.5439024390244,30639.8829751432,8.84596729,22.0285256126439,101.228088378906,17.7600165229672,1.36,Europe & Central Asia,High income
IT,2016,83.2439024390244,31391.5692898108,8.72043991,22.3095886391617,100.742958068848,15.7011486972657,1.36,Europe & Central Asia,High income
IT,2017,82.9463414634147,32844.115660604,8.69060516,22.558669089969,101.01001739502,15.9660261772019,1.34,Europe & Central Asia,High income
IT,2018,83.3463414634146,34904.1081923834,8.65467453,22.8062143288843,101.526412963867,16.3354361294692,1.31,Europe & Central Asia,High income
IT,2019,83.4975609756098,33812.788724868,8.61536789,23.104171093177,101.74178314209,14.8936858575121,1.27,Europe & Central Asia,High income
IT,2020,82.1951219512195,32091.4866621366,9.5643034,23.379233231567,101.836128234863,14.6586386239905,1.24,Europe & Central Asia,High income
JM,2000,71.281,3453.09252800226,5.97869205,6.06064208271564,80.0481491088867,15.7509748541016,2.345,Latin America & Caribbean ,Upper middle income
JM,2001,71.287,3503.55026688858,5.15652943,5.96046034088515,79.911491394043,15.8452577509452,2.296,Latin America & Caribbean ,Upper middle income
JM,2002,71.478,3680.64551727724,5.57934141,5.86467740032792,80.4983978271484,15.9120130856462,2.271,Latin America & Caribbean ,Upper middle income
JM,2003,71.585,3549.70758394618,4.99239254,5.78360196384658,80.8683929443359,15.9514800367871,2.244,Latin America & Caribbean ,Upper middle income
JM,2004,71.542,3807.56293124552,5.83766747,5.72979445967312,85.6572189331055,15.9638977829502,2.198,Latin America & Caribbean ,Upper middle income
JM,2005,71.493,4184.43974867497,5.82104874,5.70843918765657,84.6938323974609,15.9495055027176,2.148,Latin America & Caribbean ,Upper middle income
JM,2007,71.405,4716.48612542727,6.19109583,5.75119652310477,86.4005813598633,15.8986673973267,2.023,Latin America & Caribbean ,Upper middle income
JM,2008,71.502,5029.80095281745,6.65533972,5.81046358196596,88.0502090454102,15.8426112691161,1.953,Latin America & Caribbean ,Upper middle income
JM,2009,71.717,4428.38153333557,6.37021589,5.88970750768635,90.1742782592773,15.7358327818276,1.879,Latin America & Caribbean ,Upper middle income
JM,2010,71.979,4809.977380312,6.44219255,5.98373516386263,89.4939454246108,15.5556087039102,1.799,Latin America & Caribbean ,Upper middle income
JM,2011,72.245,5232.63644918132,6.5231781,6.08586834201928,91.5373916625977,14.9471227221815,1.717,Latin America & Caribbean ,Upper middle income
JM,2013,72.435,5124.21301411137,6.28453302,6.27707066203923,85.4017870483818,15.7749158665666,1.591,Latin America & Caribbean ,Upper middle income
JM,2014,72.357,4975.11325459872,6.28673887,6.33655707796227,86.3705618020868,16.4597152483621,1.544,Latin America & Caribbean ,Upper middle income
JM,2015,72.214,5339.30718256806,6.61477137,6.40393658025201,85.3548254033729,16.8646376023948,1.508,Latin America & Caribbean ,Upper middle income
JM,2016,72.052,5302.29553353854,6.5901823,6.51509031411982,87.9398248609799,15.9558447798912,1.464,Latin America & Caribbean ,Upper middle income
JM,2017,71.879,5605.43541173019,6.98476934,6.6403659256184,84.2369432325225,16.6566414571584,1.428,Latin America & Caribbean ,Upper middle income
JM,2018,71.606,5976.90362644337,6.83884478,6.7806520873835,83.7616154022844,16.8426821458431,1.4,Latin America & Caribbean ,Upper middle income
JM,2019,71.532,6030.68896415921,6.96945572,6.94823486657852,85.7618499653089,17.0706325020849,1.39,Latin America & Caribbean ,Upper middle income
JM,2020,71.452,5299.04530804283,7.47555304,7.13912515424417,81.5337816615681,17.413637041591,1.383,Latin America & Caribbean ,Upper middle income
JO,2000,71.926,1570.61002940477,9.34367943,2.69514514301286,84.5952987670898,24.2289680813746,3.864,Middle East & North Africa,Lower middle income
JO,2002,72.359,1706.26744384401,9.2786417,2.86998916412404,83.6367721557617,25.673619164606,3.805,Middle East & North Africa,Lower middle income
JO,2003,72.585,1775.67625581432,8.78901005,2.96052903704804,83.7643737792969,27.0384591936207,3.816,Middle East & North Africa,Lower middle income
JO,2004,72.788,1940.08641342805,8.74670506,3.04796201127785,83.6611480712891,28.4396654808796,3.729,Middle East & North Africa,Lower middle income
JO,2005,72.977,2087.87079273635,8.49441624,3.13096045127465,84.393669128418,29.5832554763665,3.653,Middle East & North Africa,Lower middle income
JO,2006,73.225,2342.63459574933,7.67925692,3.20657544118738,86.7745513916016,30.5872298056799,3.711,Middle East & North Africa,Lower middle income
JO,2007,73.407,2506.20599484139,7.90982628,3.27233150443072,87.7151718139648,31.6555064274482,3.797,Middle East & North Africa,Lower middle income
JO,2008,73.563,3241.6524135556,8.48880577,3.33563619102283,88.4466781616211,32.6229787911999,3.876,Middle East & North Africa,Lower middle income
JO,2010,73.797,3718.46571622945,8.17025661,3.45401531455856,87.3644409179688,33.5950845427671,3.78,Middle East & North Africa,Lower middle income
JO,2011,73.929,3946.85503855525,8.14807701,3.5150079728101,87.5930404663086,29.6624260829934,3.69,Middle East & North Africa,Lower middle income
JO,2012,74.087,4169.50470054618,7.81799555,3.58309518325611,87.2317581176758,29.0244573141249,3.568,Middle East & North Africa,Lower middle income
JO,2013,74.282,4311.21916713038,7.16592407,3.52211870929348,87.3027919681245,32.6779191249103,3.449,Middle East & North Africa,Lower middle income
JO,2014,74.606,4191.18050084986,7.20892906,3.35011599847379,88.8703034099213,30.2022455384946,3.302,Middle East & North Africa,Lower middle income
JO,2017,76.071,4065.61628749384,7.10953665,3.52500521290032,88.8758288897009,28.3831683592571,2.994,Middle East & North Africa,Lower middle income
JO,2018,76.491,4145.43989673265,6.98295021,3.64857422445874,89.7929068080636,30.8911213683016,2.923,Middle East & North Africa,Lower middle income
JO,2019,76.865,4170.1144003465,7.07244635,3.77701553656163,89.5104774843719,31.2597313487439,2.855,Middle East & North Africa,Lower middle income
JO,2020,75.583,4022.0401356135,7.54554749,3.89908540801378,90.1992992911958,28.7737639174179,2.791,Middle East & North Africa,Lower middle income
JP,2013,83.3319512195122,40898.6478964744,10.67438698,25.4120635790966,101.049438476562,13.2542512411266,1.43,East Asia & Pacific,High income
JP,2014,83.5878048780488,38475.3952461838,10.7290144,26.2261883365166,101.036422729492,13.740610303435,1.42,East Asia & Pacific,High income
JP,2015,83.7939024390244,34960.6393843385,10.74969959,26.9230034152781,101.724517822266,12.8685359282927,1.45,East Asia & Pacific,High income
JP,2016,83.9848780487805,39375.4731620781,10.65891552,27.5120281384821,101.296928405762,12.799061198144,1.44,East Asia & Pacific,High income
JP,2017,84.099756097561,38834.0529341227,10.65627098,27.9778213758677,100.260749816895,13.1198276213348,1.43,East Asia & Pacific,High income
JP,2018,84.2109756097561,39751.1330982711,10.73988247,28.3452163347643,100.482200622559,13.0790330283313,1.42,East Asia & Pacific,High income
JP,2019,84.3563414634146,40415.9567649547,10.96998405,28.6287707536412,100.660270690918,12.9378727869587,1.36,East Asia & Pacific,High income
JP,2020,84.56,40028.7341726762,11.44974613,28.9181743842737,101.34056854248,12.835201662985,1.33,East Asia & Pacific,High income
KE,2000,56.084,414.626365130846,3.62451434,2.2276113643328,40.9617881774902,21.1420927289239,5.136,Sub-Saharan Africa ,Lower middle income
KE,2001,56.501,410.700452474814,3.74002314,2.22491766861686,41.6857109069824,20.8918286880027,5.094,Sub-Saharan Africa ,Lower middle income
KE,2002,56.759,402.936385605382,3.82159472,2.21673688339299,41.8610191345215,20.2950452058061,5.027,Sub-Saharan Africa ,Lower middle income
KE,2003,57.369,442.898457253405,4.03365707,2.20288121827791,43.5811309814453,19.5827552431843,4.937,Sub-Saharan Africa ,Lower middle income
KE,2004,57.947,463.662781300121,4.21159506,2.18575186212735,47.1179389953613,18.9859717609877,4.861,Sub-Saharan Africa ,Lower middle income
KE,2005,58.51,523.456312433863,4.2174139,2.16746287149319,47.2635917663574,18.7357077200666,4.801,Sub-Saharan Africa ,Lower middle income
KE,2006,59.059,699.80237063381,5.0134387,2.14842788891656,48.8131103515625,18.9780700015085,4.754,Sub-Saharan Africa ,Lower middle income
KE,2007,59.407,840.201439476765,5.12358475,2.12750569031342,50.8713607788086,19.638393163132,4.718,Sub-Saharan Africa ,Lower middle income
KE,2008,59.955,915.54435473604,5.19050598,2.1056843302545,57.0353507995605,20.6165316808836,4.66,Sub-Saharan Africa ,Lower middle income
KE,2009,60.483,1047.9678324485,5.29172945,2.08742551237053,57.7407112121582,21.8123400307101,4.567,Sub-Saharan Africa ,Lower middle income
KE,2015,62.279,1489.11959777284,4.76439571,2.44316524157074,72.5750860661828,24.7760612569464,3.766,Sub-Saharan Africa ,Lower middle income
KE,2016,62.526,1554.12610314423,4.75429106,2.49676010564838,74.4698594945796,24.0211862534612,3.689,Sub-Saharan Africa ,Lower middle income
KG,2000,68.5585365853659,279.621738464365,4.41414976,5.35707871543222,82.4341583251953,23.0380260652668,2.4,Europe & Central Asia,Lower middle income
KG,2001,68.7073170731707,308.41129550148,4.27703238,5.35968819127061,83.5917129516602,22.9429163032767,2.4,Europe & Central Asia,Lower middle income
KG,2002,68.1560975609756,321.726775366804,4.59219551,5.37579838686664,82.7385635375977,22.7582935832493,2.4,Europe & Central Asia,Lower middle income
KG,2003,68.2560975609756,380.505828812441,5.82382107,5.39183511174654,87.8954772949219,22.5598882498993,2.5,Europe & Central Asia,Lower middle income
KG,2004,68.1536585365854,433.233873286,6.20281315,5.39701685994787,86.5721893310547,22.4234306479412,2.6,Europe & Central Asia,Lower middle income
KG,2005,67.9560975609756,476.548193640077,7.45010662,5.37543182551161,85.4348373413086,22.4246511220895,2.5,Europe & Central Asia,Lower middle income
KG,2006,67.6951219512195,543.113512472219,8.3118391,5.30097525723137,85.5732421875,22.6379509127344,2.7,Europe & Central Asia,Lower middle income
KG,2007,67.8951219512195,721.771577544361,6.93210649,5.15440488970461,84.9611129760742,23.1168779099364,2.7,Europe & Central Asia,Lower middle income
KG,2009,69.1024390243903,870.198894546917,6.89873457,4.65907096275802,86.7180862426758,25.0494148008925,2.9,Europe & Central Asia,Lower middle income
KG,2010,69.3,876.954476440354,6.95027161,4.44815464913301,87.7688035961973,26.5919253330871,3.1,Europe & Central Asia,Lower middle income
KG,2011,69.6024390243903,1117.40174350185,7.1072917,4.40051764802615,87.5220892813577,33.450584373058,3.1,Europe & Central Asia,Lower middle income
KG,2012,70.0024390243902,1168.62244675446,8.50966358,4.49035630356012,87.2870662875623,34.3817087122114,3.2,Europe & Central Asia,Lower middle income
KG,2013,70.2024390243902,1269.66303464348,8.18745041,4.6301206796728,87.7240351123141,33.828057010964,3.1,Europe & Central Asia,Lower middle income
KG,2014,70.4024390243902,1264.52668823891,7.35766459,4.79470466121749,89.4164090538588,30.5484635194377,3.2,Europe & Central Asia,Lower middle income
KG,2015,70.6512195121951,1105.65193844261,7.14930916,4.96654216127541,88.9591724149373,29.7484121402712,3.2,Europe & Central Asia,Lower middle income
KG,2016,70.9512195121951,1103.27489428412,6.41248226,5.07955235536804,90.4864998184447,29.0193222002259,3.1,Europe & Central Asia,Lower middle income
KG,2017,71.2,1221.39046807082,6.18586349,5.11917760176021,89.9187538995131,26.8562254174832,3.0,Europe & Central Asia,Lower middle income
KG,2018,71.4,1283.5203037417,5.01030922,5.1512820157017,91.1445853879787,27.4518144818682,3.3,Europe & Central Asia,Lower middle income
KG,2019,71.6,1421.99927504102,4.25461817,5.17384800051124,91.6686153595535,26.7613844313409,3.3,Europe & Central Asia,Lower middle income
KG,2020,71.8,1229.51766602907,4.93558979,5.14875176307459,92.1655305586517,24.3817252281764,3.1,Europe & Central Asia,Lower middle income
KH,2000,59.491,296.426687526334,6.48126554,2.81651839524635,18.1284408569336,29.7987214798005,3.794,East Asia & Pacific,Lower middle income
KH,2001,60.457,327.500984314444,6.76028347,2.91960711883034,20.176570892334,29.9057244650667,3.687,East Asia & Pacific,Lower middle income
KH,2002,61.395,350.147276634294,6.91952753,3.02138248516694,23.8959407806396,30.0191592913356,3.57,East Asia & Pacific,Lower middle income
KH,2003,62.345,386.691123931778,6.45762444,3.12466094469008,27.8392200469971,30.098509540539,3.429,East Asia & Pacific,Lower middle income
KH,2004,63.256,444.199067529081,6.48521805,3.23210792276566,30.9775104522705,30.1032587946087,3.307,East Asia & Pacific,Lower middle income
KH,2006,64.886,612.252648550727,5.36440325,3.45198732094352,39.1435394287109,29.6130476724133,3.175,East Asia & Pacific,Lower middle income
KH,2007,65.549,731.692295125426,4.42702723,3.56121001866091,41.7365608215332,28.8642622907811,3.13,East Asia & Pacific,Lower middle income
KH,2008,66.147,866.283999789749,5.61296654,3.66686769635947,44.2504997253418,27.7883527366484,3.048,East Asia & Pacific,Lower middle income
KH,2017,69.842,1826.35391688754,4.26933241,4.90883602678903,48.9424458707368,20.7075312769695,2.719,East Asia & Pacific,Lower middle income
KH,2018,69.993,2036.67377566578,4.49707794,5.09207597900805,50.199099715459,22.9919425508182,2.724,East Asia & Pacific,Lower middle income
KH,2019,70.127,2225.87705485686,5.05801058,5.27307790694231,49.7344518908574,22.9738017157091,2.725,East Asia & Pacific,Lower middle income
KH,2020,70.059,2081.73914242939,5.13031435,5.4387369063124,51.8196983337402,24.1436022803452,2.699,East Asia & Pacific,Lower middle income
KI,2000,64.674,845.367240231973,7.77379847,3.41315608319321,62.1038703918457,12.1855676905766,4.071,East Asia & Pacific,Lower middle income
KI,2001,64.918,718.833787096781,11.90547657,3.39626609988432,76.2893295288086,12.2113617468978,3.957,East Asia & Pacific,Lower middle income
KI,2002,65.123,810.10870037444,11.4402895,3.39677447325067,81.5949478149414,12.197168744791,3.814,East Asia & Pacific,Lower middle income
KI,2003,65.287,1020.50033851394,10.05060768,3.40430050438014,87.8011093139648,12.1547319508569,3.702,East Asia & Pacific,Lower middle income
KI,2004,65.416,1083.2688987175,12.17176056,3.42823244123662,87.655158996582,12.0957946316967,3.734,East Asia & Pacific,Lower middle income
KI,2005,65.517,1161.78341739977,11.36301994,3.46354126821407,85.8441390991211,12.0321000539113,3.76,East Asia & Pacific,Lower middle income
KI,2006,65.601,1123.19258990684,11.30852318,3.50338690729122,84.0447463989258,11.9542996035609,3.815,East Asia & Pacific,Lower middle income
KI,2007,65.677,1352.57814048911,10.9454546,3.54665517106243,83.7022018432617,11.8507647751602,3.865,East Asia & Pacific,Lower middle income
KI,2008,65.746,1410.62246914058,13.51428604,3.58128043368754,82.9311904907227,11.7298189979922,3.899,East Asia & Pacific,Lower middle income
KM,2002,59.723,764.61349832543,6.68594599,4.03105255012538,35.0426712036133,12.0857902522832,5.155,Sub-Saharan Africa ,Lower middle income
KM,2003,60.24,959.691049354812,6.66024828,3.99106700187347,38.9220008850098,12.0484914054266,5.115,Sub-Saharan Africa ,Lower middle income
KM,2004,60.557,1072.28409029621,6.58576155,4.01521256957073,42.5534706115723,12.0029148551845,5.065,Sub-Saharan Africa ,Lower middle income
KM,2013,63.839,1603.32797107303,5.10299301,4.16371908631593,58.998580844006,12.2675890585181,4.572,Sub-Saharan Africa ,Lower middle income
KM,2014,64.143,1615.71723662012,5.23849726,4.21207233987231,61.5078774291294,11.3961592947192,4.489,Sub-Saharan Africa ,Lower middle income
KM,2017,65.127,1423.9248027797,5.26807451,4.41209801637307,56.9502144763063,10.8598778552179,4.278,Sub-Saharan Africa ,Lower middle income
KM,2018,65.401,1527.40527125285,4.90318584,4.43234101012196,61.7014685443494,11.6282907601438,4.208,Sub-Saharan Africa ,Lower middle income
KN,2000,69.249,9319.65545093525,4.79933786,7.80153599646389,105.416763305664,8.94496340137378,2.126,Latin America & Caribbean ,High income
KN,2001,69.767,10022.5919235637,4.39693737,7.68238983402716,94.4978179931641,8.77022263687204,2.082,Latin America & Caribbean ,High income
KN,2002,70.194,10453.6587064313,4.45210552,7.55532860355711,92.0138931274414,8.47461571465912,2.038,Latin America & Caribbean ,High income
KN,2003,70.614,10175.6295449989,4.75159693,7.45184238736154,89.5737686157227,8.14785188353141,2.004,Latin America & Caribbean ,High income
KN,2004,70.92,10944.6183741768,4.49067402,7.37350073950922,86.9458694458008,7.87964039228532,1.964,Latin America & Caribbean ,High income
KN,2005,71.151,11783.7867154145,4.72803831,7.30990374055172,90.2405471801758,7.75969048971725,1.931,Latin America & Caribbean ,High income
KN,2007,71.437,14757.9579751035,4.79733467,7.27430388284035,110.051109313965,7.74652592893685,1.871,Latin America & Caribbean ,High income
KN,2008,71.479,16604.9448615905,5.30566025,7.30329881498879,109.900001525879,7.74541893162615,1.833,Latin America & Caribbean ,High income
KN,2009,71.488,16503.4119292794,5.28673744,7.3684098344932,108.54093170166,7.74038404811904,1.8,Latin America & Caribbean ,High income
KN,2010,71.452,16622.9457908577,5.21727514,7.46587258386432,109.923469543457,7.72573772222845,1.762,Latin America & Caribbean ,High income
KN,2011,71.4,17832.4572919975,5.17247772,7.43726738543899,109.116302490234,7.02054664173433,1.74,Latin America & Caribbean ,High income
KN,2012,71.362,17532.0559008608,5.01866484,7.36078923309166,92.2169189453125,7.63914727084111,1.713,Latin America & Caribbean ,High income
KN,2013,71.29,18580.1301949935,5.05167818,7.40189933926788,121.377906799316,7.48708051379513,1.682,Latin America & Caribbean ,High income
KN,2014,71.228,20219.3954237956,4.75296593,7.48051561935909,113.12451171875,7.35752091509014,1.665,Latin America & Caribbean ,High income
KN,2015,71.211,20328.8003530109,5.12752008,7.62091850278736,115.485420227051,8.17910001090095,1.643,Latin America & Caribbean ,High income
KN,2016,71.227,21387.5415511103,5.42923307,7.84607377667314,116.914031982422,8.69104650276459,1.633,Latin America & Caribbean ,High income
KN,2017,71.284,22464.9899633959,5.2735939,8.15187936366245,119.603784742756,8.59231426212322,1.61,Latin America & Caribbean ,High income
KN,2018,71.336,22901.3816403197,4.89670897,8.52824489188126,116.923551171393,8.01759737550583,1.587,Latin America & Caribbean ,High income
KN,2019,71.54,23595.4923231291,5.19201469,8.95605039242623,118.920614998431,7.87159855837596,1.568,Latin America & Caribbean ,High income
KN,2020,71.181,18859.0190361046,5.66130447,9.43567313846811,111.195206559445,8.5943079884613,1.55,Latin America & Caribbean ,High income
KR,2000,75.909756097561,12710.2995795579,3.71794796,7.091050395922,98.0937805175781,25.4379884924397,1.48,East Asia & Pacific,High income
KR,2001,76.4121951219512,11981.4828218758,4.16983986,7.44493688262949,97.6082382202148,25.3445724763114,1.309,East Asia & Pacific,High income
KR,2002,76.7658536585366,13642.9424537101,3.90854764,7.81606605137616,97.2662963867188,25.1965130774737,1.178,East Asia & Pacific,High income
KR,2003,77.2146341463415,15211.5483770422,4.46640348,8.20122350683224,96.9660186767578,24.9988034168125,1.191,East Asia & Pacific,High income
KR,2004,77.6658536585366,17121.6301633201,4.43287992,8.60086379929101,96.9991989135742,24.756436615214,1.164,East Asia & Pacific,High income
KR,2005,78.1682926829268,20167.0474902506,4.65223551,9.00039400945138,97.2146224975586,24.4744057935641,1.085,East Asia & Pacific,High income
KR,2006,78.6682926829268,22609.7059431449,4.95851803,9.42057086311249,96.7785415649414,23.9837806396341,1.132,East Asia & Pacific,High income
KR,2007,79.119512195122,25078.4853957105,4.95834208,9.85710348983429,96.7113800048828,23.2554477166084,1.259,East Asia & Pacific,High income
KR,2008,79.5170731707317,22252.3125108061,5.24642324,10.248148061523,96.3489303588867,22.504125458493,1.192,East Asia & Pacific,High income
KR,2009,79.9682926829268,19937.3029137734,5.68525076,10.6131373147372,96.8854293823242,21.9445322992938,1.149,East Asia & Pacific,High income
KR,2010,80.1170731707317,24071.2620526362,5.79390717,10.9916944218993,97.2930603027344,21.7913866730167,1.226,East Asia & Pacific,High income
KR,2011,80.5682926829269,26175.2398553363,5.90292883,11.3503836185426,97.5294189453125,24.8830450375162,1.244,East Asia & Pacific,High income
KR,2012,80.819512195122,26600.5477433903,5.9576025,11.7033965983522,97.3674163818359,25.5767916080653,1.297,East Asia & Pacific,High income
KR,2013,81.2707317073171,28449.3591104972,6.06858635,12.0971432569738,97.8287506103516,27.4929658439861,1.187,East Asia & Pacific,High income
KR,2014,81.7219512195122,30667.0912467447,6.24487352,12.5254091857732,98.5806732177734,28.3760075385872,1.205,East Asia & Pacific,High income
KR,2015,82.0243902439024,30171.7906545222,6.46202612,12.954685714924,98.5931930541992,26.2899620146574,1.239,East Asia & Pacific,High income
KR,2016,82.2756097560976,30832.0628072516,6.6356945,13.3631038531662,98.7179565429688,26.6704344134095,1.172,East Asia & Pacific,High income
KR,2017,82.6268292682927,33296.9845439195,6.79827499,13.8737462057967,99.105583190918,26.0043671138493,1.052,East Asia & Pacific,High income
KR,2018,82.6268292682927,35363.9508228687,7.14222002,14.4543760222277,99.3186569213867,25.9343920098722,0.977,East Asia & Pacific,High income
KR,2019,83.2268292682927,33826.9443301597,7.69397116,15.0634884441589,98.3813018798828,26.0153634264606,0.918,East Asia & Pacific,High income
KR,2020,83.4268292682927,33645.7719545073,8.02722836,15.822165945989,97.0888214111328,25.9439899531653,0.837,East Asia & Pacific,High income
KW,2000,76.2258780487805,19296.3471698729,2.20362997,1.54306855905406,85.79931640625,59.028420443273,2.887,Middle East & North Africa,High income
KW,2001,76.3843414634146,17374.2318664227,3.18719625,1.59514750477001,87.0694427490234,60.4227305514236,2.839,Middle East & North Africa,High income
KW,2003,76.6445609756098,22690.655175144,2.76042604,1.66156290331066,96.0627212524414,62.9365619789798,2.771,Middle East & North Africa,High income
KW,2004,76.7276829268293,27552.2827399787,2.35702467,1.67596794263996,100.651512145996,63.7459379536381,2.762,Middle East & North Africa,High income
KW,2005,76.8007804878049,36122.6142741227,2.013309,1.68719610441401,108.55924987793,64.0501905390517,2.731,Middle East & North Africa,High income
KW,2006,76.8876829268293,42946.6374104066,1.8213098,1.70592161865174,101.013938903809,63.7696557185435,2.589,Middle East & North Africa,High income
KW,2007,77.0101707317073,45709.4132876371,1.92673647,1.73187662200821,101.308387756348,63.1006880696392,2.412,Middle East & North Africa,High income
KW,2008,77.1890487804878,55585.1889344442,1.92400301,1.75894393212997,99.557746887207,62.3022428112696,2.266,Middle East & North Africa,High income
KW,2009,77.4333658536585,37907.1001320042,2.70638776,1.78487875444825,99.4600067138672,61.6332751623654,2.155,Middle East & North Africa,High income
KW,2010,77.7262195121951,39212.252220155,2.67879915,1.81434793399338,99.4166345928894,61.3527403418571,2.044,Middle East & North Africa,High income
KW,2011,78.052243902439,49169.6063813095,2.33303547,1.86597387109898,98.1417694091797,65.1115344079268,1.956,Middle East & North Africa,High income
KW,2012,78.3950243902439,52155.2225833921,2.33311439,1.95365632561938,98.6952312050305,65.1385584071027,1.99,Middle East & North Africa,High income
KW,2013,78.7418048780488,49651.0439275077,2.48789287,2.07172925291626,95.5615386962891,66.1412461870028,1.968,Middle East & North Africa,High income
KW,2014,79.0803414634146,44368.7813457751,2.9159987,2.21769474647318,93.0660018920898,50.028931868526,2.06,Middle East & North Africa,High income
KW,2015,79.3765609756098,29882.2126495698,4.21497965,2.40886968522768,95.3934020996094,64.5479644305319,2.03,Middle East & North Africa,High income
KZ,2000,63.793,1180.0444563226,4.16032028,6.69336584284892,89.0767288208008,16.6954213743656,1.898,Europe & Central Asia,Upper middle income
KZ,2006,65.722,5030.13494711519,3.39824843,7.47502338823609,98.4432830810547,16.8840447043122,2.38,Europe & Central Asia,Upper middle income
KZ,2010,68.257,8793.07589980782,2.73641396,6.50426041202994,98.5237492649908,20.5118750922389,2.61,Europe & Central Asia,Upper middle income
KZ,2011,69.108,11287.1464926039,2.60236669,6.37924434852274,98.8350532967319,25.4893926987852,2.605,Europe & Central Asia,Upper middle income
KZ,2012,69.939,12018.7966527993,3.03725982,6.37915311509129,99.0180187395814,27.2031824448933,2.64,Europe & Central Asia,Upper middle income
KZ,2013,70.719,13478.459627612,2.66286755,6.46346293811831,97.6500312583517,25.8443738560699,2.67,Europe & Central Asia,Upper middle income
KZ,2014,71.415,12427.7094576939,2.97468448,6.59698135722458,98.522388891969,23.8358367012493,2.76,Europe & Central Asia,Upper middle income
KZ,2015,72.024,10196.1226255982,3.04051113,6.76146357623621,98.2120601574997,22.5590495991917,2.755,Europe & Central Asia,Upper middle income
KZ,2016,72.549,7475.56688689424,3.42235589,6.93973967358632,97.0463003338151,22.7637525232887,2.795,Europe & Central Asia,Upper middle income
KZ,2017,72.996,8943.08416791984,3.0524447,7.12369405612749,96.5061709309357,21.0166106765309,2.745,Europe & Central Asia,Upper middle income
KZ,2018,73.369,9472.48527327758,2.90062451,7.30176395882548,96.1156212742477,20.5938700993782,2.845,Europe & Central Asia,Upper middle income
KZ,2019,73.658,9457.12614657136,2.87143755,7.48037890518547,96.5371355057456,20.8569853852639,2.89,Europe & Central Asia,Upper middle income
KZ,2020,71.195,8781.50797787648,3.83133817,7.64879145320809,91.9490206290752,20.0278724259165,3.13,Europe & Central Asia,Upper middle income
LA,2000,58.317,318.749852236965,4.27513599,3.36713947392042,33.2670707702637,28.820009114765,4.429,East Asia & Pacific,Lower middle income
LA,2001,58.887,320.316005439568,4.29031658,3.36892341585103,35.1896514892578,28.8274106843826,4.29,East Asia & Pacific,Lower middle income
LA,2002,59.302,313.350817148131,3.69751263,3.37544579615154,37.9458808898926,28.8952739905149,4.132,East Asia & Pacific,Lower middle income
LA,2003,59.643,355.097216151461,4.47920704,3.38496598335014,40.6808013916016,28.9554957475365,4.024,East Asia & Pacific,Lower middle income
LA,2004,60.08,409.296298284117,3.5405724,3.39510056471143,42.5078582763672,28.9399726698219,3.898,East Asia & Pacific,Lower middle income
LA,2005,60.688,466.061506997741,3.33673191,3.40602635001175,42.9863014221191,28.7806014717458,3.685,East Asia & Pacific,Lower middle income
LA,2006,61.074,579.391947440719,2.93200922,3.45348973705393,42.2330513000488,28.4053138984033,3.559,East Asia & Pacific,Lower middle income
LA,2007,61.694,697.323013673925,3.12986231,3.53578497140922,43.0343399047852,27.7775269837477,3.438,East Asia & Pacific,Lower middle income
LA,2008,62.248,885.747376088762,2.76727295,3.61739504622645,44.126880645752,26.8823653754409,3.331,East Asia & Pacific,Lower middle income
LA,2009,63.023,935.03237283283,3.46300411,3.69892249507421,45.6930198669434,25.7049537211446,3.229,East Asia & Pacific,Lower middle income
LA,2010,63.69,1125.91610151261,2.91154933,3.78172029464206,47.3594398498535,24.2304166685204,3.137,East Asia & Pacific,Lower middle income
LA,2011,64.505,1361.54704394913,1.94457507,3.86552588542291,46.3030907447649,20.5789011650413,3.049,East Asia & Pacific,Lower middle income
LA,2012,65.126,1563.5650771337,2.07637572,3.94854837675476,49.0350189208984,22.4365696992954,2.953,East Asia & Pacific,Lower middle income
LA,2013,65.723,1812.51774424651,2.39984965,4.02942832927052,52.6759359354755,24.2423626108046,2.872,East Asia & Pacific,Lower middle income
LA,2014,66.35,1981.03910900473,2.29845548,4.11171786370079,58.0247383117676,21.3928997917018,2.802,East Asia & Pacific,Lower middle income
LA,2015,66.688,2121.01339097363,2.45366454,4.13108857261085,62.2967936554274,20.1670988613747,2.796,East Asia & Pacific,Lower middle income
LA,2016,67.014,2303.22156035363,2.36087489,4.10183240872785,64.7630026961054,22.463787282601,2.744,East Asia & Pacific,Lower middle income
LA,2017,67.345,2432.43059478511,2.52606821,4.10222242423819,66.0411073482017,19.1515982168711,2.691,East Asia & Pacific,Lower middle income
LA,2018,67.594,2545.1075420815,2.24630046,4.1282707951479,66.1528570578416,20.9840690040935,2.633,East Asia & Pacific,Lower middle income
LA,2019,67.911,2589.32081035237,2.60312223,4.17749001037701,64.986385458831,22.4289603771825,2.589,East Asia & Pacific,Lower middle income
LA,2020,68.339,2583.77730696131,2.05965185,4.24151802227786,62.4493058083911,22.3176670505669,2.535,East Asia & Pacific,Lower middle income
LB,2000,73.895,3986.83513941026,10.82951355,5.11336660014767,62.5770492553711,17.9829558305759,2.6,Middle East & North Africa,Lower middle income
LB,2001,74.354,4009.55929751102,10.56254768,5.20422006952424,60.7058296203613,18.0162713556063,2.576,Middle East & North Africa,Lower middle income
LB,2002,74.836,4290.85283803266,9.28233719,5.29570489911065,62.5551910400391,18.108623271323,2.523,Middle East & North Africa,Lower middle income
LB,2003,75.275,4437.71588507526,8.67109871,5.38634498200589,64.8559494018555,18.2496665183829,2.457,Middle East & North Africa,Lower middle income
LB,2004,75.693,4600.68371412993,7.99923086,5.4709988239461,66.0179901123047,18.4290560374433,2.378,Middle East & North Africa,Lower middle income
LB,2005,76.074,4602.19804637945,7.54867649,5.55037119720357,66.4239807128906,18.636446769161,2.291,Middle East & North Africa,Lower middle income
LB,2006,75.677,4635.2514117486,8.66057873,5.6269378915971,67.2385787963867,19.1289192451531,2.244,Middle East & North Africa,Lower middle income
LB,2007,76.732,5125.25809960149,8.55984211,5.7021210360564,68.0434875488281,19.9880976020014,2.201,Middle East & North Africa,Lower middle income
LB,2008,76.956,5912.04532820842,7.81751728,5.77834667095468,68.8993988037109,20.9404521878108,2.172,Middle East & North Africa,Lower middle income
LB,2009,77.262,7090.85493856621,7.0073576,5.85804720942999,71.0917282104492,21.7124533506863,2.191,Middle East & North Africa,Lower middle income
LB,2010,77.529,7625.81051551165,7.43864489,5.94432414890798,70.562435785543,22.0305714387326,2.256,Middle East & North Africa,Lower middle income
LB,2011,77.768,7834.96257108993,8.17744446,6.04097844582847,73.8286148513332,19.3450935433656,2.32,Middle East & North Africa,Lower middle income
LB,2012,77.941,8406.98405608118,7.00420094,6.15177371230286,72.2122774625477,18.7841957919463,2.345,Middle East & North Africa,Lower middle income
LB,2013,78.037,8162.37929361396,7.06742191,6.28491322224943,71.2231189680025,20.2507464209249,2.361,Middle East & North Africa,Lower middle income
LB,2014,78.148,7577.6413302369,7.52191401,6.43898080515482,59.2622758017054,20.3631198495282,2.375,Middle East & North Africa,Lower middle income
LB,2015,78.275,7714.1099998804,7.41596651,6.78958060672056,58.1075064918095,20.6861467732003,2.382,Middle East & North Africa,Lower middle income
LB,2016,78.306,8089.012088155,7.92344952,7.32786873190107,59.4640916311345,19.360236111926,2.39,Middle East & North Africa,Lower middle income
LB,2017,78.192,8608.21084982387,7.80357552,7.8471502540207,63.1400703776303,18.8914613898948,2.372,Middle East & North Africa,Lower middle income
LB,2018,78.263,9174.53666204759,8.07031727,8.33008097515432,64.2435656996928,19.9808899582131,2.347,Middle East & North Africa,Lower middle income
LB,2019,78.208,8905.88005497437,8.68533897,8.77970915650001,65.2767643910733,20.5970090578064,2.327,Middle East & North Africa,Lower middle income
LB,2020,76.299,5561.19166950397,7.48221779,9.12370630072702,65.89697761206,19.2310172881236,2.308,Middle East & North Africa,Lower middle income
LC,2000,70.779,5879.56191426207,4.86549902,6.3284914510516,70.9955215454102,22.9678841195504,2.207,Latin America & Caribbean ,Upper middle income
LC,2001,71.367,5570.45247098106,5.12139463,6.56217528465737,73.2953567504883,22.7623698642573,2.125,Latin America & Caribbean ,Upper middle income
LC,2002,71.707,5567.89428424719,5.38887024,6.58372566366207,73.8339385986328,22.307384781651,2.032,Latin America & Caribbean ,Upper middle income
LC,2003,72.188,6058.60622059326,5.24069643,6.58841359590859,75.6025085449219,21.7581900274592,1.939,Latin America & Caribbean ,Upper middle income
LC,2004,72.453,6494.60034867886,4.76760817,6.58674249112574,74.9941787719727,21.2700467574092,1.863,Latin America & Caribbean ,Upper middle income
LC,2005,72.544,6863.43641919345,4.86039829,6.5926460944276,79.0845108032227,20.9982161272287,1.807,Latin America & Caribbean ,Upper middle income
LC,2006,72.794,7611.17856675319,5.1270175,6.61489807308013,83.6699066162109,20.9474952990289,1.765,Latin America & Caribbean ,Upper middle income
LC,2007,72.86,7964.38211480117,5.54166603,6.71562608042537,88.3509292602539,20.9823479426668,1.7,Latin America & Caribbean ,Upper middle income
LC,2008,72.963,8516.96075488787,5.09061956,6.9134961420553,94.5392303466797,21.0475349754885,1.7,Latin America & Caribbean ,Upper middle income
LC,2009,72.946,8250.52180732734,5.24410772,7.16583710340646,96.8615798950195,21.0878173148401,1.735,Latin America & Caribbean ,Upper middle income
LC,2010,72.768,8673.68720340529,5.05056047,7.36923405487796,97.0315628051758,21.0479558780675,1.673,Latin America & Caribbean ,Upper middle income
LC,2011,72.962,9128.99442011613,5.06134319,7.50024737923528,96.6020889282227,20.6119269898378,1.5,Latin America & Caribbean ,Upper middle income
LC,2012,72.86,9260.30006551714,4.92510271,7.63385316928033,93.3481292724609,21.0465307968291,1.5,Latin America & Caribbean ,Upper middle income
LC,2013,72.687,9577.21733754358,5.07107592,7.75948341249996,91.4860382080078,21.8244150541212,1.5,Latin America & Caribbean ,Upper middle income
LC,2014,72.676,10044.8218377677,4.6836338,7.87677624419643,90.7485504150391,22.2578153815924,1.485,Latin America & Caribbean ,Upper middle income
LC,2015,72.932,10334.9860823918,4.57866001,7.98807349153395,90.9497604370117,23.9677087919965,1.473,Latin America & Caribbean ,Upper middle income
LC,2016,72.552,10638.1269396653,4.51095486,8.10009906288786,89.6722183227539,24.0761301376266,1.461,Latin America & Caribbean ,Upper middle income
LC,2017,72.522,11333.1123822102,4.45561934,8.22379240339794,88.9026336669922,23.0833259465748,1.448,Latin America & Caribbean ,Upper middle income
LC,2018,72.655,11642.6984727769,4.27262402,8.36586316568465,88.7150192260742,23.2729579590218,1.436,Latin America & Caribbean ,Upper middle income
LC,2019,72.249,11794.0597229805,4.290905,8.52717105281673,88.3461303710938,23.070500576614,1.424,Latin America & Caribbean ,Upper middle income
LC,2020,72.308,8411.07474936367,7.01033401,8.70909198010665,88.7376327514648,23.7585855502375,1.411,Latin America & Caribbean ,Upper middle income
LK,2010,74.463,2808.36244503709,3.7414515,7.42722778757253,92.3497085571289,22.0458163253294,2.134,South Asia,Lower middle income
LK,2011,74.74,3224.95745150496,3.5819521,7.68004813925886,94.108642578125,19.3067208821847,2.144,South Asia,Lower middle income
LK,2012,75.187,3327.77613691283,3.30659294,7.97040481622156,94.6744689941406,20.9131853685461,2.173,South Asia,Lower middle income
LK,2013,75.546,3739.43181100202,3.69365358,8.29233506128403,95.1442636196356,21.9721781997635,2.178,South Asia,Lower middle income
LK,2014,75.757,3972.04375736464,3.46786141,8.63567606310462,93.4926277980089,19.7831265390581,2.134,South Asia,Lower middle income
LK,2015,75.99,4057.7158346231,3.6826396,8.99054561576392,94.4516928962286,17.9117046245301,2.09,South Asia,Lower middle income
LK,2016,76.136,4149.19190775593,3.61788416,9.34550801437968,93.9037221276375,19.521371968942,2.062,South Asia,Lower middle income
LK,2017,76.239,4398.88828068715,3.33093429,9.69368587386127,94.0418660922689,18.3492016336564,2.044,South Asia,Lower middle income
LK,2018,76.485,4358.56095906047,3.6418879,10.0359733858419,95.9107331693991,20.8478350946817,2.033,South Asia,Lower middle income
LR,2000,51.852,298.485340578945,2.69215393,3.11799410986551,34.139778137207,40.1117652111733,5.875,Sub-Saharan Africa ,Low income
LR,2011,59.486,568.087865520004,8.58399582,3.24983887793421,43.64794921875,43.0911306066352,4.97,Sub-Saharan Africa ,Low income
LR,2014,59.21,706.714490064507,8.09817886,3.19742803568614,36.7695617675781,34.3461135841224,4.622,Sub-Saharan Africa ,Low income
LR,2015,59.248,692.590082351257,10.38244438,3.18482020658746,36.3728485107422,51.1180873244019,4.523,Sub-Saharan Africa ,Low income
LR,2020,61.267,616.787867006715,12.90504265,3.22135500135111,37.7416801452637,42.3616590279287,4.174,Sub-Saharan Africa ,Low income
LS,2000,48.783,442.779545779081,5.15633392,4.52913874005508,28.7576808929443,24.5043099431081,3.605,Sub-Saharan Africa ,Lower middle income
LS,2001,47.153,412.677473676821,6.59075689,4.58464464905718,30.2747707366943,23.7869834305804,3.63,Sub-Saharan Africa ,Lower middle income
LS,2002,45.95,388.92334985135,5.8607502,4.62776216122995,31.2329406738281,22.7786136777816,3.682,Sub-Saharan Africa ,Lower middle income
LS,2003,44.921,583.270036200288,5.33754826,4.65845213125961,32.0320014953613,21.7379693349774,3.619,Sub-Saharan Africa ,Lower middle income
LS,2004,44.039,766.685820928242,5.24658537,4.68109900468209,34.4488716125488,20.9238190524334,3.508,Sub-Saharan Africa ,Lower middle income
LS,2005,43.611,861.381496414995,4.67452669,4.69738504799608,36.768440246582,20.5949314804153,3.428,Sub-Saharan Africa ,Lower middle income
LS,2006,43.182,925.467485502842,5.40532398,4.67092959737798,38.4086112976074,21.0739780096359,3.414,Sub-Saharan Africa ,Lower middle income
LS,2007,43.66,861.188420899563,7.22251844,4.58452076609027,41.5562515258789,22.2617938837023,3.442,Sub-Saharan Africa ,Lower middle income
LS,2008,44.304,898.482517882593,7.66648197,4.47092241425997,44.7508811950684,23.784393532221,3.392,Sub-Saharan Africa ,Lower middle income
LS,2009,45.055,878.847950537772,8.9529829,4.35081223878442,49.1937294006348,25.2677913847987,3.309,Sub-Saharan Africa ,Lower middle income
LS,2010,46.045,1119.47557793042,7.4048481,4.23461278165922,54.2426986694336,26.338001871042,3.25,Sub-Saharan Africa ,Lower middle income
LS,2011,46.93,1280.73390931581,8.99487114,4.12731522053774,56.9506416320801,26.9481719895266,3.343,Sub-Saharan Africa ,Lower middle income
LS,2012,48.235,1217.93071228944,9.98601341,4.03518659112755,59.0772018432617,26.5241576357391,3.296,Sub-Saharan Africa ,Lower middle income
LS,2013,49.547,1151.03735837227,10.97986031,3.97003847305913,57.7590713500977,25.2428493312626,3.283,Sub-Saharan Africa ,Lower middle income
LS,2014,50.786,1173.5377928819,9.98823929,3.93997564527287,58.2575629391492,26.801156032785,3.239,Sub-Saharan Africa ,Lower middle income
LS,2015,51.83,1121.19851342518,9.25280476,3.89919944844927,59.3985096286536,25.8911063728927,3.217,Sub-Saharan Africa ,Lower middle income
LS,2016,52.908,992.491840678465,9.19744301,3.8399903868811,56.8386993408203,25.3734080229079,3.18,Sub-Saharan Africa ,Lower middle income
LS,2017,53.874,1069.36673247542,10.52956581,3.80087158261016,59.3586515505342,22.4347012157399,3.105,Sub-Saharan Africa ,Lower middle income
LT,2001,71.6585365853659,3532.52787363242,6.00193262,14.2439657426251,99.6236419677734,17.3276190793162,1.29,Europe & Central Asia,High income
LT,2002,71.7609756097561,4148.13091485015,6.13477659,14.7285151596935,102.291709899902,16.4295435196153,1.23,Europe & Central Asia,High income
LT,2003,72.0609756097561,5507.47434187652,6.17724085,15.1734207288543,105.020172119141,15.5425823302599,1.26,Europe & Central Asia,High income
LT,2004,71.9609756097561,6734.57487061946,5.48347187,15.613976845434,103.009536743164,14.8205310765714,1.27,Europe & Central Asia,High income
LT,2005,71.2536585365854,7857.03148786492,5.64637566,16.0506106831398,104.49723815918,14.4171853238712,1.29,Europe & Central Asia,High income
LT,2006,71.0560975609756,9210.10118229413,5.85725737,16.4653092780983,107.004852294922,14.2765715251915,1.33,Europe & Central Asia,High income
LT,2007,70.9,12295.1212779366,5.75978613,16.8213583447784,106.929290771484,14.2038714091332,1.36,Europe & Central Asia,High income
LT,2008,71.8121951219512,14955.5345462921,6.29010201,17.1037935044469,106.108779907227,14.1446134543711,1.45,Europe & Central Asia,High income
LT,2009,72.9146341463415,11854.3711053096,7.34499836,17.2804966025491,104.755882263184,14.0443261395798,1.5,Europe & Central Asia,High income
LT,2010,73.2682926829268,11829.122609457,6.9058671,17.6097771279808,105.068267822266,13.8485379434341,1.5,Europe & Central Asia,High income
LT,2011,73.5634146341464,14261.8433787325,6.54017687,17.9884941813021,106.008163452148,12.3194519812497,1.55,Europe & Central Asia,High income
LT,2012,73.8634146341464,14288.1853493139,6.30798101,18.1799731254535,106.17350769043,12.373124789345,1.6,Europe & Central Asia,High income
LT,2013,73.9146341463415,15636.5252586048,6.15501022,18.3577356444558,108.811836242676,12.4131714589563,1.59,Europe & Central Asia,High income
LT,2014,74.5170731707317,16446.1647181663,6.22244453,18.6035201529541,107.746429443359,12.7577404745041,1.57,Europe & Central Asia,High income
LT,2015,74.3219512195122,14269.8039878287,6.47396851,18.8803013596424,106.955902099609,11.3028578201847,1.63,Europe & Central Asia,High income
LT,2016,74.6707317073171,14934.2702840428,6.64928818,19.1757756195781,106.39778137207,10.2329418108878,1.63,Europe & Central Asia,High income
LT,2017,75.4804878048781,16800.1510246099,6.44472837,19.504402571296,107.223350524902,9.79993642739852,1.57,Europe & Central Asia,High income
LT,2018,75.6804878048781,19247.2315367967,6.46896172,19.7309309832227,106.866737365723,11.0838572805935,1.53,Europe & Central Asia,High income
LT,2019,76.2829268292683,19608.7943945553,6.94472647,19.8571907989029,106.835861206055,10.2465023749528,1.43,Europe & Central Asia,High income
LT,2020,75.0292682926829,20428.6478157394,7.41619062,19.9341539675463,106.810821533203,9.21893860360944,1.36,Europe & Central Asia,High income
LU,2001,77.8243902439025,48440.1420151355,6.38193941,13.9484529197977,95.656379699707,14.0914256061452,1.66,Europe & Central Asia,High income
LU,2002,77.9658536585366,53005.7339209179,6.76099968,14.0202984619899,95.4434585571289,13.9364482552271,1.63,Europe & Central Asia,High income
LU,2003,77.7268292682927,65689.3214536911,6.96221447,14.0392131693217,94.9043197631836,13.7908891605103,1.62,Europe & Central Asia,High income
LU,2004,79.1219512195122,76544.9170868473,7.2793355,14.0654883148536,94.1919326782227,13.6552282940809,1.66,Europe & Central Asia,High income
LU,2005,79.4317073170732,80988.1376230858,7.12328196,14.1069293143962,93.7901229858398,13.5299456280254,1.63,Europe & Central Asia,High income
LU,2006,79.2878048780488,90788.8004876145,6.6364212,14.0849627590057,94.220832824707,13.4267295726474,1.65,Europe & Central Asia,High income
LU,2007,79.3829268292683,107475.320297978,6.15803099,14.0545942907115,94.9079666137695,13.343666837051,1.61,Europe & Central Asia,High income
LU,2008,80.5390243902439,120422.137934157,6.23101091,14.030027168217,95.75830078125,13.2608348415223,1.61,Europe & Central Asia,High income
LU,2010,80.6317073170732,110885.991378721,6.66263008,13.9918409176011,100.080001831055,13.0161727518124,1.63,Europe & Central Asia,High income
LU,2011,80.9878048780488,119025.057203467,5.95225334,13.958297980655,100.420967102051,12.7279864121044,1.52,Europe & Central Asia,High income
LU,2012,81.3926829268293,112584.676270958,5.29404306,13.9654108927907,100.609519958496,11.3764588719617,1.57,Europe & Central Asia,High income
LU,2013,81.8,120000.140729859,5.23557377,14.0256757341215,103.469413757324,11.7081477939315,1.55,Europe & Central Asia,High income
LU,2014,82.2292682926829,123678.702143275,5.23040915,14.1251062865936,104.596977233887,9.99782870623861,1.5,Europe & Central Asia,High income
LU,2015,82.2926829268293,105462.012584423,5.08113575,14.1954152151927,104.379188537598,10.3915303158858,1.47,Europe & Central Asia,High income
LU,2016,82.6853658536585,106899.293549552,5.07103872,14.2424413802086,106.08519744873,9.61318538725802,1.41,Europe & Central Asia,High income
LU,2017,82.0951219512195,110193.213797228,5.13535357,14.3068137144371,106.78434753418,9.60846654630366,1.39,Europe & Central Asia,High income
LU,2018,82.2951219512195,116926.759593905,5.27355194,14.3776280584969,106.983123779297,9.29178826573985,1.38,Europe & Central Asia,High income
LU,2019,82.6390243902439,112696.649059674,5.46640301,14.4700667405182,106.946510314941,8.4591046194554,1.34,Europe & Central Asia,High income
LU,2020,82.1439024390244,116860.02817236,5.7671175,14.5852263807154,107.078948974609,8.67476189540246,1.36,Europe & Central Asia,High income
LV,2001,70.7609756097561,3504.61829462397,5.89092207,15.2967902763588,92.8558120727539,21.6067918371829,1.22,Europe & Central Asia,High income
LV,2002,70.9609756097561,4003.60935783538,5.95477772,15.67299817293,95.2927322387695,20.5080341220557,1.26,Europe & Central Asia,High income
LV,2003,71.2658536585366,4914.57992829302,5.73644829,16.0776790051831,96.5377883911133,19.4158394192282,1.32,Europe & Central Asia,High income
LV,2004,72.0268292682927,6109.73265186817,6.47518539,16.4790780213888,99.2952423095703,18.5452444962024,1.29,Europe & Central Asia,High income
LV,2005,71.3560975609756,7283.78738127622,6.08161736,16.8562497223504,102.686317443848,18.1112861204801,1.39,Europe & Central Asia,High income
LV,2006,70.8658536585366,9211.7374468148,6.02127075,17.2223969730946,103.965400695801,18.0087086881248,1.46,Europe & Central Asia,High income
LV,2007,71.019512195122,13370.9789452508,5.81969213,17.5124592416493,103.921241760254,17.9604077828999,1.54,Europe & Central Asia,High income
LV,2008,72.419512195122,15677.6080864506,5.86603212,17.7238123599017,104.897567749023,17.9236469538566,1.58,Europe & Central Asia,High income
LV,2009,73.0804878048781,11996.0322729773,6.2683239,17.9832099503161,99.4204025268555,17.8556897500464,1.46,Europe & Central Asia,High income
LV,2010,73.4829268292683,11188.4191700977,6.22420359,18.2544494766261,102.822158813477,17.7137997205206,1.36,Europe & Central Asia,High income
LV,2011,73.5756097560976,12902.574053337,5.91758251,18.4754761239579,105.565788269043,15.525589653222,1.33,Europe & Central Asia,High income
LV,2012,73.7780487804878,13329.3499931271,5.62075043,18.6755010177509,106.344802856445,14.9825047352387,1.44,Europe & Central Asia,High income
LV,2013,73.9829268292683,14484.4715282132,5.60404825,18.9296873835699,114.776809692383,15.4093695076531,1.52,Europe & Central Asia,High income
LV,2014,74.1243902439024,15185.814581236,5.66363621,19.2414909818675,113.706932067871,16.0993170108535,1.65,Europe & Central Asia,High income
LV,2015,74.4804878048781,13321.9753140616,5.84916782,19.5243158412573,112.356651306152,13.6554000536401,1.7,Europe & Central Asia,High income
LV,2016,74.580487804878,13838.5266823272,6.35184479,19.7753873612594,111.296806335449,12.6030729844024,1.74,Europe & Central Asia,High income
LV,2017,74.6292682926829,15132.4958333982,6.18721867,20.0107948444194,110.723251342773,11.6679973108454,1.69,Europe & Central Asia,High income
LV,2018,74.7829268292683,17252.1710428626,6.40854263,20.1981958800325,109.155700683594,14.2076039693657,1.6,Europe & Central Asia,High income
LV,2019,75.3878048780488,17294.9751600969,6.86276913,20.4072272200842,107.602462768555,12.4865833165492,1.61,Europe & Central Asia,High income
LV,2020,75.1853658536585,17564.2321549354,7.50587368,20.6721709557533,105.956283569336,11.6020322023647,1.55,Europe & Central Asia,High income
LY,2002,70.788,3718.29434696755,4.73818302,3.82343509075803,110.586441040039,37.6270729377772,2.831,Middle East & North Africa,Upper middle income
LY,2003,70.996,4674.09943200321,3.97301245,3.85755768300783,106.755638122559,39.2184710587122,2.797,Middle East & North Africa,Upper middle income
LY,2005,71.439,8079.24957329001,2.51707149,3.93300810166181,93.6851577758789,42.5121275374636,2.765,Middle East & North Africa,Upper middle income
LY,2006,71.632,10048.8480434289,2.29996443,3.94608986204667,97.6095123291016,44.1991556236799,2.699,Middle East & North Africa,Upper middle income
MA,2000,66.794,1499.107421875,3.69304585,4.32319661006496,39.6924896240234,26.2794045322845,2.774,Middle East & North Africa,Lower middle income
MA,2001,67.2,1506.24523925781,3.81601191,4.40841665830142,41.3156585693359,26.336708569121,2.686,Middle East & North Africa,Lower middle income
MA,2002,67.582,1596.02062988281,4.06117535,4.49755851755154,43.0969085693359,26.3732332307781,2.617,Middle East & North Africa,Lower middle income
MA,2003,67.958,1941.87255859375,4.08037519,4.58784937095757,44.651439666748,26.3997347331309,2.606,Middle East & North Africa,Lower middle income
MA,2004,68.272,2183.55541992188,4.23211098,4.66525268563501,47.3964385986328,26.4269692920543,2.611,Middle East & North Africa,Lower middle income
MA,2005,68.748,2242.98828125,4.37350655,4.73323072714854,49.1547889709473,26.4656931234232,2.613,Middle East & North Africa,Lower middle income
MA,2006,69.157,2438.12646484375,4.56586647,4.81319085043138,52.2258186340332,26.5559544015872,2.611,Middle East & North Africa,Lower middle income
MA,2007,69.62,2755.5859375,4.80759001,4.90761409724243,55.3458595275879,26.7015710730568,2.618,Middle East & North Africa,Lower middle income
MA,2008,70.051,3183.20043945313,4.83789158,4.99700277787036,57.666561126709,26.858954011948,2.612,Middle East & North Africa,Lower middle income
MA,2009,70.454,3119.58862304688,5.27312183,5.07741023336992,60.7418212890625,26.984514092377,2.624,Middle East & North Africa,Lower middle income
MA,2010,70.821,3067.9853515625,5.41861057,5.162106754161,63.0757983249551,27.0346621884598,2.629,Middle East & North Africa,Lower middle income
MA,2011,71.263,3301.98876953125,5.37019396,5.26097499930688,66.0255284774218,25.1025965770715,2.595,Middle East & North Africa,Lower middle income
MA,2012,71.674,3164.17724609375,5.39619017,5.37392001793781,68.7358726261435,23.517027783633,2.543,Middle East & North Africa,Lower middle income
MA,2017,73.608,3296.52661132813,4.98920393,6.21542948574287,78.2157249451868,28.0161565066814,2.375,Middle East & North Africa,Lower middle income
MA,2018,73.946,3501.69799804688,4.94516659,6.45847935365639,78.470919593794,23.1856283839847,2.354,Middle East & North Africa,Lower middle income
MA,2019,74.245,3508.09765625,5.020401,6.72020202315888,79.3440512967066,20.9299059936918,2.342,Middle East & North Africa,Lower middle income
MA,2020,73.133,3268.0302734375,5.78939486,6.97052126972381,80.3087996541375,21.3212642117301,2.32,Middle East & North Africa,Lower middle income
MC,2000,82.121,81789.0206522549,3.69517851,22.2357454282149,149.82096862793,16.052472566324,2.082,Europe & Central Asia,High income
MC,2008,83.827,204263.797114294,4.08434391,24.103216484483,147.5048828125,13.5901198440495,2.384,Europe & Central Asia,High income
MC,2016,85.63,173604.753555915,4.1231184,35.009121150338,153.586303710938,10.4725197097017,2.578,Europe & Central Asia,High income
MD,2010,69.876,2436.79935102421,10.13112831,10.6813851298936,87.9811349895035,20.4084787372334,1.703,Europe & Central Asia,Upper middle income
MD,2011,70.173,2941.36224066021,9.09670353,10.5443759336524,87.7193726926085,20.7106966050714,1.65,Europe & Central Asia,Upper middle income
MD,2012,70.344,3044.8084324815,9.13962078,10.485419553317,88.1958686665424,20.3835846673482,1.661,Europe & Central Asia,Upper middle income
MD,2013,70.291,3321.04397795719,8.68300343,10.6157631674484,88.3360494330142,19.979486487115,1.622,Europe & Central Asia,Upper middle income
MD,2014,70.241,3289.95758568777,8.73206043,11.0822689022586,104.382597025321,18.7371163449526,1.82,Europe & Central Asia,Upper middle income
MD,2015,70.118,2749.55137054338,8.50013351,11.7091797505114,105.06970563726,18.1478989162811,1.87,Europe & Central Asia,Upper middle income
MD,2016,70.179,2847.08794770479,7.62106228,12.2990838824212,106.047154912204,17.0561198558818,1.89,Europe & Central Asia,Upper middle income
MD,2017,70.375,3453.26727720294,7.1278038,12.8296483714172,94.3536367146469,15.1423919470871,1.81,Europe & Central Asia,Upper middle income
MD,2018,70.236,4156.44981956646,6.70760345,13.3074098865074,95.915919225487,17.080793755092,1.81,Europe & Central Asia,Upper middle income
MD,2019,70.181,4405.33418162155,6.49662447,13.8014600191097,95.6507638474012,15.7728170076841,1.78,Europe & Central Asia,Upper middle income
MD,2020,69.914,4375.7788930524,7.00484037,14.2911788385703,96.1733374702658,14.7583463021422,1.77,Europe & Central Asia,Upper middle income
ME,2011,76.0829268292683,7265.51668681954,7.96692181,13.3252988244592,93.1708908081055,26.8096357329836,1.65,Europe & Central Asia,Upper middle income
ME,2012,76.3,6552.48071710904,8.29550457,13.4746819458913,92.6130599975586,25.152725645633,1.72,Europe & Central Asia,Upper middle income
ME,2015,76.6024390243903,6421.00307345999,9.02188778,14.420476163943,91.863410949707,22.5226135295586,1.7,Europe & Central Asia,Upper middle income
ME,2016,76.5414634146342,6968.01539365317,8.63302994,14.8258265738724,90.5575180053711,20.7818361159159,1.8,Europe & Central Asia,Upper middle income
ME,2017,76.6853658536585,7674.2813940676,7.98255396,15.2378556506188,90.6022262573242,21.1885834911776,1.8,Europe & Central Asia,Upper middle income
ME,2018,77.8853658536585,8673.59128084795,8.34355545,15.7080684318645,91.4442672729492,22.0010575045609,1.8,Europe & Central Asia,Upper middle income
ME,2019,76.6829268292683,8749.02375172644,8.32983208,16.2013123164339,91.84033203125,18.3231957596321,1.8,Europe & Central Asia,Upper middle income
ME,2020,75.9317073170732,7538.53635992191,11.42177582,16.6406770460658,92.3578720092773,17.9824100566499,1.75,Europe & Central Asia,Upper middle income
MG,2005,60.664,305.812074924388,5.21557808,2.74446531840141,20.3285102844238,12.631688555934,5.195,Sub-Saharan Africa ,Low income
MG,2006,61.14,324.146874882604,5.07203865,2.72749724809942,22.8831806182861,12.851012042078,5.133,Sub-Saharan Africa ,Low income
MG,2007,61.533,419.548001431865,4.60865784,2.70985678479646,25.2112007141113,13.11900191265,5.083,Sub-Saharan Africa ,Low income
MG,2008,61.992,512.579800058444,4.08111811,2.69295925860265,27.4633598327637,13.4665519107277,5.043,Sub-Saharan Africa ,Low income
MG,2009,62.304,446.315238370592,4.38469839,2.67787402117284,28.5682106018066,13.9245557793887,5.003,Sub-Saharan Africa ,Low income
MG,2011,62.86,506.163691559309,4.521595,2.65931791842448,34.1198081970215,16.0170178085428,4.737,Sub-Saharan Africa ,Low income
MG,2012,63.007,493.511162904211,3.91105914,2.65892231659813,35.3920151133501,14.7009701749296,4.613,Sub-Saharan Africa ,Low income
MG,2014,63.261,505.684922503435,4.46240282,2.71282934644595,35.8148702330413,15.00220058015,4.421,Sub-Saharan Africa ,Low income
MG,2015,63.362,445.320069480568,5.0062542,2.78825380522701,36.1207695007324,16.0777176618248,4.335,Sub-Saharan Africa ,Low income
MG,2016,63.431,453.970714522463,5.33248854,2.86662404589863,36.0765113830566,16.138736457425,4.285,Sub-Saharan Africa ,Low income
MG,2017,63.433,491.866848718929,4.80225945,2.94338687851329,34.7709486382629,12.5514997924024,4.259,Sub-Saharan Africa ,Low income
MG,2018,63.491,500.45718552916,4.22160387,3.01848784753958,34.6266095687665,12.7238095692816,4.246,Sub-Saharan Africa ,Low income
MG,2019,63.504,499.818837622534,3.10129309,3.09198189312276,32.8161749019587,12.7945386496097,4.221,Sub-Saharan Africa ,Low income
MH,2002,63.848,2566.06708799222,12.06634617,2.25767873289969,78.4224166870117,11.864311787664,4.488,East Asia & Pacific,Upper middle income
MH,2003,63.956,2539.3307383954,13.3324337,2.24832247257376,73.5776977539062,11.7796777907771,4.418,East Asia & Pacific,Upper middle income
MH,2004,64.044,2566.08291015814,14.15128136,2.21851075948756,77.7290267944336,11.6826421251605,4.34,East Asia & Pacific,Upper middle income
MH,2005,64.112,2658.65217893885,18.45293236,2.17893885099988,73.762451171875,11.5921941113958,4.276,East Asia & Pacific,Upper middle income
MH,2006,64.207,2754.26988767503,22.29854774,2.14742510939078,79.1771087646484,11.5073802507863,4.197,East Asia & Pacific,Upper middle income
MH,2007,64.259,2892.28403958874,16.82522392,2.12164889017008,82.46044921875,11.4137679941335,4.09,East Asia & Pacific,Upper middle income
MH,2008,64.3,2817.60522775322,18.97963715,2.09782817605228,84.7516632080078,11.3101280862676,3.967,East Asia & Pacific,Upper middle income
MH,2009,64.395,2906.63026970914,18.7292881,2.08483520286052,83.8652801513672,11.1952312720186,3.83,East Asia & Pacific,Upper middle income
MH,2015,65.292,3764.34426229508,14.78209972,2.80017622770259,83.1655992680695,10.2729137216564,3.131,East Asia & Pacific,Upper middle income
MH,2016,65.477,4229.80988911945,14.62816238,3.00362615020227,84.9683299860961,10.3445553141009,3.091,East Asia & Pacific,Upper middle income
MH,2019,66.047,5292.33985502306,14.98994541,3.57333575721768,92.6458959354737,10.8031103210849,3.012,East Asia & Pacific,Upper middle income
MH,2020,65.387,5661.96787336674,12.12413406,3.70435413812886,92.9692504804612,10.7256194470999,2.989,East Asia & Pacific,Upper middle income
MK,2000,72.9463414634147,1861.89899780644,8.86991501,9.76010479996986,83.5768890380859,38.4097368734453,1.863,Europe & Central Asia,Upper middle income
MK,2001,73.4365853658537,1823.02267682636,8.3815918,9.98344384482222,84.2949676513672,38.3465283909884,1.729,Europe & Central Asia,Upper middle income
MK,2002,73.0390243902439,1989.13537265159,8.97826958,10.1740481006361,83.9654083251953,38.3051379529426,1.786,Europe & Central Asia,Upper middle income
MK,2003,73.2414634146342,2445.36286400013,9.00857735,10.3204268642762,83.6575317382812,38.2684224047552,1.745,Europe & Central Asia,Upper middle income
MK,2004,73.5975609756098,2818.5814561242,8.46505451,10.4746258291976,83.2468414306641,38.2192385918736,1.524,Europe & Central Asia,Upper middle income
MK,2005,73.6975609756098,3120.98401394233,7.67907524,10.6415833236235,83.6800384521484,38.1404433597452,1.5,Europe & Central Asia,Upper middle income
MK,2007,73.8,4204.11328760452,6.57065344,11.0189522241413,84.0014801025391,36.7214569855729,1.46,Europe & Central Asia,Upper middle income
MK,2008,74.4,5026.4202989873,6.55317593,11.2262740519037,84.0322494506836,35.6121850379648,1.47,Europe & Central Asia,Upper middle income
MK,2009,74.4463414634146,4799.78722768888,6.52846384,11.4293250237734,84.1355972290039,34.6946054990783,1.5,Europe & Central Asia,Upper middle income
MK,2010,74.9975609756098,4833.36586759968,6.71369696,11.6140833193192,85.4283828735352,34.3123770557157,1.6,Europe & Central Asia,Upper middle income
MK,2012,74.9024390243903,5049.8265386157,6.61468363,12.0723567464621,85.8300170898438,35.8424435184763,1.5,Europe & Central Asia,Upper middle income
MK,2013,75.4,5626.26115664893,6.71928358,12.458575061591,83.8025588989258,32.7169102539109,1.5,Europe & Central Asia,Upper middle income
MK,2014,75.4512195121951,5925.38592218015,6.28993368,12.9263524713146,83.6949768066406,33.7775349314159,1.5,Europe & Central Asia,Upper middle income
MK,2015,75.4024390243902,5262.68671928674,6.34227896,13.4042646662284,84.9836273193359,31.8724776060607,1.49,Europe & Central Asia,Upper middle income
MK,2017,75.9536585365854,5955.2973863451,6.43909454,14.4580662828714,84.6865386962891,30.4645094005313,1.43,Europe & Central Asia,Upper middle income
MK,2018,76.6487804878049,6713.98925398989,6.45699358,15.0850497869881,83.3533935546875,31.0045303573284,1.42,Europe & Central Asia,Upper middle income
MK,2019,76.6024390243903,6718.85826635458,7.06654119,15.7588026396984,82.5312805175781,25.8786881284068,1.34,Europe & Central Asia,Upper middle income
MK,2020,74.3951219512195,6659.59651070776,7.73212385,16.3463390126845,82.4416732788086,26.118651401474,1.31,Europe & Central Asia,Upper middle income
ML,2000,50.605,304.652870194271,5.4663372,3.2229962556958,15.6529197692871,65.0230304328187,6.886,Sub-Saharan Africa ,Low income
ML,2003,52.632,441.910358475095,5.05061436,3.03435447741044,19.7679595947266,63.6958519756611,6.783,Sub-Saharan Africa ,Low income
ML,2004,53.253,495.006294680645,5.21768713,2.98065035216043,21.5015201568604,63.1874536293344,6.741,Sub-Saharan Africa ,Low income
ML,2005,53.792,548.730382842725,5.19517279,2.94041927009326,23.2651901245117,62.9742309685626,6.708,Sub-Saharan Africa ,Low income
ML,2006,54.305,586.985415515264,5.4559021,2.91360926029365,25.1828804016113,63.4675247606838,6.677,Sub-Saharan Africa ,Low income
ML,2007,54.756,670.853394973479,5.2530427,2.89236058479397,27.6904392242432,64.6438551699259,6.647,Sub-Saharan Africa ,Low income
ML,2008,55.187,767.19483895009,5.02688074,2.87155307963288,31.0381298065186,66.0478983611385,6.624,Sub-Saharan Africa ,Low income
ML,2009,55.588,787.482564287398,5.21225691,2.84602315623779,34.0355415344238,67.2243304991712,6.592,Sub-Saharan Africa ,Low income
ML,2010,55.993,797.151541135109,4.67867136,2.81205037403737,36.7189206176726,67.7178277488734,6.579,Sub-Saharan Africa ,Low income
ML,2011,56.367,938.292902583696,4.01485014,2.7749265538929,38.7492137225876,62.4509373481651,6.545,Sub-Saharan Africa ,Low income
ML,2013,57.052,901.920957644831,3.96408582,2.7108215158238,39.2758121397099,51.3368303515499,6.491,Sub-Saharan Africa ,Low income
ML,2014,57.482,947.915033288325,4.48158312,2.6696747242889,41.2349114693214,56.4785819386307,6.441,Sub-Saharan Africa ,Low income
ML,2015,57.852,838.11986940103,4.11143351,2.63327015909517,38.9892238642006,74.1479908356132,6.385,Sub-Saharan Africa ,Low income
ML,2016,58.286,872.468587171653,3.77377558,2.60453577129353,40.0999948578594,66.1872302945193,6.319,Sub-Saharan Africa ,Low income
ML,2017,58.562,924.057531692284,3.67425752,2.57634749650993,38.5485805738327,66.774344334826,6.251,Sub-Saharan Africa ,Low income
ML,2018,58.873,996.379292136901,3.73251104,2.54869997130177,37.9832691019192,63.6849309047317,6.118,Sub-Saharan Africa ,Low income
MM,2000,60.357,196.619580625284,2.00781965,5.00086099085685,39.3193206787109,39.5272329221873,2.813,East Asia & Pacific,Lower middle income
MM,2001,60.64,141.525660705722,2.16208982,5.03500475523457,40.303840637207,39.7428390610683,2.793,East Asia & Pacific,Lower middle income
MM,2002,60.925,146.598390364449,2.59446764,5.06515600564822,41.8484497070312,40.1768875885917,2.765,East Asia & Pacific,Lower middle income
MM,2003,61.196,224.292688912409,2.3959713,5.09178487846221,42.1795806884766,40.6510344092112,2.68,East Asia & Pacific,Lower middle income
MM,2004,61.443,224.508811413327,2.33253765,5.1145162113586,45.0282783508301,40.9869354273807,2.588,East Asia & Pacific,Lower middle income
MM,2005,61.72,252.685193060728,2.3447094,5.13423576044411,45.6932487487793,41.0062465475539,2.515,East Asia & Pacific,Lower middle income
MM,2006,62.026,303.495087119254,2.26559186,5.15260231918773,47.5437698364258,40.5461049761885,2.471,East Asia & Pacific,Lower middle income
MM,2007,62.367,419.375780725042,2.03606868,5.17140213256537,47.3708114624023,39.5962241482972,2.447,East Asia & Pacific,Lower middle income
MM,2008,56.364,658.442487229705,2.12175322,5.18567235315122,49.9790115356445,38.2071243111665,2.404,East Asia & Pacific,Lower middle income
MM,2009,63.095,758.442935789255,2.17283702,5.20709432683321,49.9621315002441,36.4293257120831,2.369,East Asia & Pacific,Lower middle income
MM,2010,63.479,1010.53417343401,1.96793783,5.24473414065679,50.8663902282715,34.3133485983332,2.335,East Asia & Pacific,Lower middle income
MM,2014,64.994,1293.00042319714,4.14940882,5.49074745193444,57.1178512573242,31.2218892689358,2.252,East Asia & Pacific,Lower middle income
MM,2016,65.64,1229.19713491328,4.76220942,5.78481355024311,67.7588500976562,31.1703866445543,2.27,East Asia & Pacific,Lower middle income
MM,2017,65.909,1272.82241815234,4.6921258,5.95130203257975,72.3457412719727,28.1336717956987,2.252,East Asia & Pacific,Lower middle income
MM,2018,66.232,1298.21310327675,4.53514671,6.1297183774185,77.0191497802734,31.5559916967562,2.228,East Asia & Pacific,Lower middle income
MN,2000,63.2104878048781,476.02755082717,6.07605076,3.42665024425888,62.4367294311523,21.3981446125931,2.2,East Asia & Pacific,Upper middle income
MN,2001,63.3917073170732,524.453483552485,5.4423995,3.45116508277134,69.4697723388672,21.3689232389585,2.2,East Asia & Pacific,Upper middle income
MN,2002,63.540243902439,570.249213248399,5.49190998,3.47535643437826,74.5482330322266,21.2157465725794,2.1,East Asia & Pacific,Upper middle income
MN,2003,63.5753658536585,643.168068921658,4.29768944,3.50621875997549,82.2682495117188,21.0276549890181,2.0,East Asia & Pacific,Upper middle income
MN,2004,64.630243902439,794.154552001815,4.30204487,3.54830368580999,88.4728012084961,20.893688863837,2.0,East Asia & Pacific,Upper middle income
MN,2005,65.2807317073171,994.90010913241,3.86456275,3.60163466500953,92.1028823852539,20.9028885725986,2.0,East Asia & Pacific,Upper middle income
MN,2006,65.9021951219512,1329.89179579053,3.74971509,3.65992063852848,92.3052825927734,21.2574073192077,2.1,East Asia & Pacific,Upper middle income
MN,2009,67.9690243902439,1703.32756790019,4.45980072,3.78657244929888,98.5075302124023,25.4221556112408,2.8,East Asia & Pacific,Upper middle income
MN,2010,68.5056097560976,2625.21881402433,3.73945642,3.79947011768747,91.1776885986328,27.9160191026285,2.4,East Asia & Pacific,Upper middle income
MN,2018,70.8270731707317,4107.64288528468,4.53449297,4.04957088820743,91.2949725153641,30.340789040395,2.9,East Asia & Pacific,Upper middle income
MN,2019,71.0531707317073,4347.54610314873,4.49497986,4.17415725035646,88.7463471502002,31.0839271991388,3.0,East Asia & Pacific,Upper middle income
MN,2020,71.3490243902439,4001.25193077703,4.6662488,4.30635785893672,95.3826370696027,29.6547866481682,2.9,East Asia & Pacific,Upper middle income
MR,2000,61.044,680.911061879778,3.37824655,3.08267852944097,18.0476703643799,85.1001098665338,5.456,Sub-Saharan Africa ,Lower middle income
MR,2001,61.662,651.817840199777,3.5718379,3.09115095998726,20.5369300842285,83.7808052873624,5.407,Sub-Saharan Africa ,Lower middle income
MR,2002,62.249,648.879643934862,4.00224972,3.10276451447234,20.5889301300049,80.6329327897663,5.373,Sub-Saharan Africa ,Lower middle income
MR,2003,62.805,732.017820812675,4.03254652,3.11459911793026,21.539270401001,76.8650180022067,5.364,Sub-Saharan Africa ,Lower middle income
MR,2004,63.369,823.554457141893,3.70429492,3.12370203057975,22.1136894226074,73.685586553145,5.374,Sub-Saharan Africa ,Lower middle income
MR,2005,63.92,998.96583416747,3.40312648,3.13624243954314,22.4629497528076,72.3031640710423,5.376,Sub-Saharan Africa ,Lower middle income
MR,2006,64.493,1300.60367988659,2.70252752,3.15279427672664,23.1758899688721,72.3062769506067,5.404,Sub-Saharan Africa ,Lower middle income
MR,2008,65.233,1635.5630623124,3.01338983,3.25443800923485,18.5803203582764,72.6232952017021,5.436,Sub-Saharan Africa ,Lower middle income
MR,2009,65.485,1435.43010811893,3.11034036,3.40777150258255,20.0069904327393,72.8076395597426,5.406,Sub-Saharan Africa ,Lower middle income
MR,2010,65.661,1659.96369705455,2.63618922,3.54540721378829,20.4244003295898,72.922833397118,5.384,Sub-Saharan Africa ,Lower middle income
MR,2011,65.754,1931.19975525465,2.47383666,3.66571252835044,22.7523097991943,72.9883129496202,5.38,Sub-Saharan Africa ,Lower middle income
MR,2012,65.808,1859.11733247641,2.64919329,3.7682431278623,27.0638964405956,83.0360920761507,5.352,Sub-Saharan Africa ,Lower middle income
MR,2013,65.89,1934.24103064714,2.86799884,3.75036301804466,30.2620419125702,64.5065697786296,5.317,Sub-Saharan Africa ,Lower middle income
MR,2014,66.207,1713.00865264234,3.46724391,3.63322098259497,30.6988232872483,64.1516470310952,5.261,Sub-Saharan Africa ,Lower middle income
MR,2015,66.498,1554.94897871782,3.67363763,3.53342073549181,31.196307538775,83.0276343912381,5.211,Sub-Saharan Africa ,Lower middle income
MR,2016,66.823,1565.76575722696,3.18699503,3.45096290818668,32.187587041888,76.5480652857383,5.157,Sub-Saharan Africa ,Lower middle income
MR,2017,67.088,1615.00401327323,3.41947556,3.38544428174658,31.7565696757394,79.9744180761698,5.106,Sub-Saharan Africa ,Lower middle income
MR,2018,67.419,1722.93528854073,2.88362551,3.33540817279263,35.5293425627344,75.8344786877967,5.044,Sub-Saharan Africa ,Lower middle income
MR,2019,67.64,1767.072710621,3.09176588,3.29913011324822,37.5793709898761,72.1994109024446,4.984,Sub-Saharan Africa ,Lower middle income
MR,2020,66.794,1795.76459566714,3.00147843,3.2601136793713,36.0277030077074,70.8224442103687,4.912,Sub-Saharan Africa ,Lower middle income
MT,2001,78.8439024390244,10357.7025891731,7.0297122,12.4043998713953,90.7193222045898,17.3739401649506,1.48,Middle East & North Africa,High income
MT,2002,78.7390243902439,11251.2025296416,7.73333311,12.6888571361645,91.1574630737305,17.1607690400214,1.45,Middle East & North Africa,High income
MT,2003,78.5463414634146,13593.9787155682,7.93917513,12.9668211152387,93.1107406616211,16.9496741589384,1.48,Middle East & North Africa,High income
MT,2004,79.2536585365854,15212.1313438497,8.03966808,13.2405869071745,104.41886138916,16.7881718920403,1.4,Middle East & North Africa,High income
MT,2005,79.3,15831.344048672,8.69497585,13.4790398227037,101.806327819824,16.7237786096657,1.38,Middle East & North Africa,High income
MT,2006,79.4390243902439,16653.6036929688,8.84659672,13.6329008351095,97.5271606445312,16.7590769231956,1.36,Middle East & North Africa,High income
MT,2007,79.7926829268293,19444.1741958382,8.18593979,13.7097267115136,100.52220916748,16.8432498246899,1.35,Middle East & North Africa,High income
MT,2008,79.6365853658537,22315.3104212988,7.82490158,13.8815759638541,101.423049926758,16.9437142555058,1.43,Middle East & North Africa,High income
MT,2010,81.3975609756098,21946.6069636029,7.89857197,15.096989119852,105.11385345459,17.06318547053,1.36,Middle East & North Africa,High income
MT,2011,80.7463414634146,23516.9691234302,8.31816673,15.8139408918619,94.1126708984375,16.1027075945735,1.45,Middle East & North Africa,High income
MT,2012,80.7463414634146,22878.3130866521,8.24921417,16.5765962159862,95.5169982910156,14.106355803411,1.42,Middle East & North Africa,High income
MT,2013,81.7463414634146,25415.5566867731,8.30319595,17.3519818416277,96.430793762207,13.3766872999129,1.36,Middle East & North Africa,High income
MT,2014,81.8951219512195,27424.5765646694,8.88463974,17.9435630039737,95.6191711425781,13.4804864315632,1.38,Middle East & North Africa,High income
MT,2015,81.7975609756098,25529.6813337717,8.70199776,18.3273199612118,93.432373046875,13.6814730924333,1.37,Middle East & North Africa,High income
MT,2016,82.3536585365854,26459.0770929988,8.69928074,18.6555640731084,92.2248611450195,12.5325633579629,1.37,Middle East & North Africa,High income
MT,2017,82.1951219512195,30317.2443175543,8.31366253,18.8131074315696,99.5694808959961,12.9026022733936,1.26,Middle East & North Africa,High income
MT,2018,82.2487804878049,33382.2677499267,8.11269569,18.7496839900321,100.396072387695,13.1132959646537,1.23,Middle East & North Africa,High income
MT,2019,82.6585365853659,32421.9179752262,8.89282227,18.5815714000859,100.816368103027,12.5909175285117,1.14,Middle East & North Africa,High income
MT,2020,82.0975609756098,31823.4363934505,9.85403538,18.4997679496494,100.112777709961,11.7226648774147,1.14,Middle East & North Africa,High income
MU,2000,71.6634146341463,3981.98343249582,2.85734653,6.11764396444765,74.3924789428711,9.31039577146635,1.99,Sub-Saharan Africa ,Upper middle income
MU,2001,71.7658536585366,3908.55694927435,2.92151856,6.20659470827647,80.2969284057617,9.56066660623812,1.91,Sub-Saharan Africa ,Upper middle income
MU,2002,71.9658536585366,4073.06053055903,3.18897271,6.28631484609454,82.4172286987305,10.0484613474665,1.94,Sub-Saharan Africa ,Upper middle income
MU,2003,72.1170731707317,4858.26575549747,3.18201613,6.35746681925789,85.5775909423828,10.6053806231737,1.87,Sub-Saharan Africa ,Upper middle income
MU,2004,72.2658536585366,5460.60800184198,3.31652546,6.42863115243685,86.3435287475586,11.0630250613817,1.92,Sub-Saharan Africa ,Upper middle income
MU,2005,72.4321951219512,5354.02974260642,3.51794028,6.50179165854687,88.6331024169922,11.2529952901128,1.88,Sub-Saharan Africa ,Upper middle income
MU,2006,72.4321951219512,5784.22491883026,3.60573649,6.57606285268684,86.6944198608398,11.077573370866,1.77,Sub-Saharan Africa ,Upper middle income
MU,2007,72.5707317073171,6677.34962448608,3.52321672,6.65992657846262,86.7215270996094,10.6524254237964,1.74,Sub-Saharan Africa ,Upper middle income
MU,2008,72.5707317073171,8140.50808595895,3.93896508,6.78417743118618,86.2219161987305,10.1292281649105,1.67,Sub-Saharan Africa ,Upper middle income
MU,2009,72.8824390243903,7426.88645617593,4.17035627,6.96762712553519,86.6567001342773,9.65965831021468,1.59,Sub-Saharan Africa ,Upper middle income
MU,2010,72.9673170731707,8113.17670740212,4.51898289,7.18822149520215,86.9073104858398,9.39539257571533,1.57,Sub-Saharan Africa ,Upper middle income
MU,2011,73.2668292682927,9324.24232310496,4.25059652,7.42446941420405,88.7222900390625,9.3272356948409,1.55,Sub-Saharan Africa ,Upper middle income
MU,2012,73.8634146341464,9421.52514098225,4.21993399,7.69584306181497,92.1094389658945,9.10271819827775,1.56,Sub-Saharan Africa ,Upper middle income
MU,2013,74.0170731707317,9877.13865958834,4.620821,8.02578034498505,93.7982864379883,9.57883414266686,1.45,Sub-Saharan Africa ,Upper middle income
MU,2014,74.1943902439024,10490.3315563853,5.38024664,8.4197462160542,97.075353264043,9.44659217541541,1.44,Sub-Saharan Africa ,Upper middle income
MU,2015,74.3531707317073,9630.5437837507,5.55042362,8.87991763366248,93.9681984718368,9.13027374403697,1.37,Sub-Saharan Africa ,Upper middle income
MU,2016,74.3948780487805,10095.1225574156,5.54289532,9.38091590555375,94.4362545563892,8.98829540881102,1.41,Sub-Saharan Africa ,Upper middle income
MU,2017,74.5146341463415,10986.7034093005,5.59857273,9.89137298503473,92.5403344955972,8.99594985085889,1.46,Sub-Saharan Africa ,Upper middle income
MU,2018,74.4163414634146,11818.7480619272,5.60310221,10.3966493732511,91.4171358592572,9.64568180967703,1.42,Sub-Saharan Africa ,Upper middle income
MU,2019,74.2358536585366,11568.2533399824,5.69508171,10.8947577102786,93.1354968676317,9.27666690706869,1.41,Sub-Saharan Africa ,Upper middle income
MU,2020,74.1770731707317,9135.84773751062,6.09606028,11.4011750101113,89.5019998431496,9.15296880580014,1.46,Sub-Saharan Africa ,Upper middle income
MV,2000,70.892,2213.81235053178,7.73655844,3.76092348551602,51.4409103393555,16.8060479800766,2.691,South Asia,Upper middle income
MV,2001,71.659,3033.93234507036,8.21364975,3.92565405772969,61.0277481079102,16.5695134612853,2.532,South Asia,Upper middle income
MV,2002,72.36,3076.07007160101,8.78440189,4.09545429606057,61.3511009216309,16.4279489085745,2.425,South Asia,Upper middle income
MV,2003,73.263,3548.5767011056,6.77857542,4.2667399684982,67.9700698852539,16.3251633783939,2.342,South Asia,Upper middle income
MV,2004,73.008,4070.2609459446,7.48356962,4.43428855803923,67.8094329833984,16.2049659271931,2.262,South Asia,Upper middle income
MV,2010,76.756,7173.59601844692,8.48758984,4.44383467482649,70.0468136514648,13.4528363324173,2.349,South Asia,Upper middle income
MV,2011,77.141,7424.520410971,7.92251587,4.35566830981015,72.8434927609116,12.0739554274487,2.307,South Asia,Upper middle income
MV,2012,77.512,7461.29703686309,8.67304802,4.2628574678531,71.9760042609256,12.9660175970021,2.254,South Asia,Upper middle income
MV,2013,77.847,8236.08177944126,8.15509319,4.17576402159119,68.3872693233485,13.2401139246132,2.174,South Asia,Upper middle income
MV,2014,78.187,8939.07416571472,7.91345072,4.09799403796266,72.9110894145066,11.7258427261492,2.089,South Asia,Upper middle income
MV,2015,78.607,9644.90655028145,8.68310642,4.01479374243847,73.441380211737,10.8085614263778,2.004,South Asia,Upper middle income
MV,2016,78.913,9947.80744731739,10.23337078,3.93214198706091,70.014084045724,12.3754871852488,1.903,South Asia,Upper middle income
MV,2017,79.228,10509.628805812,9.14948273,3.86766371291352,69.7419183184781,11.3333706146388,1.798,South Asia,Upper middle income
MV,2018,79.433,11423.2838427029,7.2940383,3.83165450746515,68.5727820261217,12.5034619255463,1.71,South Asia,Upper middle income
MV,2019,79.707,11740.2724029785,7.50238085,3.83285048520598,68.0857601310983,12.3139819141366,1.64,South Asia,Upper middle income
MV,2020,78.713,7393.8886543933,11.43943214,3.86970406388133,69.8982015609094,12.0123911668511,1.613,South Asia,Upper middle income
MW,2000,46.17,224.22415918428,2.35247517,3.31076281585749,31.0989303588867,23.0191141072171,6.002,Sub-Saharan Africa ,Low income
MW,2001,47.205,215.474524898357,2.06040049,3.46603530034805,32.2248115539551,23.0077905439554,5.943,Sub-Saharan Africa ,Low income
MW,2002,48.176,428.210439838398,2.69725966,3.6044750867813,31.3253707885742,22.9554559880107,5.903,Sub-Saharan Africa ,Low income
MW,2004,51.073,404.674248445428,4.07199907,3.84605723646534,28.9145393371582,22.8344376653838,5.864,Sub-Saharan Africa ,Low income
MW,2005,52.469,414.361121984475,4.30046511,3.93747865805469,28.7130393981934,22.8190957823576,5.848,Sub-Saharan Africa ,Low income
MW,2006,53.652,440.822149023873,4.91223288,4.00034836762907,30.5642108917236,22.88596892288,5.802,Sub-Saharan Africa ,Low income
MW,2007,54.687,475.180261659331,5.44258356,4.01672600640688,30.2626094818115,23.0652506132744,5.724,Sub-Saharan Africa ,Low income
MW,2008,55.715,554.048820396119,6.10668802,3.91511272470216,32.6917381286621,23.3640822987324,5.609,Sub-Saharan Africa ,Low income
MW,2009,56.714,625.869729869625,5.87333822,3.74329282981939,33.3515281677246,23.7896054244456,5.453,Sub-Saharan Africa ,Low income
MW,2010,57.787,683.124694716799,5.14304781,3.59881517257353,33.6619814891638,24.3489614356053,5.263,Sub-Saharan Africa ,Low income
MW,2011,58.859,763.061000394572,5.32226658,3.47653598283265,34.7371599213107,26.3935444962185,5.083,Sub-Saharan Africa ,Low income
MW,2012,59.87,558.46208832772,6.02199793,3.369813840309,34.8210140987042,26.4999840992823,4.902,Sub-Saharan Africa ,Low income
MW,2013,60.816,496.947368267313,8.22379494,3.26474770114781,37.847295845447,25.3524122563691,4.759,Sub-Saharan Africa ,Low income
MW,2014,61.651,529.5133440206,6.89776182,3.16478836074014,39.5435659506335,25.9973398435068,4.569,Sub-Saharan Africa ,Low income
MW,2015,62.324,539.605363240686,6.62879086,3.06993549592414,39.7291461793841,25.0076393017599,4.384,Sub-Saharan Africa ,Low income
MW,2016,63.163,450.506105510719,7.72703791,2.97776097480433,38.1843681335449,24.9604610605181,4.216,Sub-Saharan Africa ,Low income
MW,2017,63.914,495.769683367165,7.58438921,2.89717991664502,39.6154222954854,21.2909459360983,4.113,Sub-Saharan Africa ,Low income
MW,2018,64.464,533.202567189331,6.88249922,2.82687397577763,38.8324397802949,21.1973847101807,4.021,Sub-Saharan Africa ,Low income
MW,2019,64.995,580.889139762475,6.37021732,2.76517585218182,35.5212672502146,22.3370229833525,3.952,Sub-Saharan Africa ,Low income
MW,2020,65.216,602.507478176106,7.03859568,2.70765099880912,41.4565075090498,23.6983194353464,3.877,Sub-Saharan Africa ,Low income
MX,2000,72.562,7524.0271380091,4.24436522,5.01410425565983,71.1195831298828,30.8563115445805,2.714,Latin America & Caribbean ,Upper middle income
MX,2001,72.912,7952.76479510706,4.58201361,5.14276005050375,72.8832092285156,29.9444098873823,2.671,Latin America & Caribbean ,Upper middle income
MX,2002,73.106,7983.03398381759,4.83042812,5.28164517522168,75.1482925415039,28.3754133915972,2.633,Latin America & Caribbean ,Upper middle income
MX,2003,73.308,7434.0746485155,5.53978777,5.41895411184093,78.5541915893555,26.5162170155356,2.579,Latin America & Caribbean ,Upper middle income
MX,2004,73.432,7849.66759649565,5.6835022,5.55197255293978,79.7827072143555,24.7337157175082,2.536,Latin America & Caribbean ,Upper middle income
MX,2005,73.627,8671.75891885163,5.58110142,5.67757783690514,80.6305389404297,23.3948044558255,2.495,Latin America & Caribbean ,Upper middle income
MX,2006,73.746,9512.63575346699,5.40647888,5.79085663044309,82.7013931274414,22.3696630456356,2.456,Latin America & Caribbean ,Upper middle income
MX,2007,73.796,10134.3327138119,5.50668049,5.88011090113516,84.0887069702148,21.363754834612,2.421,Latin America & Caribbean ,Upper middle income
MX,2008,73.695,10523.7685403244,5.44587374,5.95121664567386,86.0763092041016,20.4969000798536,2.391,Latin America & Caribbean ,Upper middle income
MX,2009,73.628,8423.56933214711,5.84786463,6.02182660794307,85.9423217773438,19.8889190384594,2.364,Latin America & Caribbean ,Upper middle income
MX,2010,73.718,9728.80078377082,5.4897337,6.09750132223508,87.2729263305664,19.6596319675283,2.34,Latin America & Caribbean ,Upper middle income
MX,2011,73.921,10664.4944032313,5.30093002,6.18329821949573,88.3800888061523,22.4736336205905,2.317,Latin America & Caribbean ,Upper middle income
MX,2012,74.128,10744.1335242686,5.42140484,6.28324051040382,90.6936187744141,20.1560213023659,2.294,Latin America & Caribbean ,Upper middle income
MX,2013,74.289,11216.8008505428,5.5773263,6.39365899489954,93.2623062133789,20.8739317391487,2.269,Latin America & Caribbean ,Upper middle income
MX,2014,74.404,11391.3773497683,5.35336781,6.51446394948331,97.3196868896484,19.667850241261,2.211,Latin America & Caribbean ,Upper middle income
MX,2015,74.431,10021.2386118827,5.52738619,6.65084837815842,100.982269287109,19.4864853369113,2.137,Latin America & Caribbean ,Upper middle income
MX,2016,74.376,9097.92397674769,5.38499022,6.8015894842814,102.871368408203,18.8449182383899,2.086,Latin America & Caribbean ,Upper middle income
MX,2017,74.261,9649.27816772402,5.3117938,6.96592017390268,105.11018371582,18.3002285485373,2.041,Latin America & Caribbean ,Upper middle income
MX,2018,74.301,10084.7937562021,5.23821402,7.14422403295026,105.964653015137,16.652186272493,2.03,Latin America & Caribbean ,Upper middle income
MX,2019,74.53,10369.5553585271,5.3013463,7.33464157467799,105.515609741211,14.7051077997851,2.02,Latin America & Caribbean ,Upper middle income
MX,2020,70.449,8841.27075039868,6.05248594,7.48607987451515,102.58154296875,14.9923440243315,1.99,Latin America & Caribbean ,Upper middle income
MY,2000,72.732,4083.52874483605,2.51463366,3.87644389000678,76.4828262329102,23.5136706210687,2.942,East Asia & Pacific,Upper middle income
MY,2001,73.08,3943.79943910239,2.6753974,3.94293661177568,75.6187362670898,23.3307924792576,2.807,East Asia & Pacific,Upper middle income
MY,2002,73.469,4184.03163773539,2.66876554,4.03109199172956,75.0011596679688,23.2129752557118,2.658,East Asia & Pacific,Upper middle income
MY,2003,73.727,4465.32194567208,2.92417073,4.13021652456146,80.088996887207,23.1072146751735,2.601,East Asia & Pacific,Upper middle income
MY,2004,74.027,4939.24851854427,2.86016941,4.22998029538414,80.5677719116211,22.9605064623849,2.493,East Asia & Pacific,Upper middle income
MY,2005,74.37,5555.58179951206,2.78692698,4.33032552956048,76.2537536621094,22.7198463420882,2.391,East Asia & Pacific,Upper middle income
MY,2006,74.697,6158.40785533236,3.10897732,4.43526018656511,75.8026123046875,22.1459745460658,2.308,East Asia & Pacific,Upper middle income
MY,2007,74.961,7168.93031942508,3.07041144,4.54757697852966,74.2519378662109,21.1584955616188,2.252,East Asia & Pacific,Upper middle income
MY,2008,75.151,8371.82156086005,3.00692558,4.66863527568077,74.8359527587891,19.9427014967672,2.262,East Asia & Pacific,Upper middle income
MY,2009,75.269,7191.43287234626,3.2610569,4.8028575514953,75.0242767333984,18.6838844595312,2.223,East Asia & Pacific,Upper middle income
MY,2010,75.376,8899.34505544675,3.16474271,4.94869856344671,77.2140274047852,17.5673365579308,2.144,East Asia & Pacific,Upper middle income
MY,2011,75.488,10217.1068585031,3.31451917,5.09428198762096,77.5925369262695,16.5543727413676,2.153,East Asia & Pacific,Upper middle income
MY,2012,75.552,10600.5744240026,3.45786357,5.23882228233711,81.2371978759766,17.9101382186238,2.117,East Asia & Pacific,Upper middle income
MY,2013,75.464,10713.6407638899,3.51276922,5.38859199036981,80.938362121582,18.7954198873143,2.07,East Asia & Pacific,Upper middle income
MY,2014,75.345,11013.3107334403,3.71036959,5.5450431033886,83.2836303710938,17.1052502297433,2.058,East Asia & Pacific,Upper middle income
MY,2015,75.288,9648.6797937523,3.82201481,5.70847520142888,81.5115814208984,16.9297330913892,2.008,East Asia & Pacific,Upper middle income
MY,2016,75.371,9476.53409809923,3.70085335,5.87993391755952,79.8283920288086,16.3864419259472,1.942,East Asia & Pacific,Upper middle income
MY,2017,75.542,9862.54806612235,3.71472311,6.06511485190783,78.8863677978516,14.9450075810201,1.893,East Asia & Pacific,Upper middle income
MY,2018,75.734,10901.8019954421,3.75944281,6.26670890587931,74.4872817993164,16.6541753286852,1.838,East Asia & Pacific,Upper middle income
MY,2019,75.9,10920.191763972,3.83991051,6.48232176367792,75.3229827880859,17.8197510834605,1.777,East Asia & Pacific,Upper middle income
MY,2020,76.057,9957.52626697613,4.08254337,6.7249061388628,73.2459411621094,16.1938532237922,1.68,East Asia & Pacific,Upper middle income
MZ,2000,49.476,327.12623979157,2.14253044,2.70113285403567,5.94095993041992,20.2554422733172,5.83,Sub-Saharan Africa ,Low income
MZ,2001,50.259,304.792138621913,2.80098224,2.68347865048626,6.66658020019531,20.1840071365718,5.755,Sub-Saharan Africa ,Low income
MZ,2002,50.879,313.886661721198,3.18652654,2.67599142920651,8.2307596206665,20.0136498073847,5.667,Sub-Saharan Africa ,Low income
MZ,2004,51.855,400.056973161545,3.53062654,2.66597356604203,10.5598001480103,19.6398437905371,5.551,Sub-Saharan Africa ,Low income
MZ,2005,52.322,436.773856167384,4.21435642,2.66629890050855,12.95458984375,19.5682327123022,5.5,Sub-Saharan Africa ,Low income
MZ,2006,52.748,457.487647833183,3.94559026,2.67117760827137,15.2163000106812,19.6733490140973,5.452,Sub-Saharan Africa ,Low income
MZ,2007,53.255,507.874923914304,3.79955554,2.68010983841089,17.9137401580811,19.9403587930867,5.466,Sub-Saharan Africa ,Low income
MZ,2008,53.799,592.159111184122,4.13496828,2.68977511197103,20.1720008850098,20.2960902622309,5.598,Sub-Saharan Africa ,Low income
MZ,2009,54.4,547.697144193651,5.05562353,2.69724183392678,22.9890193939209,20.6673716344898,5.681,Sub-Saharan Africa ,Low income
MZ,2010,55.04,496.185839392659,5.29249668,2.70217900725828,25.1208838457009,20.9810311228238,5.66,Sub-Saharan Africa ,Low income
MZ,2011,55.733,618.17649286789,4.9217639,2.70404433770015,26.0157578808472,21.3180610647849,5.599,Sub-Saharan Africa ,Low income
MZ,2012,56.46,685.685748199513,5.14035702,2.70652130212096,25.6446165136399,21.4882091792626,5.518,Sub-Saharan Africa ,Low income
MZ,2013,57.189,686.505672517351,6.04556036,2.71546408731957,34.4439086914062,21.704486846149,5.43,Sub-Saharan Africa ,Low income
MZ,2014,57.965,697.142680444123,6.24013042,2.72836024619525,33.95458984375,21.6145857091373,5.304,Sub-Saharan Africa ,Low income
MZ,2015,58.711,610.563774706589,6.60972881,2.74244471881563,34.5285606384277,21.5758950473476,5.245,Sub-Saharan Africa ,Low income
MZ,2017,60.148,470.93856305196,7.80532169,2.776631662126,37.2411918640137,18.7547986602318,5.128,Sub-Saharan Africa ,Low income
NA,2000,52.946,2156.67590512714,10.04545307,3.14494786508872,63.7193412780762,20.4358745389602,3.991,Sub-Saharan Africa ,Lower middle income
NA,2001,51.98,1915.58926594875,10.46567631,3.13796412370601,67.4832611083984,20.3820858449612,3.827,Sub-Saharan Africa ,Lower middle income
NA,2002,51.988,1772.07565537493,10.47871208,3.14057812013468,66.1111907958984,20.2505892694706,3.693,Sub-Saharan Africa ,Lower middle income
NA,2003,51.918,2569.24739317883,10.74474621,3.15330643842764,65.2594223022461,20.0930633490459,3.58,Sub-Saharan Africa ,Lower middle income
NA,2004,52.175,3403.15496192955,10.88543797,3.1752006351946,64.5331420898438,19.9611866202444,3.545,Sub-Saharan Africa ,Lower middle income
NA,2005,52.557,3685.77299991587,10.82506466,3.20329973611569,63.1600494384766,19.9066376196234,3.571,Sub-Saharan Africa ,Lower middle income
NA,2006,53.183,4017.1834716928,11.30290031,3.23682938920998,62.1227416992188,19.9984652893034,3.601,Sub-Saharan Africa ,Lower middle income
NA,2007,54.026,4379.04313682732,11.41372871,3.27625582086595,62.7577209472656,20.2560840083053,3.608,Sub-Saharan Africa ,Lower middle income
NA,2010,56.093,5418.21633365814,10.62278938,3.41838757556662,68.0998401813149,21.7959533803297,3.657,Sub-Saharan Africa ,Lower middle income
NA,2011,56.647,5834.7917675794,10.86068344,3.46394418366277,72.4541177178611,23.0948112524998,3.658,Sub-Saharan Africa ,Lower middle income
NA,2012,57.733,5942.64680978673,10.20360184,3.49043630567734,74.2465574610051,22.5559756572042,3.676,Sub-Saharan Africa ,Lower middle income
NA,2013,58.468,5346.62131149967,10.08887577,3.50171975010072,76.142480002464,21.57098939708,3.653,Sub-Saharan Africa ,Lower middle income
NA,2014,59.311,5378.32326241205,8.4089098,3.51670109727423,76.7595646559311,21.055359356351,3.635,Sub-Saharan Africa ,Lower middle income
NA,2015,60.008,4774.10650865775,9.98106289,3.53342112062947,78.2608012276393,22.11922822913,3.604,Sub-Saharan Africa ,Lower middle income
NA,2016,60.81,4395.68776162376,9.32231045,3.544524401928,79.2606097203135,21.0604148441707,3.574,Sub-Saharan Africa ,Lower middle income
NA,2017,61.661,5143.96072323076,8.71348476,3.55212292064991,79.5334606379175,19.7391225085732,3.511,Sub-Saharan Africa ,Lower middle income
NA,2018,62.579,5308.60813408705,8.62148285,3.56049185076086,78.8626899009705,19.9748546561693,3.462,Sub-Saharan Africa ,Lower middle income
NA,2019,63.546,4731.9210318831,8.85805798,3.57099401639958,79.0125016773938,19.3878496864904,3.404,Sub-Saharan Africa ,Lower middle income
NA,2020,64.071,3878.58982993966,9.56060219,3.57521168486143,82.8872992484077,19.9945355710926,3.349,Sub-Saharan Africa ,Lower middle income
NE,2000,49.172,194.771959898935,4.65891504,2.25173181066637,6.30063009262085,86.4658500421261,7.829,Sub-Saharan Africa ,Low income
NE,2001,49.872,205.417936120931,4.72659349,2.25850567261552,6.231369972229,87.0996143410697,7.81,Sub-Saharan Africa ,Low income
NE,2002,50.645,225.294391147438,4.82717037,2.2657157451561,6.28120994567871,87.6704571380728,7.797,Sub-Saharan Africa ,Low income
NE,2003,51.545,265.225363452469,4.74740648,2.2742936929514,6.86678981781006,88.1359016394849,7.789,Sub-Saharan Africa ,Low income
NE,2004,52.402,283.468281798296,4.97818327,2.28494448880024,8.35079956054688,88.4534710516555,7.777,Sub-Saharan Africa ,Low income
NE,2005,53.32,318.643121918273,5.87749624,2.29755088826729,9.26323986053467,88.5806885809342,7.769,Sub-Saharan Africa ,Low income
NE,2006,54.223,333.345078419447,5.99335575,2.31220259393699,10.6787004470825,88.5265837152172,7.744,Sub-Saharan Africa ,Low income
NE,2007,55.063,387.168065883301,5.43105888,2.32947579440001,10.3014001846313,88.3730477585325,7.726,Sub-Saharan Africa ,Low income
NE,2008,55.852,475.044955398162,5.24640608,2.34970387317284,10.6592998504639,88.1868966414272,7.702,Sub-Saharan Africa ,Low income
NE,2009,56.487,461.131533961487,5.33850145,2.37162378273441,11.1999397277832,88.0349462944483,7.679,Sub-Saharan Africa ,Low income
NE,2010,57.08,474.425692340831,4.96100473,2.39305070094211,12.8063202484136,87.9840126481428,7.64,Sub-Saharan Africa ,Low income
NE,2011,57.6,510.75956176268,4.87323856,2.4113686296389,13.6643213754076,90.9681910382043,7.592,Sub-Saharan Africa ,Low income
NE,2012,57.987,528.510104469655,4.30732679,2.42175019417053,14.8037867184503,88.5686252870793,7.527,Sub-Saharan Africa ,Low income
NE,2013,58.364,552.103334363117,4.46636009,2.42727572184048,15.9596510320284,74.5895053226238,7.445,Sub-Saharan Africa ,Low income
NE,2014,58.693,565.30989731175,4.45377159,2.43373602570662,17.8459505465436,71.6549794121069,7.342,Sub-Saharan Africa ,Low income
NE,2015,58.85,485.662574175279,5.34745932,2.44373504287821,19.6922012498743,107.144665250434,7.215,Sub-Saharan Africa ,Low income
NE,2016,59.228,502.706475406446,4.53239059,2.45772773034349,22.6700395113082,104.911460730569,7.043,Sub-Saharan Africa ,Low income
NE,2017,59.524,521.804130023434,5.57609606,2.47370634430218,23.7611505662509,88.7878831964248,6.874,Sub-Saharan Africa ,Low income
NG,2000,47.143,547.318298903379,3.1973834,3.03726044526388,23.9613494873047,67.6048124955521,6.124,Sub-Saharan Africa ,Lower middle income
NG,2001,47.549,566.428231812933,3.18946862,3.02937309634608,26.3999805450439,66.48619526898,6.128,Sub-Saharan Africa ,Lower middle income
NG,2002,48.02,712.164852077686,2.49063969,3.02336171458178,28.8738098144531,63.7295341048324,6.116,Sub-Saharan Africa ,Lower middle income
NG,2004,49.148,962.48104194733,4.63368416,3.01684967241445,33.9481201171875,56.8972230572213,6.09,Sub-Saharan Africa ,Lower middle income
NG,2005,49.538,1211.37703504386,4.46591949,3.01410100833278,33.7729187011719,54.6191447204634,6.063,Sub-Saharan Africa ,Lower middle income
NG,2006,49.876,1599.53891556365,4.25775146,3.01149067708539,33.1262817382812,53.1631058103829,6.053,Sub-Saharan Africa ,Lower middle income
NG,2007,50.381,1815.52697545827,3.90997243,3.01012523476883,30.4232006072998,51.7869922895432,6.027,Sub-Saharan Africa ,Lower middle income
NG,2008,50.748,2154.10543545364,3.69581532,3.01060603351322,33.6112785339355,50.6308298088503,6.024,Sub-Saharan Africa ,Lower middle income
NG,2009,51.08,1820.48633854782,3.5801971,3.01243205593077,37.1381416320801,49.8346440192099,5.993,Sub-Saharan Africa ,Lower middle income
NG,2010,51.315,2202.25672957344,3.29653287,3.01437051148517,41.7837982177734,49.5384605715282,5.948,Sub-Saharan Africa ,Lower middle income
NG,2011,51.49,2418.41316975875,3.32077932,3.01413037219906,43.0239906311035,55.0630390979346,5.893,Sub-Saharan Africa ,Lower middle income
NG,2012,51.688,2633.19734671361,3.35984254,3.00965845895739,44.4557914733887,59.3321391307662,5.797,Sub-Saharan Africa ,Lower middle income
NG,2013,51.827,2872.79083379398,3.4206934,2.99780844948526,52.7967300415039,48.1407324958574,5.694,Sub-Saharan Africa ,Lower middle income
NG,2014,51.94,3088.72131316169,3.34840417,2.98148896123424,42.7821502685547,48.1823551711454,5.622,Sub-Saharan Africa ,Lower middle income
NG,2015,51.939,2585.73360671797,3.58194995,2.97028437512951,43.8246917724609,77.1229282609024,5.503,Sub-Saharan Africa ,Lower middle income
NG,2016,52.189,2070.4127339595,3.64773679,2.96529179502844,39.3068084716797,65.4340626973271,5.343,Sub-Saharan Africa ,Lower middle income
NG,2018,52.669,2057.87944554011,3.09069347,2.96648528719345,40.4885292053223,57.0231990642382,5.021,Sub-Saharan Africa ,Lower middle income
NG,2020,53.072,2797.18458068686,3.38063431,2.98131138144003,44.1220893859863,56.5313287289257,4.7,Sub-Saharan Africa ,Lower middle income
NI,2000,66.36,1017.3124434882,5.23883677,3.52717354352055,53.405029296875,25.4133416442397,3.12,Latin America & Caribbean ,Lower middle income
NI,2001,67.028,1051.874235891,5.48459768,3.65579594423943,56.3652381896973,25.3226107687654,2.996,Latin America & Caribbean ,Lower middle income
NI,2002,67.95,1014.3339042591,5.73315859,3.79047437629729,60.6764602661133,25.1714026036055,2.887,Latin America & Caribbean ,Lower middle income
NI,2004,69.51,1098.62118662335,6.05740356,4.06911817124183,65.4347305297852,24.714118755341,2.784,Latin America & Caribbean ,Lower middle income
NI,2005,70.374,1183.30214010175,6.22468948,4.1942076958233,68.5747222900391,24.4213252477922,2.765,Latin America & Caribbean ,Lower middle income
NI,2006,70.958,1248.17371577788,6.35756445,4.26579930023969,69.0923385620117,23.8278599348014,2.733,Latin America & Caribbean ,Lower middle income
NI,2007,71.197,1350.38145753377,6.95643044,4.29922742188881,72.1754989624023,22.862202398137,2.697,Latin America & Caribbean ,Lower middle income
NI,2008,71.404,1523.68437086409,7.16700697,4.33214329968137,70.7740936279297,21.8138897668651,2.66,Latin America & Caribbean ,Lower middle income
NI,2010,71.761,1526.56706951408,7.71019173,4.39405136428204,71.3924407958984,20.6274477367636,2.596,Latin America & Caribbean ,Lower middle income
NL,2001,78.190243902439,26955.7128032278,8.04176903,13.5185712153809,123.443389892578,18.809077267801,1.71,Europe & Central Asia,High income
NL,2002,78.2926829268293,29446.5330872868,8.61879349,13.5686676079293,120.754852294922,18.4175601180365,1.73,Europe & Central Asia,High income
NL,2003,78.4926829268293,35896.7504630706,9.01979256,13.6596873008176,119.909339904785,18.0181068887099,1.75,Europe & Central Asia,High income
NL,2004,79.0951219512195,40611.3414353091,9.07156658,13.8139505760091,116.909530639648,17.646542498158,1.72,Europe & Central Asia,High income
NL,2005,79.3463414634146,42165.396168388,9.05984592,14.0184905479326,117.553810119629,17.3386918647178,1.71,Europe & Central Asia,High income
NL,2006,79.6975609756098,45123.5432406426,9.03575516,14.2338889130898,118.427619934082,17.0873539526835,1.72,Europe & Central Asia,High income
NL,2007,80.0975609756098,52100.7996285947,9.00052166,14.454348786975,119.842338562012,16.8600537860816,1.72,Europe & Central Asia,High income
NL,2008,80.2512195121951,58246.7026905874,9.21819305,14.7046277162167,121.511627197266,16.6547053728472,1.77,Europe & Central Asia,High income
NL,2009,80.5487804878049,53172.0261581418,9.90839005,14.9930922462337,122.74600982666,16.4692227209156,1.79,Europe & Central Asia,High income
NL,2010,80.7024390243902,51305.7338533973,10.09452248,15.2790715770186,124.569526672363,16.3015198382221,1.79,Europe & Central Asia,High income
NL,2011,81.2048780487805,54701.7728030611,10.14537811,15.7302862366438,129.868103027344,16.1617295903622,1.76,Europe & Central Asia,High income
NL,2012,81.1048780487805,50473.9442002689,10.45467281,16.3399904352262,111.448249816895,14.3672482834675,1.72,Europe & Central Asia,High income
NL,2015,81.509756097561,45793.8135434697,10.18857956,17.7566909073968,114.137916564941,13.1341450114978,1.66,Europe & Central Asia,High income
NL,2016,81.5609756097561,46808.5291492503,9.89148426,18.0943972670713,112.994277954102,11.9585215795702,1.66,Europe & Central Asia,High income
NL,2017,81.7609756097561,49513.6817346384,9.93712521,18.4202330068604,115.225227355957,12.7176558041706,1.62,Europe & Central Asia,High income
NL,2018,81.8121951219512,53955.0770024266,9.85083961,18.7510079268288,114.50032043457,12.0708917579666,1.59,Europe & Central Asia,High income
NL,2019,82.1121951219512,53554.9007491475,9.93616295,19.0648534024819,114.804168701172,11.3641419467189,1.57,Europe & Central Asia,High income
NL,2020,81.3585365853659,53467.9277413737,10.94954681,19.3703952280046,136.284164428711,10.8892498470498,1.54,Europe & Central Asia,High income
NO,2001,78.7853658536585,38601.897639231,8.00972462,15.0048176013375,114.568199157715,10.1879455331557,1.78,Europe & Central Asia,High income
NO,2002,78.9878048780488,43170.557174499,8.98267078,14.8654014729792,113.255867004395,9.77123127954717,1.75,Europe & Central Asia,High income
NO,2003,79.390243902439,50250.3298214345,9.19355106,14.7617275206592,113.38200378418,9.30851275504977,1.8,Europe & Central Asia,High income
NO,2004,79.8414634146342,57768.6980958462,8.79598331,14.7202178693601,114.047332763672,8.88434817216868,1.83,Europe & Central Asia,High income
NO,2005,80.0414634146342,67047.1704558264,8.29899502,14.7079766841642,111.56275177002,8.58329574340912,1.84,Europe & Central Asia,High income
NO,2006,80.3439024390244,74434.4996835671,7.8822999,14.6741418398994,111.527641296387,8.3718056211126,1.9,Europe & Central Asia,High income
NO,2007,80.3951219512195,85502.2677087731,8.01673985,14.6388412851109,111.639923095703,8.17307019719305,1.9,Europe & Central Asia,High income
NO,2008,80.5926829268293,97503.5407803783,7.91507673,14.6595992828172,111.518058776855,8.00676104351433,1.96,Europe & Central Asia,High income
NO,2009,80.7951219512195,80347.5700665184,9.03254128,14.7801365710407,111.068412780762,7.89254973194028,1.98,Europe & Central Asia,High income
NO,2010,80.9975609756098,88163.2085931423,8.8581152,14.9802767836288,112.978569030762,7.85010783433474,1.95,Europe & Central Asia,High income
NO,2011,81.2951219512195,101221.813476644,8.73474026,15.2444453507473,113.169883728027,8.65989791417676,1.88,Europe & Central Asia,High income
NO,2012,81.4512195121951,102175.919298374,8.72188568,15.5274803064487,112.176536560059,7.30698815670179,1.85,Europe & Central Asia,High income
NO,2013,81.7512195121951,103553.840134417,8.87431335,15.7789144734543,114.515380859375,7.02749190738719,1.78,Europe & Central Asia,High income
NO,2014,82.1,97666.6951838749,9.28297901,16.0283762490523,113.448226928711,7.09267324687363,1.75,Europe & Central Asia,High income
NO,2015,82.3048780487805,74809.9658049898,10.06992245,16.2747739736493,115.210121154785,6.75214227846257,1.72,Europe & Central Asia,High income
NO,2016,82.4073170731707,70867.3609970749,10.53049755,16.5172709689852,116.611267089844,6.23059189808068,1.71,Europe & Central Asia,High income
NO,2017,82.609756097561,76131.8384032764,10.22983646,16.7812420495177,117.301460266113,6.52155808218128,1.62,Europe & Central Asia,High income
NO,2018,82.7585365853659,82792.8427113304,9.96037865,17.0853969570307,117.714706420898,6.69607752509394,1.56,Europe & Central Asia,High income
NO,2019,82.9585365853659,76430.5889473338,10.43807507,17.3948556308139,119.421340942383,6.38122446338577,1.53,Europe & Central Asia,High income
NO,2020,83.209756097561,68340.0181033702,11.42416382,17.7281839266957,119.941543579102,6.05589724673443,1.48,Europe & Central Asia,High income
NP,2000,62.642,223.830289183078,3.13292074,3.81572385710734,34.4201507568359,57.9103771850316,3.984,South Asia,Lower middle income
NP,2001,63.288,240.795114544664,3.81229901,3.85457655643132,37.3896903991699,58.2838727140248,3.793,South Asia,Lower middle income
NP,2002,63.507,238.89140296106,3.93863344,3.90519658094418,41.0556297302246,58.7692779115223,3.604,South Asia,Lower middle income
NP,2003,64.229,246.429706587633,3.8560729,3.96713410653925,42.0749092102051,59.2354499589495,3.439,South Asia,Lower middle income
NP,2005,65.275,309.024168339372,3.95095325,4.12050487699138,45.098201751709,59.585523329296,3.115,South Asia,Lower middle income
NP,2006,65.891,340.431796437968,3.54402447,4.23064197600155,42.5181617736816,58.323855130818,2.967,South Asia,Lower middle income
NP,2007,66.169,385.449767660642,3.67297482,4.35271235125889,42.0970306396484,55.5324687996932,2.857,South Asia,Lower middle income
NP,2008,66.442,464.817391891529,3.81756353,4.47994198748227,48.0189094543457,52.2512026076732,2.737,South Asia,Lower middle income
NP,2009,66.6,473.078751198621,3.90179515,4.60729551570694,49.2625999450684,49.5198948265099,2.63,South Asia,Lower middle income
NP,2010,66.772,585.278491984574,4.36131525,4.73049428346421,55.5892906188965,48.378383727955,2.541,South Asia,Lower middle income
NP,2011,67.123,785.518656222132,4.45220184,4.86103075483568,58.9935111999512,57.7405744835303,2.462,South Asia,Lower middle income
NP,2012,67.364,788.202937148377,4.49078751,5.01135195078685,63.1414794921875,71.4060546576235,2.42,South Asia,Lower middle income
NP,2013,67.598,803.269595420477,4.63012981,5.17974703584589,65.4935302734375,71.4182305954874,2.36,South Asia,Lower middle income
NP,2014,67.812,821.455224911731,5.07549381,5.3431636925779,67.5318298339844,75.117974167847,2.319,South Asia,Lower middle income
NP,2015,67.374,875.543635474862,5.46615553,5.482604371989,68.6131210327148,70.9361955250807,2.273,South Asia,Lower middle income
NP,2016,68.444,877.256454696737,5.42378998,5.6258290419239,71.7744979858398,72.4074854195922,2.226,South Asia,Lower middle income
NP,2017,68.74,1034.28374906846,4.72174025,5.78746945246086,74.4113311767578,64.6442716077629,2.173,South Asia,Lower middle income
NP,2019,69.299,1203.14294706401,4.44524717,6.04820039203474,80.2800521850586,57.2750179345088,2.08,South Asia,Lower middle income
NP,2020,69.106,1154.21517578318,5.2080965,6.08852455094405,85.3101577758789,45.7207706412594,2.051,South Asia,Lower middle income
NR,2000,59.574,2648.60152860938,18.96671295,1.62281780181952,46.8175392150879,6.49312954325201,3.543,East Asia & Pacific,High income
NR,2001,59.482,2232.30874026726,16.22330093,1.54977543063027,45.7883415222168,6.4406041290023,3.461,East Asia & Pacific,High income
NR,2002,59.427,2084.64824520971,13.80812454,1.46307593116104,41.9780197143555,6.37205955758428,3.4,East Asia & Pacific,High income
NR,2003,59.359,2463.28259078079,9.97444248,1.44646585147629,47.2527503967285,6.2937603199485,3.388,East Asia & Pacific,High income
NR,2004,59.346,3040.51349889,6.87889576,1.47614314115308,36.415771484375,6.21197090704552,3.378,East Asia & Pacific,High income
NR,2005,59.361,2992.40382776926,10.82081795,1.47775898099313,42.5531883239746,6.13295580982591,3.377,East Asia & Pacific,High income
NR,2006,59.409,2910.14145794684,12.41761494,1.49499177754522,57.9658584594727,6.04877960145641,3.4,East Asia & Pacific,High income
NR,2007,59.49,2272.15291307045,24.23069,1.50698602794411,50.5131988525391,5.9521532710351,3.504,East Asia & Pacific,High income
NR,2008,59.675,3756.84531228766,23.00409317,1.48359058894051,61.9589996337891,5.85031093340953,3.665,East Asia & Pacific,High income
NR,2012,60.533,9842.77032731856,8.84148979,1.27106262783676,83.1134567260742,5.46647887492585,4.115,East Asia & Pacific,High income
NR,2014,60.834,9230.05440328927,8.1214447,1.37770537584361,83.9183731079102,5.44762950932866,4.085,East Asia & Pacific,High income
NR,2016,60.996,8748.15632605428,10.95251656,1.66367713004484,78.6677169799805,6.08542537261406,4.027,East Asia & Pacific,High income
NR,2019,61.393,10801.7705659635,11.56155682,2.04108052127384,86.1130981445312,6.02606444596139,3.531,East Asia & Pacific,High income
NR,2020,61.527,10709.068810538,11.55650234,2.11715193678605,80.2433776855469,6.06435493209495,3.466,East Asia & Pacific,High income
NZ,2000,78.6365853658537,13641.1027183822,7.46995974,11.7580764490843,112.153717041016,6.92139404317208,1.98,East Asia & Pacific,High income
NZ,2001,78.6926829268293,13882.8568268586,7.5789361,11.8275203073158,112.625297546387,6.85958648572071,1.97,East Asia & Pacific,High income
NZ,2002,78.8463414634146,16874.1874918196,7.90034246,11.8311055464421,115.515556335449,6.7529232983427,1.89,East Asia & Pacific,High income
NZ,2003,79.1463414634146,21913.7081719961,7.72179937,11.8224928165,117.427673339844,6.63654227442674,1.93,East Asia & Pacific,High income
NZ,2004,79.5487804878049,25420.234882944,7.90095711,11.87567651152,115.379913330078,6.54558120736157,1.98,East Asia & Pacific,High income
NZ,2005,79.8512195121951,27751.0654708859,8.27324677,12.0218553465394,119.563697814941,6.51517789053587,1.97,East Asia & Pacific,High income
NZ,2006,80.0487804878049,26654.5932018985,8.63846684,12.2256297316556,117.906547546387,6.57279629787026,2.01,East Asia & Pacific,High income
NZ,2007,80.1512195121951,32479.9817381467,8.32899952,12.4172515320195,119.56844329834,6.69225241519321,2.18,East Asia & Pacific,High income
NZ,2008,80.3512195121951,31324.7397977102,8.65133667,12.5794026219759,118.054237365723,6.82821205375524,2.19,East Asia & Pacific,High income
NZ,2009,80.7024390243902,28276.7255416225,9.13566399,12.7554071459637,125.807861328125,6.93534102480686,2.13,East Asia & Pacific,High income
NZ,2010,80.9048780487805,33761.9009639947,9.09511089,12.9832174904356,119.128967285156,6.96830513959859,2.17,East Asia & Pacific,High income
NZ,2011,81.1560975609756,38431.7766788499,9.10748196,13.2934135015614,118.256721496582,6.74391297899936,2.09,East Asia & Pacific,High income
NZ,2012,81.4073170731707,40053.6991536369,9.20243168,13.6932184397473,116.826477050781,6.77378849107112,2.1,East Asia & Pacific,High income
NZ,2013,81.4048780487805,43000.4646849189,8.9393549,14.0864276779802,115.650527954102,6.77775160923795,2.01,East Asia & Pacific,High income
NZ,2014,81.4568292682927,44618.266973847,8.97204113,14.3691784824307,116.084312438965,6.59603176441408,1.92,East Asia & Pacific,High income
NZ,2015,81.6124390243903,38665.3723018158,8.88920593,14.5553593182878,114.889991760254,6.57020164227168,1.99,East Asia & Pacific,High income
NZ,2016,81.6585365853659,40113.7195382428,8.76869011,14.7113008693955,113.687911987305,6.63410190310228,1.87,East Asia & Pacific,High income
NZ,2017,81.8585365853659,42950.3841711138,8.61795807,14.8685528434202,112.943313598633,6.82907618571061,1.81,East Asia & Pacific,High income
NZ,2018,81.7073170731707,43257.0769238879,8.56966972,15.0578869326057,112.411079406738,7.21258721355312,1.71,East Asia & Pacific,High income
NZ,2019,82.0560975609756,42855.831861632,8.61898708,15.3016117661383,120.266319274902,7.42296671535298,1.72,East Asia & Pacific,High income
NZ,2020,82.2560975609756,41997.7830324279,9.25240231,15.6207179833113,116.893188476562,6.48591499675774,1.62,East Asia & Pacific,High income
OM,2000,73.643,9753.84755185404,2.68485427,2.53342105833954,77.5544662475586,46.856337239182,3.852,Middle East & North Africa,High income
OM,2001,73.979,9611.96360191054,2.70073724,2.53969648738625,80.0002517700195,46.9093110611639,3.662,Middle East & North Africa,High income
OM,2002,74.276,9869.13050219438,2.77737164,2.53005756393336,82.3686370849609,46.942912732487,3.51,Middle East & North Africa,High income
OM,2003,74.521,10463.5425832141,2.77524447,2.51155398172135,83.6306076049805,46.9562614200604,3.371,Middle East & North Africa,High income
OM,2005,75.07,14434.8577924647,2.26479053,2.55721801998697,87.4191207885742,46.9186765115943,3.029,Middle East & North Africa,High income
OM,2006,75.354,16930.8565071853,2.01985121,2.58331195982177,89.8000335693359,46.4375473768157,2.879,Middle East & North Africa,High income
OM,2007,75.596,18792.653772482,2.11371112,2.60202227553465,92.0884475708008,45.3496773973946,2.761,Middle East & North Africa,High income
OM,2008,76.124,26576.779241509,1.75567567,2.61879842179546,93.2216796875,44.0650405651187,2.762,Middle East & North Africa,High income
OM,2009,76.631,20655.9180249218,2.4694581,2.63756030095442,98.9851303100586,42.9936108717757,2.829,Middle East & North Africa,High income
OM,2011,77.74,25188.0074151885,2.23611403,2.64903406599728,114.451620751396,49.2481622561594,2.955,Middle East & North Africa,High income
OM,2012,78.187,24642.2978768596,2.27702832,2.62735348582104,110.750350631136,52.3107821072608,2.928,Middle East & North Africa,High income
OM,2013,78.633,23458.0233840053,2.5054009,2.57740590357684,109.168488109249,47.6490783670685,2.954,Middle East & North Africa,High income
OM,2015,79.346,18808.3077921839,4.07826233,2.57491526071741,101.932699190524,47.9189950499705,2.965,Middle East & North Africa,High income
OM,2016,79.581,17110.1897460545,4.17580843,2.55013946528911,102.304902141834,45.4803385490064,2.949,Middle East & North Africa,High income
OM,2017,79.748,17820.0661809335,3.95418668,2.5501848912697,101.678019833334,48.7046852088573,2.923,Middle East & North Africa,High income
OM,2018,79.864,19901.7615642016,3.21469474,2.5835616542633,103.951581913667,49.6250528984572,2.81,Middle East & North Africa,High income
OM,2019,79.946,19180.1864152801,3.80648994,2.61074293420886,102.141469011215,44.8977643665473,2.696,Middle East & North Africa,High income
OM,2020,77.763,16784.8630630058,5.11922932,2.60702247088527,94.5432460924967,39.5835768902765,2.638,Middle East & North Africa,High income
PA,2000,73.443,3975.09310275544,6.98486614,4.94600577969109,64.2499084472656,19.0802656518594,2.744,Latin America & Caribbean ,High income
PA,2001,73.82,3991.77672094655,6.91849852,5.04279717801043,66.2995376586914,18.9634872971769,2.72,Latin America & Caribbean ,High income
PA,2002,74.195,4090.58616456082,7.05643845,5.14905040800883,67.6569900512695,18.7165070963527,2.698,Latin America & Caribbean ,High income
PA,2004,74.845,4644.56581177581,7.08192825,5.38980845112098,67.365348815918,18.0038452585985,2.68,Latin America & Caribbean ,High income
PA,2005,75.16,5017.74110414832,6.20666599,5.52102602289056,67.5274200439453,17.6241156728278,2.643,Latin America & Caribbean ,High income
PA,2006,75.429,5528.76705854901,6.54604864,5.66056631588897,67.3454132080078,17.130398873231,2.62,Latin America & Caribbean ,High income
PA,2007,75.675,6317.8173051466,7.35227633,5.80638780040087,67.6976089477539,16.4824078207149,2.612,Latin America & Caribbean ,High income
PA,2008,75.937,7347.59049046839,6.80452538,5.95868165569894,68.7568283081055,15.8317581488557,2.608,Latin America & Caribbean ,High income
PA,2009,76.228,7796.92618363433,6.9857955,6.11895866350988,70.2938766479492,15.3300654912291,2.593,Latin America & Caribbean ,High income
PA,2010,76.417,8331.46422259967,7.22332573,6.285098531501,71.9136975816467,15.1289454814112,2.587,Latin America & Caribbean ,High income
PA,2011,76.659,9662.29590911979,6.83196259,6.45534613535736,71.7412201114851,15.8945138063768,2.604,Latin America & Caribbean ,High income
PA,2013,77.129,12273.3224983788,6.52210426,6.80838082052801,76.4041290283203,15.3884130435778,2.569,Latin America & Caribbean ,High income
PA,2014,77.365,13213.1989591137,6.91532087,6.99880437311421,76.0406265258789,14.8554074199235,2.552,Latin America & Caribbean ,High income
PA,2015,77.583,14082.6548434996,6.93698502,7.19795496731152,76.5946807861328,14.7706187901647,2.53,Latin America & Caribbean ,High income
PA,2016,77.772,14832.3611652459,7.09378099,7.39857533463231,82.601448059082,13.8724498973293,2.502,Latin America & Caribbean ,High income
PA,2017,77.901,15694.6297518495,7.16492653,7.60642319638852,76.5998992919922,13.844753026596,2.462,Latin America & Caribbean ,High income
PE,2000,69.821,1945.41338451698,4.41482639,4.30714618898456,80.8428726196289,70.0428740963807,2.845,Latin America & Caribbean ,Upper middle income
PE,2001,70.315,1929.57273038846,4.72161007,4.52374401022556,83.8087387084961,69.5041896781241,2.744,Latin America & Caribbean ,Upper middle income
PE,2002,70.815,2007.37019626753,4.93902588,4.78991344890886,85.1464004516602,69.2123801848445,2.693,Latin America & Caribbean ,Upper middle income
PE,2003,71.278,2129.44114197634,4.58703804,5.08934567352963,78.4806213378906,68.9624660132158,2.661,Latin America & Caribbean ,Upper middle income
PE,2004,71.447,2397.25147277714,4.42972279,5.40226280231465,81.8064575195312,68.549467559912,2.673,Latin America & Caribbean ,Upper middle income
PE,2005,71.988,2706.66947297608,4.66598511,5.73387833297608,82.8499298095703,67.7684052216068,2.643,Latin America & Caribbean ,Upper middle income
PE,2006,72.337,3129.55996496982,4.409585,6.08628765826719,85.8261795043945,64.2203697884907,2.619,Latin America & Caribbean ,Upper middle income
PE,2007,72.746,3581.0893081917,4.42611313,6.44280920001294,88.9029235839844,57.0421148178809,2.583,Latin America & Caribbean ,Upper middle income
PE,2008,72.743,4197.58444634142,4.53098345,6.73961223148085,90.2652816772461,48.3321548571422,2.528,Latin America & Caribbean ,Upper middle income
PE,2009,72.631,4181.18755462253,4.95976877,6.97179007053754,93.8280029296875,40.1890044536392,2.48,Latin America & Caribbean ,Upper middle income
PE,2010,72.886,5072.11494019615,4.70582962,7.194093712273,96.13037109375,34.7111781547367,2.421,Latin America & Caribbean ,Upper middle income
PE,2011,73.327,5861.35793645245,4.52216864,7.40521999910217,97.5231475830078,32.0639653460543,2.413,Latin America & Caribbean ,Upper middle income
PE,2012,73.979,6519.37852981527,4.72939587,7.61336086328,96.4381103515625,33.9046061596244,2.356,Latin America & Caribbean ,Upper middle income
PE,2013,74.591,6746.80025696601,4.71272659,7.82223601854979,101.583869934082,32.0778901377032,2.317,Latin America & Caribbean ,Upper middle income
PE,2014,75.26,6667.13410360861,4.90967321,8.02200809634111,99.8733825683594,32.9197109468005,2.271,Latin America & Caribbean ,Upper middle income
PE,2015,75.732,6231.71150338894,4.90453625,8.19443422988023,100.251571655273,32.8751693157181,2.229,Latin America & Caribbean ,Upper middle income
PE,2016,75.951,6217.03599995447,4.89353323,8.30477229297199,102.150123596191,33.739432290958,2.189,Latin America & Caribbean ,Upper middle income
PE,2017,75.958,6736.16693725487,4.80915499,8.4037750924899,101.044578552246,32.7083066880238,2.152,Latin America & Caribbean ,Upper middle income
PE,2018,76.018,6978.49121548627,5.0835557,8.50395140434384,99.8580093383789,30.6265686811297,2.118,Latin America & Caribbean ,Upper middle income
PE,2019,76.275,7037.00803692604,5.12525272,8.60697377690978,99.5297164916992,29.1117854585642,2.086,Latin America & Caribbean ,Upper middle income
PE,2020,73.832,6133.32552410183,6.34739399,8.71807503122965,100.138702392578,27.0356284968814,2.056,Latin America & Caribbean ,Upper middle income
PG,2012,63.639,2635.0873631547,2.66693544,2.75529333443875,37.0596555013801,16.4683365083609,3.746,East Asia & Pacific,Lower middle income
PG,2018,65.114,2566.36833735041,2.30051899,2.99107558895945,44.5501121213216,16.9173285412659,3.382,East Asia & Pacific,Lower middle income
PG,2019,65.331,2575.77274140393,2.3253386,3.05067327435397,46.2668456486691,16.8882962616477,3.322,East Asia & Pacific,Lower middle income
PG,2020,65.075,2429.61134585269,2.30193973,3.11055843898968,44.5528199220061,17.3105425567239,3.274,East Asia & Pacific,Lower middle income
PH,2001,67.829,969.530611744453,2.84775972,3.02090178007557,70.5786285400391,31.2923190881475,3.719,East Asia & Pacific,Lower middle income
PH,2002,67.886,1014.90879320106,2.63767385,3.05926748977748,74.9138336181641,31.05570387518,3.651,East Asia & Pacific,Lower middle income
PH,2003,68.049,1027.2301192843,3.07663488,3.09952274726494,76.8219680786133,30.7743493607566,3.591,East Asia & Pacific,Lower middle income
PH,2004,68.301,1099.63013023758,3.0468533,3.13944331956901,78.5408630371094,30.4134910319648,3.524,East Asia & Pacific,Lower middle income
PH,2005,68.423,1220.46018559867,3.74253035,3.17798834703408,78.3063812255859,29.9383643758918,3.448,East Asia & Pacific,Lower middle income
PH,2006,68.172,1426.14649179546,3.77762938,3.21661056466442,76.9573211669922,29.1782265763242,3.466,East Asia & Pacific,Lower middle income
PH,2007,68.549,1712.65543282793,3.75318074,3.25148670575291,77.0709991455078,28.0341722365094,3.403,East Asia & Pacific,Lower middle income
PH,2008,68.643,1959.29233534978,3.86315918,3.28354609763745,78.008903503418,26.5791929727268,3.401,East Asia & Pacific,Lower middle income
PH,2009,68.631,1864.45043406471,4.16451931,3.31330809960348,80.1762771606445,24.8862804012556,3.376,East Asia & Pacific,Lower middle income
PH,2014,69.311,2866.83803761407,3.70313668,3.62337717155712,81.5640314318642,20.3368824432152,2.894,East Asia & Pacific,Lower middle income
PH,2015,69.45,2909.85818010301,3.8982749,3.77024234469686,82.0085254812081,19.7079275985218,2.829,East Asia & Pacific,Lower middle income
PH,2016,69.49,2985.19564024046,3.95484328,3.93781110895032,82.7837574272484,19.9069716374648,2.679,East Asia & Pacific,Lower middle income
PH,2017,69.966,3038.12124959289,3.96042776,4.11815540339097,80.9227600097656,18.3327018141416,2.525,East Asia & Pacific,Lower middle income
PH,2018,69.761,3168.51036609727,3.9538188,4.31408910623004,79.3622469757001,20.5885077839401,2.378,East Asia & Pacific,Lower middle income
PH,2019,69.68,3400.78949767074,4.16646004,4.51942674426754,85.3821865979599,21.5254371973976,2.215,East Asia & Pacific,Lower middle income
PH,2020,70.097,3227.57910235199,5.16214037,4.72567431073939,87.9419879481158,20.2887417122616,2.075,East Asia & Pacific,Lower middle income
PK,2003,62.834,672.44178669894,2.10399199,3.524728477454,19.8385200500488,59.3699841751069,4.894,Middle East & North Africa,Lower middle income
PK,2004,63.097,771.902247348954,2.03666282,3.54463674789533,21.7634296417236,59.2674942695927,4.685,Middle East & North Africa,Lower middle income
PK,2005,62.416,827.619861189926,2.37323904,3.56645421924093,22.6038208007812,58.9859809533101,4.595,Middle East & North Africa,Lower middle income
PK,2006,63.624,900.873564984808,2.73132491,3.59034640454236,27.2463207244873,57.4454012873738,4.589,Middle East & North Africa,Lower middle income
PK,2007,63.807,998.090114197524,2.62370729,3.61212575764399,29.0634307861328,54.3352703751572,4.554,Middle East & North Africa,Lower middle income
PK,2008,64.002,1067.04324565284,2.56806731,3.634947357247,29.1768093109131,50.7539150601749,4.515,Middle East & North Africa,Lower middle income
PK,2009,64.206,963.788066395225,2.49995875,3.66199682313504,29.0589694976807,47.7996621859414,4.465,Middle East & North Africa,Lower middle income
PK,2010,64.378,987.304571124485,2.42967653,3.69129626483307,29.2962900661933,46.5708385959715,4.398,Middle East & North Africa,Lower middle income
PK,2011,64.659,1131.73513834324,2.23121333,3.72474850919145,29.7271460529531,55.754979166674,4.305,Middle East & North Africa,Lower middle income
PK,2012,64.883,1204.36475491585,2.22185278,3.76068938152991,30.6300201416016,66.8719540673752,4.204,Middle East & North Africa,Lower middle income
PK,2013,65.129,1225.4340119198,2.4164784,3.78994632917293,31.544819132504,68.5813248667094,4.125,Middle East & North Africa,Lower middle income
PK,2014,65.374,1266.61340849959,2.48899078,3.80534429416474,32.6573427323505,71.7121701033462,4.055,Middle East & North Africa,Lower middle income
PK,2015,65.641,1380.47020838317,2.49493265,3.82091940742152,34.6741466548496,68.0068767608943,3.988,Middle East & North Africa,Lower middle income
PK,2016,65.943,1424.69161195897,2.57026362,3.85041862791259,35.8643246680809,68.5228297189002,3.902,Middle East & North Africa,Lower middle income
PK,2017,66.223,1519.23459514248,2.7863009,3.88886536895529,35.3224248744451,61.7967274713574,3.9,Middle East & North Africa,Lower middle income
PK,2018,66.481,1569.33814626355,2.82844949,3.93281543027845,37.1466063259079,62.3894976390133,3.855,Middle East & North Africa,Lower middle income
PK,2019,66.729,1390.41690981745,2.84736943,3.98447495645256,38.7511552822907,52.8571976958305,3.81,Middle East & North Africa,Lower middle income
PL,2001,74.2,5015.23790036613,5.64010143,12.4652183478354,101.693962097168,26.0449129857227,1.31,Europe & Central Asia,High income
PL,2002,74.4975609756098,5223.45178967082,6.04828405,12.6821987408228,103.719223022461,26.5398574522192,1.25,Europe & Central Asia,High income
PL,2003,74.5975609756098,5720.81366178104,5.93375778,12.8743856195046,106.250358581543,27.1048298406849,1.22,Europe & Central Asia,High income
PL,2004,74.8463414634146,6711.72715262967,5.84185648,13.0597041907722,98.4879837036133,27.5690511834146,1.23,Europe & Central Asia,High income
PL,2005,74.9951219512195,8043.92332253757,5.79073858,13.2347926244254,101.085952758789,27.7617425127035,1.24,Europe & Central Asia,High income
PL,2006,75.1439024390244,9068.85528307627,5.78148365,13.3771602010519,100.597557067871,27.7200391553045,1.27,Europe & Central Asia,High income
PL,2007,75.2439024390244,11272.5293683383,5.86390114,13.4643695818097,100.348258972168,27.6048215747412,1.31,Europe & Central Asia,High income
PL,2008,75.5439024390244,14048.5604672654,6.35196781,13.5105109493124,99.9508209228516,27.4309285084638,1.39,Europe & Central Asia,High income
PL,2009,75.6951219512195,11556.3026866026,6.57037735,13.5455278786164,99.6487579345703,27.2131986939225,1.4,Europe & Central Asia,High income
PL,2010,76.2463414634146,12567.7317676382,6.43533468,13.5707882889596,100.207778930664,26.9664708685675,1.41,Europe & Central Asia,High income
PL,2011,76.6951219512195,13867.6669408192,6.24533606,13.7095291987932,100.617851257324,26.5458489052773,1.33,Europe & Central Asia,High income
PL,2012,76.7463414634146,13087.420943321,6.22854042,14.0246184967044,100.56485748291,24.1304928281428,1.33,Europe & Central Asia,High income
PL,2013,77.0,13621.9023794031,6.44993687,14.4308218173312,111.516960144043,23.1892115212622,1.29,Europe & Central Asia,High income
PL,2014,77.6024390243903,14262.2841914116,6.39059496,14.8828006858362,110.031021118164,23.433827803997,1.32,Europe & Central Asia,High income
PL,2015,77.4512195121951,12637.5220324406,6.36490345,15.3775328347538,109.41478729248,22.4139830731908,1.32,Europe & Central Asia,High income
PL,2016,77.8512195121951,12464.0110508476,6.5470438,15.9129115092505,109.117248535156,21.2485092459447,1.39,Europe & Central Asia,High income
PL,2017,77.7536585365854,13913.3402919927,6.53713226,16.4659360432975,109.45922088623,22.2631718698092,1.48,Europe & Central Asia,High income
PL,2018,77.6024390243903,15658.2120316794,6.25094128,17.0145616085721,110.541938781738,22.4094051941271,1.46,Europe & Central Asia,High income
PL,2019,77.9048780487805,15874.5220531254,6.38906956,17.5584217024462,109.753303527832,18.7701954101512,1.44,Europe & Central Asia,High income
PL,2020,76.4,16150.9304813473,6.42739105,18.0760468179361,112.576263427734,17.9583314936851,1.39,Europe & Central Asia,High income
PS,2000,70.298,1476.17185000238,9.46541214,2.28416052135412,76.0071334838867,26.132738052948,5.457,Middle East & North Africa,Lower middle income
PS,2001,69.75,1335.55319529359,10.3154583,2.33754898165954,78.0870895385742,26.2365303648086,5.342,Middle East & North Africa,Lower middle income
PS,2002,70.88,1156.21747345769,11.04674053,2.40420676361771,80.3683166503906,26.5135715932111,5.216,Middle East & North Africa,Lower middle income
PS,2003,70.967,1257.69857009689,9.55897141,2.47637593157646,83.0590972900391,26.9126428548588,5.062,Middle East & North Africa,Lower middle income
PS,2004,71.094,1422.19088643544,11.37928772,2.54517934695422,86.8646087646484,27.3825252664549,4.971,Middle East & North Africa,Lower middle income
PS,2005,72.004,1543.70141392774,10.99557114,2.60979892480478,88.3457794189453,27.8719999447027,4.867,Middle East & North Africa,Lower middle income
PS,2006,71.831,1570.10439962728,10.50240231,2.67017658794172,90.0953369140625,28.6014840570339,4.739,Middle East & North Africa,Lower middle income
PS,2007,72.064,1664.24571669276,9.58784008,2.72646343067482,90.4300994873047,29.6437050910709,4.627,Middle East & North Africa,Lower middle income
PS,2008,72.204,2035.20234121766,10.52610016,2.78215913360018,89.9040603637695,30.7259096438031,4.509,Middle East & North Africa,Lower middle income
PS,2009,72.306,2191.78178736868,10.76468372,2.8387915473806,90.0118637084961,31.5753443122198,4.44,Middle East & North Africa,Lower middle income
PS,2010,73.302,2557.07562356699,9.10499382,2.89589113836226,89.1773371332236,31.9192556933104,4.434,Middle East & North Africa,Lower middle income
PS,2011,73.557,2880.79843707909,11.34622478,2.95505912122661,88.2808414383622,28.606630623344,4.305,Middle East & North Africa,Lower middle income
PS,2012,73.722,3067.43872735614,10.30110455,3.01775929806399,88.0041466962408,27.2379610304191,4.154,Middle East & North Africa,Lower middle income
PS,2013,74.14,3315.29753909282,10.44874382,3.07821509269255,87.7419851728182,31.1625763830924,4.049,Middle East & North Africa,Lower middle income
PS,2014,72.781,3352.11259506043,9.92015553,3.14478547488197,87.618042824034,29.2886843311089,3.995,Middle East & North Africa,Lower middle income
PS,2015,74.577,3272.15432360708,9.28473282,3.21502621326908,88.3909219114319,30.4615510423627,3.977,Middle East & North Africa,Lower middle income
PS,2016,74.917,3527.61382413178,9.0039854,3.28405075269727,88.6612882360835,26.5563697979811,3.887,Middle East & North Africa,Lower middle income
PS,2017,75.216,3620.36048715937,9.1223526,3.35569557065348,89.7461522132674,26.6750824440453,3.771,Middle East & North Africa,Lower middle income
PS,2018,75.38,3562.33094270256,9.65617657,3.4276431178253,89.6454662001111,29.1340212387581,3.674,Middle East & North Africa,Lower middle income
PS,2019,75.811,3656.85827137011,9.18576908,3.50508535292495,90.3135207321564,29.6822493738623,3.591,Middle East & North Africa,Lower middle income
PS,2020,74.998,3233.56863835858,10.27610207,3.57539471825902,90.2544056722155,26.3636264444046,3.511,Middle East & North Africa,Lower middle income
PT,2001,76.8146341463415,11734.7649743954,8.62751579,16.3877131724044,108.49845123291,13.849569678602,1.45,Europe & Central Asia,High income
PT,2002,77.0658536585366,12936.6928204482,8.78642941,16.6060663913453,109.794471740723,13.6900462729622,1.46,Europe & Central Asia,High income
PT,2003,77.219512195122,15797.7821340276,9.12415695,16.8062925634515,108.311233520508,13.4896924274961,1.44,Europe & Central Asia,High income
PT,2004,77.6707317073171,18064.1580932987,9.5325079,17.041398598076,95.0831298828125,13.2564973921723,1.4,Europe & Central Asia,High income
PT,2005,78.0707317073171,18780.12751241,9.65306759,17.2680626718468,96.4346008300781,12.9984504169596,1.41,Europe & Central Asia,High income
PT,2006,78.419512195122,19839.4540499032,9.35422611,17.4641870294143,95.6554183959961,12.5977447886636,1.37,Europe & Central Asia,High income
PT,2007,78.3219512195122,22811.0564844365,9.25186634,17.6626196823508,99.3079605102539,12.0295102444563,1.35,Europe & Central Asia,High income
PT,2008,78.5243902439025,24949.0413566739,9.58307838,17.8926883414037,101.609558105469,11.4411407098565,1.39,Europe & Central Asia,High income
PT,2009,78.7268292682927,23151.2154130712,10.13070393,18.1758554317889,105.083099365234,10.9800301103829,1.34,Europe & Central Asia,High income
PT,2010,79.0268292682927,22551.935098809,10.01858425,18.5177045107792,107.523330688477,10.7935723715541,1.39,Europe & Central Asia,High income
PT,2011,80.4707317073171,23246.5425416481,9.71847439,18.8655829835079,108.864181518555,11.5157580200238,1.35,Europe & Central Asia,High income
PT,2012,80.3731707317073,20593.4274224109,9.64000225,19.2003728663626,110.253372192383,10.1151524382993,1.28,Europe & Central Asia,High income
PT,2013,80.7219512195122,21676.4859642714,9.39476109,19.6276592820198,118.932960510254,9.76832048738232,1.21,Europe & Central Asia,High income
PT,2014,81.1219512195122,22120.6850127107,9.33570766,20.1141031472732,114.901290893555,9.50576236832378,1.24,Europe & Central Asia,High income
PT,2015,81.1243902439025,19215.7813014347,9.33309937,20.5742532955034,116.804588317871,9.64253451834766,1.31,Europe & Central Asia,High income
PT,2016,81.1243902439025,19980.2808866516,9.39989281,21.026998642616,115.488418579102,8.83773210008347,1.37,Europe & Central Asia,High income
PT,2017,81.4243902439025,21442.3842768879,9.32668972,21.4882830483163,117.235328674316,9.2551980440464,1.38,Europe & Central Asia,High income
PT,2018,81.3243902439024,23541.1401075289,9.42121029,21.9323930135851,118.28833770752,9.02601451562929,1.42,Europe & Central Asia,High income
PT,2019,81.6756097560976,23343.3628970034,9.50868607,22.3900784021367,119.519371032715,7.98256121876526,1.44,Europe & Central Asia,High income
PT,2020,81.3292682926829,22299.4044062173,10.52074051,22.8627033998973,118.68286895752,8.45242266236737,1.42,Europe & Central Asia,High income
PW,2000,64.499,7798.07504193852,8.63728905,5.20374377558203,91.4381866455078,7.22284968187368,1.819,East Asia & Pacific,High income
PW,2003,65.446,7862.3931898737,8.095788,5.39447581260491,102.667266845703,7.14279221821298,1.962,East Asia & Pacific,High income
PW,2004,65.816,8393.73052541231,9.13479805,5.504402008022,98.1433486938477,7.10249472303506,1.989,East Asia & Pacific,High income
PW,2005,66.219,9635.28357539048,8.63174248,5.57812145217852,97.3436889648438,7.04905925537493,2.017,East Asia & Pacific,High income
PW,2006,66.633,9881.65970716981,8.73999214,5.60914612361558,100.88996887207,6.88061711983826,1.996,East Asia & Pacific,High income
PW,2007,67.113,10402.5367528907,8.83709908,5.6885296860429,101.115242004395,6.56755453223822,1.968,East Asia & Pacific,High income
PW,2013,68.981,12698.9240118945,10.92691708,6.96112873980054,106.158729553223,6.83322852151998,2.054,East Asia & Pacific,High income
PW,2014,69.062,13863.4544155068,10.71111488,7.25656223539373,108.378378378378,7.36831173894939,2.032,East Asia & Pacific,High income
PW,2020,68.689,14708.2119536914,13.31541061,9.52113309352518,160.800003051758,7.32770979431049,1.972,East Asia & Pacific,High income
PY,2000,70.026,1736.11729210765,6.01865244,3.99281063536637,64.4096298217773,13.555186049266,3.508,Latin America & Caribbean ,Upper middle income
PY,2001,70.281,1637.68615122932,5.60815811,4.03485058568469,68.1916809082031,13.4456009940226,3.361,Latin America & Caribbean ,Upper middle income
PY,2002,70.539,1367.76506935997,4.75770569,4.09801479778489,69.8106307983398,13.2274142700835,3.233,Latin America & Caribbean ,Upper middle income
PY,2003,70.795,1443.99885236205,4.90703917,4.18033707902084,67.5210266113281,12.966481503164,3.123,Latin America & Caribbean ,Upper middle income
PY,2004,71.054,1786.21533938543,4.93224335,4.27287572071023,68.885986328125,12.7286583189791,3.053,Latin America & Caribbean ,Upper middle income
PY,2005,71.317,1970.87169852378,4.82934713,4.37008555464413,68.879280090332,12.5798003432443,2.973,Latin America & Caribbean ,Upper middle income
PY,2006,71.584,2439.43124694576,5.01927567,4.48071554849348,68.669563293457,12.4981511047327,2.889,Latin America & Caribbean ,Upper middle income
PY,2007,71.817,3211.93621659546,5.02042723,4.6063176215577,69.0111694335938,12.4250915061089,2.823,Latin America & Caribbean ,Upper middle income
PY,2008,72.047,4384.95469437803,5.03776026,4.73745467125352,70.5332565307617,12.3711832339251,2.792,Latin America & Caribbean ,Upper middle income
PY,2009,72.282,3941.84815479431,5.52496862,4.86632853346885,71.5204086303711,12.3469879747333,2.757,Latin America & Caribbean ,Upper middle income
PY,2010,72.551,4750.96273669458,5.46593952,4.98600420026485,73.1651100594436,12.3630674150856,2.695,Latin America & Caribbean ,Upper middle income
PY,2011,72.787,5805.40154542925,5.82225847,5.09612312124632,75.882698059082,13.0739532959182,2.667,Latin America & Caribbean ,Upper middle income
PY,2012,73.105,5642.16991672846,6.53144598,5.20538551075393,82.8002090454102,12.3612452179307,2.658,Latin America & Caribbean ,Upper middle income
PY,2016,73.487,5775.15963399596,6.67556572,5.67323334495096,81.8651046483746,10.4105012225018,2.624,Latin America & Caribbean ,Upper middle income
PY,2020,72.72,5365.47220721104,7.67533064,6.15003817155416,85.6669309236136,10.0891599097852,2.497,Latin America & Caribbean ,Upper middle income
QA,2001,75.486,25870.7991864314,2.3197093,1.22963454659439,87.8413467407227,90.0738424478758,3.08,Middle East & North Africa,High income
QA,2002,75.766,27226.6593510117,2.46044064,1.20640321707525,87.4843902587891,92.3707032121313,3.011,Middle East & North Africa,High income
QA,2003,76.097,31602.470865136,3.50257182,1.17640818497023,88.7019805908203,94.7440660994636,2.925,Middle East & North Africa,High income
QA,2004,76.484,41035.5008380177,3.18311739,1.15590641800261,90.0552520751953,96.6020961417903,2.794,Middle East & North Africa,High income
QA,2005,76.909,53949.6764091147,2.56300044,1.15857924722031,90.0544815063477,97.3529583710287,2.635,Middle East & North Africa,High income
QA,2006,77.323,62582.4453138755,2.288064,1.13961212173543,91.3522491455078,95.8058004809302,2.509,Middle East & North Africa,High income
QA,2007,77.741,65954.3419525051,2.07008052,1.07608421348756,91.991569519043,92.1164239737723,2.438,Middle East & North Africa,High income
QA,2008,78.262,80781.4039187792,1.63775349,0.992754768337949,97.6288604736328,87.7129745942613,2.369,Middle East & North Africa,High income
QA,2009,78.837,60785.7351551657,2.38356304,0.895526905055611,97.2014999389648,84.0235980871034,2.254,Middle East & North Africa,High income
QA,2010,79.444,76462.6119486736,1.87017763,0.862464636843677,98.150178716375,82.4764401970049,2.137,Middle East & North Africa,High income
QA,2011,79.994,103261.510293068,1.599962,0.928877108699854,96.4676867591291,87.9624107804434,2.07,Middle East & North Africa,High income
QA,2012,80.499,108470.387023229,1.74822152,1.03001021961421,98.6139808267348,95.6228667032868,2.04,Middle East & North Africa,High income
QA,2013,80.974,103697.062789144,2.07620168,1.08472179789742,97.3663778760953,88.6466197970471,2.032,Middle East & North Africa,High income
QA,2014,81.395,95840.6898934238,2.42293572,1.06179216109832,97.8845311253665,75.1764824465315,2.03,Middle East & North Africa,High income
QA,2015,81.785,68985.2433380102,3.63581347,1.05084577481311,101.946830749512,97.7000280042596,1.976,Middle East & North Africa,High income
QA,2016,82.147,61253.6217997091,3.54971433,1.08622390331203,97.44147524298,83.6854921169063,1.856,Middle East & North Africa,High income
QA,2017,82.458,63279.8767486216,3.21237087,1.12252533934654,101.989694099425,83.268990615565,1.834,Middle East & North Africa,High income
QA,2018,82.714,71039.9308240078,2.96176219,1.14427291316419,102.1549014004,93.3069571843647,1.756,Middle East & North Africa,High income
QA,2019,82.945,66841.3623185691,3.18468714,1.17212029932225,105.162567508393,81.0088337801126,1.731,Middle East & North Africa,High income
QA,2020,80.409,51683.5681078949,3.81872201,1.24769251348821,105.869328366077,75.6630329481338,1.675,Middle East & North Africa,High income
RO,2001,71.1609756097561,1825.19299373184,4.37598133,13.8003051334477,83.499382019043,20.5727453427073,1.27,Europe & Central Asia,High income
RO,2002,71.009756097561,2119.85509684554,4.57694626,14.1312570893091,84.9503479003906,20.8397542766711,1.27,Europe & Central Asia,High income
RO,2003,71.309756097561,2679.40626016154,5.37136793,14.4342818207771,84.2207717895508,21.1260463408151,1.3,Europe & Central Asia,High income
RO,2004,71.5609756097561,3494.99056448955,5.47733593,14.7036701374455,82.5846405029297,21.3544292529253,1.33,Europe & Central Asia,High income
RO,2005,71.9121951219512,4618.00350802913,5.52778196,14.916750094722,81.0594787597656,21.4477107307875,1.4,Europe & Central Asia,High income
RO,2006,72.1634146341463,5757.53127301178,5.07106066,15.0906344716068,85.6820602416992,21.2993011373918,1.42,Europe & Central Asia,High income
RO,2007,72.5658536585366,8360.33775916596,5.02223349,15.252749354646,84.2603607177734,20.9454013377561,1.45,Europe & Central Asia,High income
RO,2008,72.5658536585366,10435.1561230787,5.02277184,15.4152530110178,94.5384063720703,20.523004802707,1.6,Europe & Central Asia,High income
RO,2009,73.309756097561,8548.4543409242,5.27816248,15.628888988839,103.393241882324,20.1691050030713,1.66,Europe & Central Asia,High income
RO,2010,73.4585365853659,8399.5374234284,5.63882685,15.8399964683843,102.467903137207,20.0206954096756,1.59,Europe & Central Asia,High income
RO,2011,74.409756097561,9560.6755277458,4.47503996,16.0573968725291,100.735900878906,21.3631759849928,1.47,Europe & Central Asia,High income
RO,2012,74.4121951219512,8929.95366231474,4.50939083,16.2663527867529,97.4503707885742,19.4249667326641,1.52,Europe & Central Asia,High income
RO,2013,75.0634146341463,9497.67411615237,5.2240696,16.4582814237269,95.6988983154297,17.8711054888739,1.46,Europe & Central Asia,High income
RO,2014,74.909756097561,10031.7710755404,5.0276823,16.7939266755188,93.5339965820312,17.9898360506608,1.56,Europe & Central Asia,High income
RO,2015,74.9121951219512,8977.01748158196,4.94292021,17.209625303825,91.3377075195312,17.4955175712912,1.62,Europe & Central Asia,High income
RO,2016,75.209756097561,9404.54005870715,5.08012772,17.5741928757273,88.7795104980469,16.5983385295736,1.69,Europe & Central Asia,High income
RO,2017,75.209756097561,10727.9822007426,5.18878555,17.9121340991497,88.3843231201172,17.0446117524786,1.78,Europe & Central Asia,High income
RO,2018,75.3585365853659,12416.134317959,5.51454878,18.2496778221635,86.5577163696289,17.1719925973938,1.76,Europe & Central Asia,High income
RO,2019,75.6073170731707,12909.6104013244,5.69924641,18.604236526527,86.4074096679688,15.0073403663299,1.77,Europe & Central Asia,High income
RO,2020,74.2536585365854,13009.1770573223,6.20959711,19.0166656963587,86.416877746582,14.8501731264834,1.8,Europe & Central Asia,High income
RS,2000,71.5829268292683,974.725469278615,5.80770588,16.0681726957932,91.1882629394531,31.2656899545238,1.48,Europe & Central Asia,Upper middle income
RS,2001,72.2341463414634,1812.42088281393,6.19155836,16.4093567541875,89.7503128051758,31.5879271581157,1.58,Europe & Central Asia,Upper middle income
RS,2002,72.2853658536585,2390.73459447107,7.24950886,16.7152679301376,88.7098770141602,32.1130882957481,1.57,Europe & Central Asia,Upper middle income
RS,2003,72.4365853658537,3153.9011312754,7.30602598,16.9829001972155,88.2943801879883,32.683463379322,1.59,Europe & Central Asia,Upper middle income
RS,2004,72.6829268292683,3597.08798057009,7.63644934,17.1864766917518,88.1681365966797,33.1413424207388,1.57,Europe & Central Asia,Upper middle income
RS,2005,72.8341463414634,3807.97417321786,8.09346867,17.3287763990899,88.5904083251953,33.3290154318997,1.45,Europe & Central Asia,Upper middle income
RS,2006,73.3853658536585,4492.7136699046,8.28575706,17.4164820415812,88.9565811157227,33.1184661635543,1.43,Europe & Central Asia,Upper middle income
RS,2007,73.6317073170732,6081.08765700202,9.01782608,17.4526382438889,89.437370300293,32.6163871390382,1.38,Europe & Central Asia,Upper middle income
RS,2008,73.8853658536585,7376.73517910716,9.12807178,17.4402380163125,90.4638137817383,32.0171315291319,1.4,Europe & Central Asia,Upper middle income
RS,2009,73.9853658536585,6414.0448463847,8.98933506,17.4082896457034,91.4844589233398,31.5150525046159,1.44,Europe & Central Asia,Upper middle income
RS,2010,74.3365853658537,5970.92660940072,9.15153027,17.3759538185157,91.4276275634766,31.3045032362704,1.4,Europe & Central Asia,Upper middle income
RS,2011,74.5365853658537,7082.2861666075,8.75940418,17.3957653090008,93.6310501098633,33.95588567108,1.4,Europe & Central Asia,Upper middle income
RS,2012,74.8365853658537,6263.04086072815,8.95716667,17.5891851362179,94.1696166992188,30.384649168974,1.45,Europe & Central Asia,Upper middle income
RS,2013,75.1853658536585,7040.41812068781,8.93188286,17.9500038447375,94.4092102050781,28.4561350651549,1.43,Europe & Central Asia,Upper middle income
RS,2014,75.3365853658537,6886.67809068704,8.85966778,18.3902831005496,94.3444137573242,28.0367329195926,1.46,Europe & Central Asia,Upper middle income
RS,2015,75.2878048780488,5820.3215576888,8.46289921,18.883979706442,96.6696090698242,27.8632692496949,1.46,Europe & Central Asia,Upper middle income
RS,2016,75.6878048780488,5982.37030126471,8.15184307,19.3853692133533,96.234733581543,25.5339499000416,1.46,Europe & Central Asia,Upper middle income
RS,2017,75.5390243902439,6548.03653824187,7.89965153,19.9073825690271,95.4950866699219,26.2823086047504,1.49,Europe & Central Asia,Upper middle income
RS,2018,75.890243902439,7559.86165747394,8.18469906,20.4864046664261,95.0872421264648,27.1283419584164,1.49,Europe & Central Asia,Upper middle income
RS,2019,75.9365853658537,7755.632986437,8.28762531,21.0643608505556,94.4721908569336,22.6362588980641,1.52,Europe & Central Asia,Upper middle income
RS,2020,74.4780487804878,8098.70955668849,8.30643559,21.5708751193576,92.2411727905273,22.5075355689004,1.48,Europe & Central Asia,Upper middle income
RU,2003,65.0275609756098,2975.123046875,5.16368914,13.1117706548187,94.6366500854492,17.3414730765516,1.319,Europe & Central Asia,High income
RU,2004,65.4709756097561,4102.36474609375,4.7603755,13.4632893703856,88.130989074707,16.3127366996014,1.344,Europe & Central Asia,High income
RU,2005,65.529756097561,5323.455078125,4.77177477,13.7404731533261,86.7092514038086,15.8037810245792,1.294,Europe & Central Asia,High income
RU,2006,66.7275609756098,6920.19970703125,4.76654387,13.9028214051527,86.4854736328125,15.6913079663017,1.305,Europe & Central Asia,High income
RU,2007,67.5868292682927,9101.2392578125,4.74792528,13.8474730635853,86.5527572631836,15.6363350250339,1.416,Europe & Central Asia,High income
RU,2008,67.9492682926829,11635.2841796875,4.90364122,13.503280698226,87.0486373901367,15.595083234396,1.502,Europe & Central Asia,High income
RU,2009,68.6846341463415,8562.82421875,5.64392471,13.0561356274812,89.8769302368164,15.5237736280086,1.542,Europe & Central Asia,High income
RU,2011,69.6839024390244,14305.33203125,4.79491472,12.5963495041925,94.5758904929741,13.9138877120952,1.582,Europe & Central Asia,High income
RU,2012,70.0721951219512,15401.8515625,4.93637276,12.7129961766369,95.5384826756866,13.8991230346483,1.691,Europe & Central Asia,High income
RU,2013,70.5787804878049,15941.4482421875,5.08104849,12.883783946717,95.9993761959632,14.0574320033086,1.707,Europe & Central Asia,High income
RU,2014,70.7436585365854,14055.47265625,5.1820941,13.1683587965298,95.6056322692131,14.2481805159069,1.75,Europe & Central Asia,High income
RU,2015,71.1834146341463,9277.7138671875,5.29604626,13.534464750748,96.3292563031308,12.9392509421972,1.777,Europe & Central Asia,High income
RU,2016,71.6512195121951,8663.158203125,5.28970337,13.8715252574284,95.8434944997854,12.4784655225055,1.762,Europe & Central Asia,High income
RU,2017,72.4514634146342,10658.9130859375,5.35890055,14.2409291689874,97.5206298303399,11.739094414375,1.621,Europe & Central Asia,High income
RU,2018,72.6621951219512,11211.8876953125,5.35520792,14.6302500942335,99.1831046517789,12.3153675046294,1.579,Europe & Central Asia,High income
RU,2019,73.0839024390244,11447.701171875,5.64849091,15.063299330246,100.471744682473,11.6778230257169,1.504,Europe & Central Asia,High income
RU,2020,71.3387804878049,10108.3271484375,8.04076004,15.4721422383228,91.5812884026933,11.2727775886895,1.505,Europe & Central Asia,High income
RW,2000,47.798,251.86926386091,3.57583427,2.14435707728474,10.2389402389526,31.3781575577386,5.967,Sub-Saharan Africa ,Low income
RW,2001,49.49,237.308846200901,3.31599975,2.29433850428519,11.1507501602173,31.2222805217086,5.893,Sub-Saharan Africa ,Low income
RW,2002,51.262,234.043016755733,3.12787294,2.43390022594754,12.1046600341797,30.8879447825411,5.816,Sub-Saharan Africa ,Low income
RW,2003,53.529,249.012274982252,6.92888737,2.51514666278477,13.584939956665,30.4979302158135,5.737,Sub-Saharan Africa ,Low income
RW,2004,55.52,269.540446333402,7.50856972,2.55695816762541,15.3283996582031,30.1750166971027,5.64,Sub-Saharan Africa ,Low income
RW,2005,56.968,324.016863847189,7.71997023,2.59692719487973,16.4831008911133,30.0419841019859,5.5,Sub-Saharan Africa ,Low income
RW,2006,58.342,356.995022901154,7.60511971,2.63100363190736,18.1992893218994,30.0919739416177,5.335,Sub-Saharan Africa ,Low income
RW,2007,59.504,426.234183487629,7.86262226,2.66092952375009,20.3850002288818,30.2183078634908,5.141,Sub-Saharan Africa ,Low income
RW,2008,60.641,528.326391755502,7.55971909,2.6883188684602,22.1014308929443,30.3940359476901,4.922,Sub-Saharan Africa ,Low income
RW,2009,61.813,564.039095842449,7.79951382,2.71271167643257,26.5538196563721,30.5922082743006,4.707,Sub-Saharan Africa ,Low income
RW,2010,62.804,593.624927744346,8.08185482,2.73524145040779,32.4029083251953,30.785874923407,4.522,Sub-Saharan Africa ,Low income
RW,2011,63.476,651.133677964662,7.93233776,2.76015102707814,36.6210098266602,31.1412402470636,4.332,Sub-Saharan Africa ,Low income
RW,2012,64.189,706.817269168561,8.1021471,2.79399137628313,39.662769317627,31.5360758844851,4.201,Sub-Saharan Africa ,Low income
RW,2013,64.651,704.92421851123,6.77388763,2.83577804340262,30.2092864949597,30.6283384511231,4.136,Sub-Saharan Africa ,Low income
RW,2014,65.088,724.957526520906,6.98448992,2.88932706612205,41.8218654918977,31.8689793191915,4.117,Sub-Saharan Africa ,Low income
RW,2015,65.419,733.998629882494,6.65061283,2.96109405978786,39.4099042857311,31.2574810856465,4.108,Sub-Saharan Africa ,Low income
RW,2016,65.733,729.519133812945,5.968925,3.04670211037116,38.506238583342,31.6862299869281,4.106,Sub-Saharan Africa ,Low income
RW,2017,66.14,758.300966509647,5.37623835,3.14278477802991,39.6912128982215,30.3553527446531,4.084,Sub-Saharan Africa ,Low income
RW,2018,66.354,771.773511207309,5.45722818,3.24675392272707,41.1796940634956,30.1816687853678,4.047,Sub-Saharan Africa ,Low income
RW,2019,66.691,810.051412137354,4.91471481,3.35702522122747,44.0779032495009,30.0071642427631,3.985,Sub-Saharan Africa ,Low income
SA,2005,74.4,15975.7473782258,3.4186728,2.30139606778052,87.1481628417969,59.1792687977192,3.161,Middle East & North Africa,High income
SA,2007,75.066,18596.1502627898,3.56229162,2.34892551684442,91.6758117675781,59.4348208026051,3.185,Middle East & North Africa,High income
SA,2009,75.447,17718.3911648365,4.29042768,2.38953786336071,99.7553787231445,59.6227043484328,2.95,Middle East & North Africa,High income
SA,2013,76.517,27865.465604962,4.42293596,2.32822122505455,93.0168905157466,64.2495664318178,2.67,Middle East & North Africa,High income
SA,2014,77.116,27805.4850319422,5.15800905,2.28000575968204,98.8496091524944,51.0877522409227,2.68,Middle East & North Africa,High income
SA,2015,77.776,23256.1549553531,5.8620224,2.22811303229385,102.979200639837,65.6121801282607,2.63,Middle East & North Africa,High income
SA,2016,78.354,22267.7217050387,6.24142838,2.21365075571716,105.491550199825,57.2721294327821,2.65,Middle East & North Africa,High income
SA,2017,78.721,23929.2907135982,6.03126049,2.28023790995907,106.244903966787,59.4402484783372,2.67,Middle East & North Africa,High income
SA,2018,78.75,29360.0658968566,5.34063101,2.38074635666274,106.376211565111,61.9886640504678,2.67,Middle East & North Africa,High income
SA,2019,78.313,29566.7933827436,5.46743011,2.45024814989585,104.048257824894,58.6225928552836,2.49,Middle East & North Africa,High income
SA,2020,77.596,24338.8307301067,6.64630127,2.52258164711042,104.411027399625,53.1486013629285,2.27,Middle East & North Africa,High income
SB,2000,67.116,953.17190137706,4.82778931,3.39365539913138,19.1796207427979,12.7925434315937,4.757,East Asia & Pacific,Lower middle income
SB,2001,67.237,911.791935385411,6.60712814,3.3986084052324,23.1048603057861,12.8153735261217,4.673,East Asia & Pacific,Lower middle income
SB,2002,67.35,756.890296490792,10.10627556,3.40255336256831,30.1493606567383,12.788650887329,4.602,East Asia & Pacific,Lower middle income
SB,2005,67.79,1144.49233397681,9.01794529,3.4187883799905,30.6725997924805,12.7425642199631,4.411,East Asia & Pacific,Lower middle income
SB,2006,67.968,1255.62447417684,8.00802231,3.43169712374147,35.7089614868164,12.8418501292278,4.39,East Asia & Pacific,Lower middle income
SB,2007,67.845,1390.14870956707,7.18583059,3.44812763230635,36.7365608215332,12.9961903836137,4.372,East Asia & Pacific,Lower middle income
SB,2010,68.669,1685.14535823757,4.66862011,3.47028339412498,50.952808380127,13.4199037039275,4.341,East Asia & Pacific,Lower middle income
SB,2011,68.824,1924.05795643133,5.03008652,3.4538697338795,49.3238906860352,13.3086086795295,4.335,East Asia & Pacific,Lower middle income
SB,2012,68.961,2066.25738638356,4.88045692,3.44809551495668,49.0498504638672,13.3168981062044,4.332,East Asia & Pacific,Lower middle income
SC,2000,72.7780487804878,8063.65500575169,4.61071777,7.42096545764421,86.0170364379883,10.4591837101084,2.08,Sub-Saharan Africa ,High income
SC,2001,73.2536585365854,8153.2986369879,4.54768324,7.42977702395234,78.5736694335938,10.4372246646421,1.98,Sub-Saharan Africa ,High income
SC,2002,71.0878048780488,8864.16919495467,4.19562864,7.41873114597529,74.4553298950195,10.3754079918718,2.04,Sub-Saharan Africa ,High income
SC,2003,71.0292682926829,9070.28460757013,4.86075974,7.3838959487097,77.5321578979492,10.2850679474579,2.06,Sub-Saharan Africa ,High income
SC,2004,72.6609756097561,10827.671636033,4.66628933,7.34327410087856,77.4061813354492,10.1775387870608,2.01,Sub-Saharan Africa ,High income
SC,2005,72.1317073170732,11802.1118276833,4.44606543,7.31465507584074,84.5365982055664,10.0641547663409,2.2,Sub-Saharan Africa ,High income
SC,2006,72.2170731707317,12782.9938926475,4.33191252,7.29587376760758,77.854362487793,9.88101029192026,2.11,Sub-Saharan Africa ,High income
SC,2007,73.1439024390244,12669.3026687222,3.79315019,7.27576857480212,84.6312103271484,9.60702172018116,2.24,Sub-Saharan Africa ,High income
SC,2008,73.1634146341463,11265.4376270005,3.51518679,7.25681406845134,81.1551132202148,9.31775623142405,2.33,Sub-Saharan Africa ,High income
SC,2009,73.0829268292683,9747.09180546291,3.43580508,7.24676378861025,80.9706115722656,9.08878100594942,2.38,Sub-Saharan Africa ,High income
SC,2010,73.1975609756098,10934.79494629,4.40148449,7.21851933748197,76.172233581543,8.99566322405777,2.13,Sub-Saharan Africa ,High income
SC,2011,72.7243902439024,12110.0937461973,4.35539675,7.1451393469657,74.46608040201,10.4836323605632,2.3,Sub-Saharan Africa ,High income
SC,2012,74.2756097560976,12337.1554669388,5.2896843,7.06930673176416,84.5009231567383,9.81980568508283,2.32,Sub-Saharan Africa ,High income
SC,2013,73.119512195122,14821.2921476077,4.19129515,7.03136861179812,84.6974263853466,9.6559410030708,2.21,Sub-Saharan Africa ,High income
SC,2014,73.2292682926829,15188.1902175113,4.43609142,7.03075357485822,89.3980343980344,9.06745868961229,2.19,Sub-Saharan Africa ,High income
SC,2015,74.2951219512195,15333.1051727105,4.24428654,7.05775929198588,92.0911695105244,9.00174536475684,2.26,Sub-Saharan Africa ,High income
SC,2016,74.309756097561,16566.9946042294,4.71349716,7.09153986942388,101.712798026857,9.9122300080876,2.33,Sub-Saharan Africa ,High income
SC,2017,74.3,17480.3651911372,4.47661018,7.1411099696246,112.311212814645,9.84794743856559,2.34,Sub-Saharan Africa ,High income
SC,2018,72.8414634146341,18440.2340460932,4.41706038,7.2279207232267,108.274060095805,9.35591484940797,2.34,Sub-Saharan Africa ,High income
SC,2019,74.0463414634146,19141.5118743615,4.25269794,7.36545956030786,100.825877494838,9.43411735985982,2.31,Sub-Saharan Africa ,High income
SC,2020,77.2365853658537,14041.4754074575,5.83709192,7.57787365638327,102.18818380744,8.49983857722866,2.2,Sub-Saharan Africa ,High income
SD,2001,59.264,451.293304443359,3.36456871,2.87989137619723,32.2981796264648,56.2871646110288,5.562,Sub-Saharan Africa ,Low income
SD,2002,59.308,506.262634277344,3.30010891,2.84434043261617,32.1063385009766,56.688232075569,5.531,Sub-Saharan Africa ,Low income
SD,2003,58.319,580.320251464844,3.89187932,2.80940766894339,33.3529090881348,57.0038362320227,5.489,Sub-Saharan Africa ,Low income
SD,2004,56.773,705.113342285156,4.15593481,2.76709606492364,36.5913009643555,57.2981421145582,5.455,Sub-Saharan Africa ,Low income
SD,2005,57.226,905.543640136719,4.09418154,2.71830799150425,36.3686599731445,57.6353147573441,5.397,Sub-Saharan Africa ,Low income
SD,2006,60.4,1132.474609375,4.88544321,2.67909116639606,34.6569290161133,57.9611168000079,5.332,Sub-Saharan Africa ,Low income
SD,2007,61.442,1444.37219238281,5.66269159,2.65138851752669,33.9691314697266,58.2384917480455,5.27,Sub-Saharan Africa ,Low income
SD,2008,61.261,1527.58239746094,5.42313576,2.62342237033543,35.8935012817383,58.5573759344283,5.212,Sub-Saharan Africa ,Low income
SD,2009,62.676,1178.22180175781,6.39496326,2.59857553473495,39.4921493530273,59.0077056921272,5.173,Sub-Saharan Africa ,Low income
SD,2010,62.979,1305.63598632813,5.05810165,2.58663993441425,39.6667785644531,59.6794173541135,5.141,Sub-Saharan Africa ,Low income
SD,2011,63.181,1332.6572265625,5.61579561,2.58653611654372,35.2129783630371,62.2941694151786,5.087,Sub-Saharan Africa ,Low income
SD,2012,63.427,1019.22210693359,5.68827009,2.59719111935598,38.7272605895996,64.1497177387956,5.031,Sub-Saharan Africa ,Low income
SD,2013,63.443,1138.62780761719,6.96487474,2.61606008397562,40.9434089660645,60.4369003558748,4.965,Sub-Saharan Africa ,Low income
SD,2014,63.99,1275.43835449219,5.67619705,2.63940603943228,42.046989440918,49.516943286103,4.912,Sub-Saharan Africa ,Low income
SD,2015,64.375,1292.37963867188,5.81112576,2.67303734220435,42.5230712890625,61.1105056197826,4.898,Sub-Saharan Africa ,Low income
SD,2016,64.677,1033.21594238281,5.68438482,2.72096931324978,40.9556007385254,59.3119232873813,4.829,Sub-Saharan Africa ,Low income
SD,2017,65.146,966.505676269531,5.91767406,2.77804346419624,43.0903282165527,59.8168448508968,4.761,Sub-Saharan Africa ,Low income
SD,2018,65.501,731.027465820313,4.46172857,2.84336548392882,42.1366996765137,58.6936576687446,4.681,Sub-Saharan Africa ,Low income
SD,2019,65.803,709.975280761719,4.59967566,2.9179533217527,43.5378608703613,51.9356218340372,4.617,Sub-Saharan Africa ,Low income
SE,2001,79.7951219512195,27259.3174300217,7.89248943,17.2157520077936,147.903442382812,9.49612942440913,1.57,Europe & Central Asia,High income
SE,2002,79.8463414634146,29957.7776664916,8.18597412,17.1764203133283,144.218505859375,9.22155824913309,1.65,Europe & Central Asia,High income
SE,2003,80.0951219512195,37292.2419727801,8.31654263,17.16497007121,136.474304199219,8.91945432965492,1.71,Europe & Central Asia,High income
SE,2004,80.4975609756098,42758.0048564929,8.1428194,17.2124300845409,101.425491333008,8.6377252099159,1.75,Europe & Central Asia,High income
SE,2005,80.5463414634146,43378.4077394363,8.15987301,17.2765354335417,101.482162475586,8.4242784338573,1.77,Europe & Central Asia,High income
SE,2006,80.7487804878049,46531.3762240485,8.0421772,17.3280897136683,101.204086303711,8.25715564450449,1.85,Europe & Central Asia,High income
SE,2007,80.9,53568.3057787832,7.9882226,17.4358344844156,100.998710632324,8.09484166609447,1.88,Europe & Central Asia,High income
SE,2008,81.1,55817.1759726485,8.22603607,17.6463898740767,101.521087646484,7.955908814386,1.91,Europe & Central Asia,High income
SE,2009,81.3512195121951,46707.6425044751,8.77742958,17.9392423059468,101.434310913086,7.85892940513784,1.94,Europe & Central Asia,High income
SE,2010,81.4512195121951,52542.5759090299,8.32384682,18.2772882991165,102.25106048584,7.82247575410873,1.98,Europe & Central Asia,High income
SE,2011,81.8024390243903,60379.4814599322,10.50179005,18.6361385585896,102.14037322998,7.91243933234096,1.9,Europe & Central Asia,High income
SE,2012,81.7048780487805,57749.5615420853,10.834198,18.9775519929568,103.106872558594,6.6090550437011,1.91,Europe & Central Asia,High income
SE,2013,81.9560975609756,60843.9888799369,10.9872179,19.2744218602549,132.713500976562,6.56222856877152,1.89,Europe & Central Asia,High income
SE,2014,82.2536585365854,59583.4584491714,11.07212639,19.5210692673755,133.660247802734,6.77228861428546,1.88,Europe & Central Asia,High income
SE,2015,82.2048780487805,51188.1652120493,10.93069172,19.6982615865952,137.462966918945,6.30260504424704,1.85,Europe & Central Asia,High income
SE,2016,82.3073170731707,51703.5088332851,10.95692444,19.773834861054,137.561157226562,5.69783329212579,1.85,Europe & Central Asia,High income
SE,2017,82.409756097561,53210.2233318965,10.94730949,19.8018336203973,142.641586303711,6.06180356722068,1.78,Europe & Central Asia,High income
SE,2018,82.5585365853659,54018.4554391861,11.09132671,19.8625371600706,140.821746826172,6.29086232136503,1.76,Europe & Central Asia,High income
SE,2019,83.109756097561,51648.9892820514,10.93444347,19.9506621429353,136.641006469727,6.06869269595507,1.71,Europe & Central Asia,High income
SE,2020,82.3560975609756,52568.5726980146,11.42458725,20.0599853974717,136.426132202148,5.63670790600148,1.67,Europe & Central Asia,High income
SG,2016,82.8463414634146,57005.5887176547,4.37989521,9.44794121187799,107.745868589242,15.900294890346,1.2,East Asia & Pacific,High income
SG,2017,83.0951219512195,61236.251270627,4.35978413,9.96401995439571,107.472873863465,16.0768840541767,1.16,East Asia & Pacific,High income
SG,2018,83.2975609756098,66881.6067035265,4.07275724,10.4836486140996,105.745250914262,15.9768571619193,1.14,East Asia & Pacific,High income
SG,2019,83.5951219512195,65952.0378959293,4.40746737,10.9750531897302,104.621987875083,17.0759063187283,1.14,East Asia & Pacific,High income
SG,2020,83.5439024390244,61410.0792630788,5.70015287,11.5849477696371,103.115839213946,13.8691955865476,1.1,East Asia & Pacific,High income
SI,2001,75.7585365853659,10375.6255869861,7.95505714,14.2042259077972,108.754692077637,20.9341970231562,1.21,Europe & Central Asia,High income
SI,2002,76.0073170731707,11639.1297780477,8.11632538,14.4943829533612,109.761543273926,21.268223162792,1.21,Europe & Central Asia,High income
SI,2003,76.8585365853659,14711.674874253,8.17447376,14.7644655682086,111.062507629395,21.6496505670105,1.2,Europe & Central Asia,High income
SI,2004,77.2073170731707,17103.8297783905,7.99959517,15.0421485343948,98.896858215332,21.9631106437327,1.25,Europe & Central Asia,High income
SI,2005,77.6121951219512,17969.7095907161,8.0534668,15.3305839236402,98.4314880371094,22.0932348008799,1.26,Europe & Central Asia,High income
SI,2006,78.0865853658537,19563.005059144,7.8671999,15.6015833347478,97.2324523925781,21.7654811995932,1.31,Europe & Central Asia,High income
SI,2007,78.5609756097561,23725.1596001515,7.54076052,15.8526331729271,99.2364883422852,20.9839149196018,1.38,Europe & Central Asia,High income
SI,2008,78.7658536585366,27461.9764165315,7.89287567,16.1194428580917,99.93359375,20.0510777467089,1.53,Europe & Central Asia,High income
SI,2009,78.9707317073171,24501.7897290425,8.6420126,16.3151255055001,98.9675598144531,19.2695114667176,1.53,Europe & Central Asia,High income
SI,2010,79.4219512195122,23329.8417691156,8.63941956,16.3680688560959,98.5378189086914,18.9417578654309,1.57,Europe & Central Asia,High income
SI,2011,79.9707317073171,24940.6284841605,8.60054302,16.4955993838356,98.4782180786133,20.6973508722527,1.56,Europe & Central Asia,High income
SI,2012,80.1243902439024,22442.1417859955,8.79263687,16.7904579946341,98.1137313842773,18.3430191214734,1.58,Europe & Central Asia,High income
SI,2013,80.3219512195122,23236.9655321695,8.84043884,17.1479957003396,110.558929443359,18.16324478528,1.55,Europe & Central Asia,High income
SI,2014,81.0780487804878,24013.0682060959,8.58487225,17.5469496825326,110.182746887207,17.79704248843,1.58,Europe & Central Asia,High income
SI,2015,80.7756097560976,20697.2748530619,8.57742882,18.0184247458794,109.655220031738,17.7209260643327,1.57,Europe & Central Asia,High income
SI,2016,81.1756097560976,21447.8377796036,8.5691185,18.5120548294753,115.216941833496,16.4517774590328,1.58,Europe & Central Asia,High income
SI,2017,81.0292682926829,23303.077705959,8.2588892,19.0009988314642,114.595596313477,16.502696435309,1.62,Europe & Central Asia,High income
SI,2018,81.3780487804878,25888.0481065655,8.35228634,19.4617683036878,113.556167602539,18.1801552844915,1.6,Europe & Central Asia,High income
SI,2019,81.5292682926829,25814.1687167572,8.56564522,19.8516683589804,111.369567871094,13.9082165762349,1.61,Europe & Central Asia,High income
SI,2020,80.5317073170732,25392.0651093612,9.48984432,20.1213887142885,110.359169006348,14.2911527506818,1.59,Europe & Central Asia,High income
SK,2001,73.4024390243903,5712.47802761654,5.34054947,11.3865726097359,87.4630432128906,21.6278516283468,1.2,Europe & Central Asia,High income
SK,2002,73.6048780487805,6554.62808369461,5.51793909,11.4504794114571,88.5775680541992,22.1249717498678,1.19,Europe & Central Asia,High income
SK,2003,73.6048780487805,8675.39633696465,5.48400879,11.5237521102281,91.0334014892578,22.7003052930194,1.2,Europe & Central Asia,High income
SK,2004,73.9585365853659,10650.1290097126,6.39662457,11.6136445079402,93.7951812744141,23.1759598507491,1.25,Europe & Central Asia,High income
SK,2005,73.9048780487805,11641.5410321763,6.61619043,11.725855753395,95.3483963012695,23.374043016004,1.27,Europe & Central Asia,High income
SK,2006,74.2048780487805,13167.8954730379,6.8522706,11.8534825062871,95.5382995605469,23.1757791292256,1.25,Europe & Central Asia,High income
SK,2007,74.2073170731707,16110.4817265237,7.17538357,11.9862771036409,95.3289337158203,22.7029960146004,1.27,Europe & Central Asia,High income
SK,2008,74.7048780487805,18744.3192278346,6.95978355,12.122130374287,94.7546234130859,22.1387064906928,1.34,Europe & Central Asia,High income
SK,2009,74.909756097561,16586.7527805228,7.95280409,12.2856006116909,94.39501953125,21.6659233760675,1.44,Europe & Central Asia,High income
SK,2010,75.1121951219512,16899.448680529,7.67065239,12.4478217220765,94.7793426513672,21.4676594892892,1.43,Europe & Central Asia,High income
SK,2011,75.9585365853659,18469.4354316836,7.31452227,12.6254872424295,94.9994125366211,22.5558562408852,1.45,Europe & Central Asia,High income
SK,2012,76.109756097561,17516.9691054078,7.52780581,12.9097808254813,95.0492630004883,20.342178101972,1.34,Europe & Central Asia,High income
SK,2013,76.4121951219512,18312.7805149823,7.48013163,13.2842884791878,93.529670715332,19.5808878710842,1.34,Europe & Central Asia,High income
SK,2014,76.8121951219512,18770.9289896545,6.86543369,13.6950033798192,92.7571029663086,19.2661010504213,1.37,Europe & Central Asia,High income
SK,2015,76.5634146341463,16442.0760860018,6.74109745,14.1487853575038,91.8957290649414,19.1867476350431,1.4,Europe & Central Asia,High income
SK,2016,77.1658536585366,16636.0769133073,7.06081343,14.6624290456748,91.4534378051758,17.8788004543361,1.48,Europe & Central Asia,High income
SK,2017,77.1658536585366,17645.5298716761,6.73388767,15.2000556322042,91.2535934448242,18.1847497519631,1.52,Europe & Central Asia,High income
SK,2018,77.2658536585366,19573.3717031314,6.63677502,15.7269155531126,91.7815399169922,18.678784905987,1.54,Europe & Central Asia,High income
SK,2019,77.6658536585366,19406.0589683582,6.91102982,16.259188968312,91.3246917724609,15.8371166474072,1.57,Europe & Central Asia,High income
SK,2020,76.8658536585366,19735.4858280801,7.06027794,16.7640891006244,90.813346862793,15.3916194257365,1.59,Europe & Central Asia,High income
SL,2001,45.448,358.315716051546,5.22183514,3.50238577216113,25.5431499481201,41.76188178453,6.305,Sub-Saharan Africa ,Low income
SL,2011,52.594,761.146365577281,6.60636759,3.26978695529579,40.4235687255859,43.1349217295232,5.209,Sub-Saharan Africa ,Low income
SL,2012,53.159,937.504428180231,5.92764187,3.25522661912234,44.5522918701172,42.3969895780679,5.064,Sub-Saharan Africa ,Low income
SL,2013,54.051,1117.47183075115,8.45845032,3.22857964375162,39.2237892150879,34.4203331673694,4.873,Sub-Saharan Africa ,Low income
SL,2015,55.454,964.575980888989,12.3831234,3.15426090082563,39.8463706970215,51.8061671080408,4.548,Sub-Saharan Africa ,Low income
SL,2016,56.937,844.416411175476,10.05438519,3.1406826212018,42.1386795043945,48.7036743850653,4.466,Sub-Saharan Africa ,Low income
SL,2017,57.761,779.186007841728,6.00532055,3.13219453500935,41.5312194824219,44.7073767568936,4.389,Sub-Saharan Africa ,Low income
SL,2018,59.059,845.914540460932,5.29927444,3.12991631680085,43.119270324707,44.3351501101334,4.294,Sub-Saharan Africa ,Low income
SL,2019,59.593,843.712517809977,5.7052846,3.13516272846153,61.1980781555176,38.5920982937814,4.192,Sub-Saharan Africa ,Low income
SL,2020,59.694,845.277557920549,5.66489744,3.14095012004967,62.5606803894043,43.2210935036927,4.08,Sub-Saharan Africa ,Low income
SM,2000,80.504,37600.7077379601,5.7876792,15.5266987574163,47.660400390625,13.3149944407167,1.404,Europe & Central Asia,High income
SM,2008,82.894,75902.1320521765,5.41110897,16.7836641247075,62.9629592895508,10.4136554616715,1.521,Europe & Central Asia,High income
SM,2009,83.224,62428.9943269418,6.18409586,16.9823861748089,63.9632110595703,10.0523327131455,1.358,Europe & Central Asia,High income
SM,2010,83.464,56543.1898204098,6.20853519,17.168187829608,66.6119766235352,9.90948012588566,1.459,Europe & Central Asia,High income
SM,2011,83.713,55601.3929703047,8.0707283,17.386303584196,65.9253387451172,10.69772481397,1.456,Europe & Central Asia,High income
SM,2012,83.943,47945.8991734281,8.98883724,17.6699087146848,64.1398315429688,10.4579356879737,1.289,Europe & Central Asia,High income
SM,2018,85.095,47950.6880557136,8.2778492,19.3159274222744,60.3284671532847,11.7160220114158,1.077,Europe & Central Asia,High income
SM,2019,85.257,46630.1443120725,8.14801598,19.6534210602257,61.0058309037901,10.4938237574833,1.096,Europe & Central Asia,High income
SM,2020,82.65,44326.9556746411,8.48147392,19.9490918503818,61.8604651162791,10.6908983278922,1.113,Europe & Central Asia,High income
SN,2000,57.615,603.233162455158,3.55015373,3.22899884232554,15.2092504501343,69.3535963097363,5.498,Sub-Saharan Africa ,Lower middle income
SN,2001,58.158,637.213530563724,3.68148756,3.2343912263479,15.5517797470093,67.9795373068239,5.397,Sub-Saharan Africa ,Lower middle income
SN,2002,58.912,669.430447319209,3.95294404,3.27733600707954,16.9281692504883,64.7531897425132,5.301,Sub-Saharan Africa ,Lower middle income
SN,2004,60.308,918.102079522155,4.56856203,3.38412445415235,19.9657497406006,57.6841589229918,5.192,Sub-Saharan Africa ,Lower middle income
SN,2005,60.98,979.846101520171,3.67466521,3.42167645471414,22.2482490539551,56.3117406644287,5.133,Sub-Saharan Africa ,Lower middle income
SN,2006,61.801,1017.20196747987,3.76337624,3.45478030637053,24.2208805084229,56.3287590057483,5.064,Sub-Saharan Africa ,Lower middle income
SN,2008,63.201,1398.79218010021,3.50687575,3.51531198670358,30.7020606994629,56.5965036620253,5.024,Sub-Saharan Africa ,Lower middle income
SN,2010,64.221,1275.88357492357,4.02764368,3.56815022857386,37.1267013549805,57.0129259980585,5.055,Sub-Saharan Africa ,Lower middle income
SN,2011,64.799,1374.67591873844,4.21416712,3.58403202001035,42.6368983156004,59.1412397618774,5.099,Sub-Saharan Africa ,Lower middle income
SN,2012,65.229,1326.83798848379,4.26688004,3.59169225455899,46.4158677062967,71.9845097478197,5.129,Sub-Saharan Africa ,Lower middle income
SN,2013,65.638,1379.83196553924,4.38573599,3.57918390028218,49.0776594909389,50.7740625879857,5.049,Sub-Saharan Africa ,Lower middle income
SN,2014,66.001,1398.89137601382,4.38962269,3.54860725101498,50.546931380439,54.8894665378893,4.884,Sub-Saharan Africa ,Lower middle income
SN,2015,66.451,1218.00613555438,4.37789631,3.52362334286885,50.5380516052246,70.740985096638,4.751,Sub-Saharan Africa ,Lower middle income
SN,2019,67.668,1431.18128932159,4.49531031,3.51051951175819,44.4624552560012,60.3429016299635,4.1,Sub-Saharan Africa ,Lower middle income
SN,2020,67.496,1461.08720350553,5.15119171,3.52746594325007,44.7866297761573,63.7402211262202,4.003,Sub-Saharan Africa ,Lower middle income
SR,2001,64.82,1714.64846637242,3.82474971,4.79602186371862,69.0101776123047,31.5360033702711,3.057,Latin America & Caribbean ,Upper middle income
SR,2002,65.274,2202.340682196,5.32991552,5.09937035735468,70.4287109375,30.008871262422,2.956,Latin America & Caribbean ,Upper middle income
SR,2005,66.997,3453.42865937765,5.2439642,5.61030208207967,68.3932418823242,25.5850854776858,2.712,Latin America & Caribbean ,Upper middle income
SR,2006,67.643,5002.65798695759,5.85598755,5.65250849052471,69.8493118286133,25.3403888798647,2.727,Latin America & Caribbean ,Upper middle income
SR,2007,68.307,5530.17615638309,5.22148609,5.7030296638896,70.2995910644531,25.2240727430802,2.735,Latin America & Caribbean ,Upper middle income
SR,2008,68.873,6576.08546307249,4.74699593,5.74979222720339,70.8968505859375,25.1445967600364,2.727,Latin America & Caribbean ,Upper middle income
SR,2009,69.323,7129.5768626291,4.97810316,5.79550304653696,68.5604400634766,25.0104206234369,2.712,Latin America & Caribbean ,Upper middle income
SR,2010,69.626,7943.60482816915,4.6978569,5.8471822418775,70.6480069546381,24.7300040259854,2.688,Latin America & Caribbean ,Upper middle income
SR,2011,69.82,7949.88867218383,4.40932178,5.89975883948129,68.2217083635148,23.1342333121969,2.667,Latin America & Caribbean ,Upper middle income
SR,2012,69.957,8851.24050668908,4.28435707,5.94534981062255,68.4763406082679,26.3564495295979,2.669,Latin America & Caribbean ,Upper middle income
SR,2013,70.11,9043.19281529222,4.48738098,5.98590559207058,68.5071438994946,25.0473551418283,2.651,Latin America & Caribbean ,Upper middle income
SR,2014,70.33,9108.18905406764,4.52127838,6.0403425256312,67.3043899536133,25.5794924051723,2.62,Latin America & Caribbean ,Upper middle income
SR,2015,70.567,8813.61705392067,5.80808163,6.12626305174966,70.1560287475586,27.4211368815622,2.57,Latin America & Caribbean ,Upper middle income
SR,2016,70.979,5644.2061057532,5.99283743,6.2495214859202,71.6250318633699,27.0335291242088,2.5,Latin America & Caribbean ,Upper middle income
SR,2018,71.468,6665.74180472239,6.60567093,6.58676841600467,74.745979309082,29.6641934243254,2.381,Latin America & Caribbean ,Upper middle income
SR,2019,71.773,6629.66775248603,8.38353634,6.77123915426368,74.4114544472174,29.9904120028237,2.347,Latin America & Caribbean ,Upper middle income
SR,2020,72.321,4755.39221710693,6.03425598,6.98356160580353,73.11669921875,27.3059698425997,2.314,Latin America & Caribbean ,Upper middle income
ST,2003,62.158,663.696211810494,11.46527386,4.09845657742468,36.1393585205078,24.9318158878168,5.013,Sub-Saharan Africa ,Lower middle income
ST,2004,62.56,726.560882130444,10.7211771,4.06074633017342,39.6760902404785,24.9540591758053,4.962,Sub-Saharan Africa ,Lower middle income
ST,2005,62.434,844.169181884274,10.35199738,4.01789166633156,43.0029182434082,24.958789411354,4.939,Sub-Saharan Africa ,Lower middle income
ST,2007,63.336,878.885791918745,7.00608587,3.90720066941859,46.4745101928711,23.8946748557463,4.957,Sub-Saharan Africa ,Lower middle income
ST,2008,63.448,1081.8684584729,5.97009039,3.83732371269269,43.6149482727051,23.0029892533768,4.906,Sub-Saharan Africa ,Lower middle income
ST,2009,63.669,1128.28046213305,5.75177002,3.76377186841979,49.2131805419922,22.256053053712,4.838,Sub-Saharan Africa ,Lower middle income
ST,2010,63.867,1045.20958234528,5.80827904,3.69357872850684,50.2788581848145,21.9422424710632,4.769,Sub-Saharan Africa ,Lower middle income
ST,2011,64.122,1219.80189089671,5.65160036,3.62672670812472,48.8370208740234,23.0857963329852,4.718,Sub-Saharan Africa ,Lower middle income
ST,2012,64.505,1192.0202911189,7.07299662,3.57925242426322,56.3386497497559,20.531439331057,4.664,Sub-Saharan Africa ,Lower middle income
ST,2013,64.93,1382.5757842916,8.94060898,3.55867924772518,63.3046607971191,21.9674166708436,4.584,Sub-Saharan Africa ,Lower middle income
ST,2014,65.478,1489.67633417608,7.91452122,3.5554742411075,74.2815475463867,19.6630632891255,4.485,Sub-Saharan Africa ,Lower middle income
ST,2015,66.023,1298.10946596396,6.53226852,3.57155338981782,82.4009170532227,26.1500664634377,4.354,Sub-Saharan Africa ,Lower middle income
ST,2016,66.563,1434.87018050521,7.60211611,3.61066039565317,83.8791198730469,25.7342366868061,4.203,Sub-Saharan Africa ,Lower middle income
ST,2017,67.074,1555.79477812888,7.46631384,3.67057140993523,90.4435729980469,21.3075202387728,4.069,Sub-Saharan Africa ,Lower middle income
SV,2000,67.711,1982.87093542615,7.84342813,4.66835628160877,54.8399314880371,32.8863851082494,3.076,Latin America & Caribbean ,Upper middle income
SV,2001,67.965,2058.04459070452,7.88604879,4.93639474133973,57.1768608093262,32.370418643123,2.93,Latin America & Caribbean ,Upper middle income
SV,2002,68.526,2115.41187355626,7.88565731,5.21416847089527,60.6978416442871,31.3515689349669,2.775,Latin America & Caribbean ,Upper middle income
SV,2003,68.792,2207.83089518069,7.77182293,5.50501921407142,64.1438369750977,30.0717063191467,2.636,Latin America & Caribbean ,Upper middle income
SV,2004,69.295,2285.68907438892,8.1302166,5.81040992920345,67.8388290405273,28.772701131028,2.516,Latin America & Caribbean ,Upper middle income
SV,2005,69.336,2447.39140845394,9.20057869,6.1311922125724,67.6287612915039,27.6964237059766,2.44,Latin America & Caribbean ,Upper middle income
SV,2006,69.612,2665.61807194853,8.69338894,6.46564215716941,67.4043807983398,26.7283220814392,2.395,Latin America & Caribbean ,Upper middle income
SV,2007,69.82,2830.65693770733,8.47836304,6.63861315750568,67.3213119506836,25.6985915806074,2.354,Latin America & Caribbean ,Upper middle income
SV,2008,70.138,2983.24829577976,8.49585915,6.65049396724809,66.1245803833008,24.7662234674635,2.291,Latin America & Caribbean ,Upper middle income
SV,2009,70.359,2910.18651752011,8.83749676,6.67535343524993,66.7064819335938,24.09020900599,2.261,Latin America & Caribbean ,Upper middle income
SV,2010,70.909,3040.07300952878,8.90416241,6.71912056351671,68.1448218125398,23.8295394601694,2.239,Latin America & Caribbean ,Upper middle income
SV,2011,71.192,3330.60049486653,8.87645435,6.78140209555564,69.7446217742312,27.5567469396669,2.224,Latin America & Caribbean ,Upper middle income
SV,2012,71.42,3497.91256915509,8.60625362,6.85510653870845,70.8309781500769,24.2617826031933,2.187,Latin America & Caribbean ,Upper middle income
SV,2013,71.225,3582.26694005169,9.05235958,6.93865729334162,72.2452860122263,25.8009636408055,2.154,Latin America & Caribbean ,Upper middle income
SV,2014,71.144,3666.01248913873,8.5989418,7.03019087434518,71.3858349113676,23.5624481373706,2.126,Latin America & Caribbean ,Upper middle income
SV,2015,70.952,3790.34089108162,8.75833225,7.13082257779818,70.725825383614,23.9410831694199,2.067,Latin America & Caribbean ,Upper middle income
SV,2016,70.908,3901.34014965811,8.71456337,7.2450899275166,68.2966095615156,22.7554051143461,1.965,Latin America & Caribbean ,Upper middle income
SV,2017,71.007,4020.12671373919,8.42286873,7.37013810257883,66.1074423967185,22.1065954946575,1.896,Latin America & Caribbean ,Upper middle income
SV,2018,71.384,4183.54620971358,8.322752,7.49958097577779,66.9325713689265,21.0853412269847,1.849,Latin America & Caribbean ,Upper middle income
SV,2019,71.725,4320.11671534627,8.80846119,7.62636268560709,64.8486537180759,18.2675885826061,1.838,Latin America & Caribbean ,Upper middle income
SV,2020,70.244,3997.19279583709,8.95105076,7.70973010856142,65.1837191291627,20.0287144500145,1.819,Latin America & Caribbean ,Upper middle income
SY,2000,70.856,1138.1884854278,4.57202911,3.31790609481203,43.7118301391602,22.9716712446942,4.068,Middle East & North Africa,Low income
SY,2001,71.296,1186.82913474027,4.71458244,3.33852109841823,44.8389511108398,23.0397743914208,3.976,Middle East & North Africa,Low income
SY,2002,71.742,1183.2473451033,4.96416759,3.36375285756399,46.175178527832,23.2266149127917,3.865,Middle East & North Africa,Low income
SY,2003,72.188,1220.179077256,5.13501024,3.39354336228612,60.3702812194824,23.505989430593,3.763,Middle East & North Africa,Low income
SY,2004,72.494,1368.1148230028,4.49753141,3.41738718885817,63.2146301269531,23.8516945666111,3.679,Middle East & North Africa,Low income
SY,2005,72.797,1533.90166536568,4.12713289,3.43119686196904,66.2456588745117,24.2375269426323,3.605,Middle East & North Africa,Low income
SY,2006,73.04,1718.78347217338,3.79620314,3.41533702474497,67.4928436279297,25.0004851753207,3.562,Middle East & North Africa,Low income
SY,2007,73.256,1937.61138578027,3.73920178,3.37091921804435,68.0717620849609,26.245550864447,3.538,Middle East & North Africa,Low income
SY,2008,73.368,2429.12477087189,3.41378117,3.37052824099057,68.490966796875,27.5984951064572,3.481,Middle East & North Africa,Low income
SY,2009,73.496,2462.20193643202,3.57431221,3.40501450848353,69.7070083618164,28.6850889977974,3.415,Middle East & North Africa,Low income
SY,2010,73.542,2730.61477118949,3.35286307,3.43197699731664,70.8321380615234,29.1311036349137,3.355,Middle East & North Africa,Low income
SY,2011,72.259,2952.14349372257,2.6616261,3.47450211988776,72.3000030517578,25.6858667253095,3.285,Middle East & North Africa,Low income
SY,2012,66.206,1897.66115018696,3.22060776,3.56391240901569,73.1369705200195,24.5499952322116,3.221,Middle East & North Africa,Low income
SY,2013,65.146,985.892669227054,3.77518535,3.75405730879808,47.5814208984375,26.3151629967473,3.165,Middle East & North Africa,Low income
SY,2020,71.944,572.355289831901,3.67009115,4.54759604167885,39.0727806091309,24.7058382627422,2.837,Middle East & North Africa,Low income
SZ,2000,47.627,1629.67038842815,4.60951757,2.38670806552825,43.3038711547852,23.5235005768566,4.03,Sub-Saharan Africa ,Lower middle income
SZ,2001,46.344,1429.85630359447,5.13895369,2.40917660143597,43.7772598266602,23.1092438852392,3.944,Sub-Saharan Africa ,Lower middle income
SZ,2002,45.38,1315.73634647994,5.52298307,2.4435988206994,44.738208770752,22.4544209466771,3.854,Sub-Saharan Africa ,Lower middle income
SZ,2003,44.632,2015.21743065251,6.37864399,2.49259398143808,44.4690589904785,21.7499989661246,3.796,Sub-Saharan Africa ,Lower middle income
SZ,2004,43.906,2525.5640452625,6.81432486,2.55428252210647,48.3460006713867,21.1869451485361,3.76,Sub-Saharan Africa ,Lower middle income
SZ,2005,43.958,2871.06877437449,7.37623358,2.62557326244194,50.5027885437012,20.9562266988659,3.704,Sub-Saharan Africa ,Lower middle income
SZ,2006,44.563,2964.95865200682,7.82560062,2.69877613801091,54.4987907409668,21.0436515370767,3.632,Sub-Saharan Africa ,Lower middle income
SZ,2007,45.16,3109.11097608864,7.93004131,2.76004969263,58.3698616027832,21.2534157795857,3.58,Sub-Saharan Africa ,Lower middle income
SZ,2009,46.913,3189.79679956637,8.63292217,2.87290408074534,59.5709686279297,21.714160476043,3.504,Sub-Saharan Africa ,Lower middle income
SZ,2010,48.331,3922.74039390733,8.5912571,2.95461701074979,64.5977020263672,21.8022399292635,3.375,Sub-Saharan Africa ,Lower middle income
SZ,2011,49.057,4225.06049411911,8.46997261,3.05067794085613,67.2353363037109,20.6614067086956,3.317,Sub-Saharan Africa ,Lower middle income
SZ,2012,50.714,4224.54789174487,7.82047606,3.1441540720915,69.2019271850586,21.1394588219266,3.266,Sub-Saharan Africa ,Lower middle income
SZ,2013,52.11,3949.94310039907,7.45703411,3.22870113894813,70.8080825805664,20.9735888523904,3.237,Sub-Saharan Africa ,Lower middle income
SZ,2014,53.491,3771.07228381938,7.25596571,3.31484054813038,73.7052383422852,20.7815505074161,3.181,Sub-Saharan Africa ,Lower middle income
SZ,2015,54.941,3419.82276559528,7.05855274,3.39635767022149,76.2872772216797,21.048617578007,3.122,Sub-Saharan Africa ,Lower middle income
SZ,2016,56.228,3238.17611961364,6.82044792,3.47505344680222,82.023935767308,18.9203780644377,3.068,Sub-Saharan Africa ,Lower middle income
TD,2000,47.937,163.121663683369,4.20697546,2.82652574402089,10.964280128479,56.9478334024862,7.249,Sub-Saharan Africa ,Low income
TD,2001,48.306,194.32295331156,4.08039331,2.76469867984594,12.6534004211426,56.7977695021505,7.231,Sub-Saharan Africa ,Low income
TD,2002,48.36,219.061391951349,5.60251188,2.7048957116691,13.4368200302124,56.4118948084852,7.201,Sub-Saharan Africa ,Low income
TD,2003,48.609,289.087621122168,4.24698305,2.64494537372232,14.8295497894287,55.8923266132371,7.179,Sub-Saharan Africa ,Low income
TD,2004,48.687,445.850767157087,4.23982859,2.58253095049252,15.217809677124,55.341182208153,7.16,Sub-Saharan Africa ,Low income
TD,2005,48.86,838.092107712557,3.73196912,2.51816611036027,15.5320997238159,54.8605788849799,7.134,Sub-Saharan Africa ,Low income
TD,2006,48.747,906.897260572747,3.73417258,2.4541854497823,15.8697900772095,54.3668277070918,7.118,Sub-Saharan Africa ,Low income
TD,2007,49.21,980.483531485103,3.47199655,2.39307096621486,18.2909908294678,53.7838487498235,7.092,Sub-Saharan Africa ,Low income
TD,2008,49.503,1166.36883453841,3.16359782,2.33604127743138,20.7904891967773,53.225172822863,7.063,Sub-Saharan Africa ,Low income
TD,2009,49.828,1035.63719694254,3.36260128,2.28304294350812,22.7542705535889,52.804330735898,7.021,Sub-Saharan Africa ,Low income
TD,2010,50.107,1141.80069268412,3.08810997,2.23336304550429,22.369271805704,52.6348532986167,6.99,Sub-Saharan Africa ,Low income
TD,2011,50.426,1308.1421872538,2.85585785,2.18697817020263,22.8224817551818,54.1504227714591,6.948,Sub-Saharan Africa ,Low income
TD,2012,50.765,1354.34344701937,2.67306423,2.1424233051886,22.1087903431339,57.1204741865987,6.905,Sub-Saharan Africa ,Low income
TD,2013,51.051,1304.88742971475,2.95766044,2.10090446118584,24.5326035474767,50.2256607102092,6.839,Sub-Saharan Africa ,Low income
TD,2014,51.141,1278.78981422494,3.29708338,2.07314232963979,22.8485794067383,46.8052788415437,6.781,Sub-Saharan Africa ,Low income
TD,2015,51.32,993.990730610869,3.40253925,2.05939244331895,22.2454248795188,64.3827504839855,6.706,Sub-Saharan Africa ,Low income
TD,2016,51.603,861.831767630746,3.70842481,2.05159826671532,22.530490847167,58.3859502502274,6.623,Sub-Saharan Africa ,Low income
TD,2017,51.875,854.46120040098,3.51023412,2.04749365973065,20.5855678473561,56.2506214671266,6.537,Sub-Saharan Africa ,Low income
TD,2018,52.447,948.656629871231,3.2893219,2.04665537566992,20.0021180694774,54.3808173498018,6.464,Sub-Saharan Africa ,Low income
TD,2019,52.993,893.336441643325,3.38471627,2.04845628973613,20.192877474143,51.8673577081314,6.412,Sub-Saharan Africa ,Low income
TG,2000,54.587,409.889802792768,3.33427,2.7902428319332,31.6074600219727,63.6974345253496,5.1652,Sub-Saharan Africa ,Low income
TG,2001,54.757,396.692654520135,3.4422195,2.77685033980864,34.4402694702148,61.8375994241789,5.12801,Sub-Saharan Africa ,Low income
TG,2002,55.044,445.238691488925,3.44502354,2.76614510609893,38.4870300292969,57.4025754585,5.09187,Sub-Saharan Africa ,Low income
TG,2003,55.312,538.16537776929,3.44513917,2.75774330614905,40.5968894958496,52.1090846350623,5.047961,Sub-Saharan Africa ,Low income
TG,2004,55.608,560.266308533382,3.48131895,2.75086948003935,41.9863700866699,47.6738489606156,4.994707,Sub-Saharan Africa ,Low income
TG,2005,55.931,551.259850017077,3.98242044,2.7450407048794,44.2280082702637,45.8135904419093,5.037823,Sub-Saharan Africa ,Low income
TG,2006,56.154,552.50227125256,4.30967808,2.73932924432615,46.0299682617188,45.8783643857125,5.076201,Sub-Saharan Africa ,Low income
TG,2007,56.395,607.587886721352,3.67734432,2.73440681384228,42.7597885131836,46.061091906575,5.102,Sub-Saharan Africa ,Low income
TG,2011,57.624,783.988944671672,4.38927078,2.75108386151672,52.7706298828125,48.2695276844169,4.984234,Sub-Saharan Africa ,Low income
TG,2017,60.145,792.765700965864,6.50210476,2.91843029402681,60.769472220228,58.2450494555721,4.576231,Sub-Saharan Africa ,Low income
TH,2001,71.52,1889.93432467144,3.02623773,6.39012184879669,64.0281982421875,40.3506543167023,1.711,East Asia & Pacific,Upper middle income
TH,2002,71.775,2089.75183111554,3.334723,6.65722534654617,65.5458221435547,40.4326952705377,1.688,East Asia & Pacific,Upper middle income
TH,2004,72.1,2641.56268717857,3.13893151,7.20251957895221,67.444221496582,40.5277251520537,1.665,East Asia & Pacific,Upper middle income
TH,2005,72.894,2867.70383436062,3.15972233,7.47503391888863,71.8262786865234,40.3222667651549,1.644,East Asia & Pacific,Upper middle income
TH,2006,73.341,3331.32043511773,3.09970832,7.71964031137209,71.6298599243164,39.7521062500821,1.631,East Asia & Pacific,Upper middle income
TH,2007,73.779,3918.52817434581,3.19277525,7.93076393123348,75.7808074951172,38.7509301612035,1.616,East Asia & Pacific,Upper middle income
TH,2008,74.221,4309.13509292986,3.45933938,8.13020227845735,75.2078475952148,37.3495127087413,1.587,East Asia & Pacific,Upper middle income
TH,2009,74.669,4135.43986952819,3.61939645,8.34055185267174,76.6007080078125,35.5786281029176,1.565,East Asia & Pacific,Upper middle income
TH,2010,75.012,4973.86288823778,3.39009809,8.57760701557125,78.3943786621094,33.4690505539545,1.562,East Asia & Pacific,Upper middle income
TH,2011,75.302,5373.6232832898,3.56825495,8.8465244094501,86.9894790649414,29.0591951880929,1.571,East Asia & Pacific,Upper middle income
TH,2012,75.59,5725.52802835463,3.5229404,9.15237777330172,85.5365295410156,31.5886298984382,1.563,East Asia & Pacific,Upper middle income
TH,2013,75.96,6018.08244729255,3.45313334,9.50238115795486,83.854850769043,34.4883511418629,1.526,East Asia & Pacific,Upper middle income
TH,2014,76.279,5801.1978916205,3.68448091,9.89422316519326,123.525459289551,29.9705384622081,1.484,East Asia & Pacific,Upper middle income
TH,2015,76.563,5688.85335397884,3.8522861,10.3239727428364,124.330596923828,28.1544413826202,1.451,East Asia & Pacific,Upper middle income
TH,2016,76.769,5833.57715617098,3.93900609,10.7814783921017,122.563217163086,30.3985996204755,1.4,East Asia & Pacific,Upper middle income
TH,2017,76.989,6413.09182530343,3.85276842,11.2659962515276,79.5062371844027,27.1006744719071,1.363,East Asia & Pacific,Upper middle income
TH,2018,77.19,7099.77650081458,3.87040329,11.7833301811334,80.6045305135668,30.0080973964844,1.323,East Asia & Pacific,Upper middle income
TH,2019,77.197,7605.69657797759,3.78911877,12.3287535151114,81.7206425877734,30.382756547172,1.285,East Asia & Pacific,Upper middle income
TH,2020,77.331,6985.64393892574,4.35724688,12.8979852852991,82.3668560969625,31.0072016277159,1.259,East Asia & Pacific,Upper middle income
TJ,2000,63.542,136.925716400723,4.26492405,3.61844185805433,71.9670562744141,37.0330479373257,3.49,Europe & Central Asia,Lower middle income
TJ,2001,64.197,168.676285365186,4.57802534,3.61847757670573,73.8529586791992,36.616910775924,3.49,Europe & Central Asia,Lower middle income
TJ,2002,64.898,186.951638285222,4.43647242,3.62013139367595,75.8080596923828,35.660396847721,3.47,Europe & Central Asia,Lower middle income
TJ,2003,65.874,233.58124845289,4.70218658,3.62386096124171,78.0805816650391,34.5291662601766,3.42,Europe & Central Asia,Lower middle income
TJ,2004,66.604,305.745158587502,4.79911184,3.62582010151907,79.29443359375,33.5888791207511,3.507,Europe & Central Asia,Lower middle income
TJ,2005,66.531,333.927150941684,5.21024704,3.6146590486445,79.9551315307617,33.2051955369046,3.398,Europe & Central Asia,Lower middle income
TJ,2006,66.997,401.018403316427,5.03254795,3.58085184177861,80.7600173950195,33.4371576833326,3.341,Europe & Central Asia,Lower middle income
TJ,2007,67.405,516.997210618914,5.54050112,3.51605797641316,81.424560546875,34.1448664488734,3.367,Europe & Central Asia,Lower middle income
TJ,2008,67.924,703.327375898643,5.91206694,3.4185843977225,82.2941436767578,35.3955700122009,3.388,Europe & Central Asia,Lower middle income
TJ,2009,68.248,664.795655734657,5.85579777,3.30173439266885,83.1336364746094,37.256516551989,3.43,Europe & Central Asia,Lower middle income
TJ,2010,68.37,737.338883219356,5.73543453,3.18537669296584,83.9114990234375,39.7949542469115,3.457,Europe & Central Asia,Lower middle income
TJ,2011,68.698,833.601978202852,5.85971785,3.08658940235486,85.0206298828125,53.195882702872,3.456,Europe & Central Asia,Lower middle income
TJ,2012,69.13,952.452819695469,5.98185873,3.01205352976086,86.3469314575195,51.3794263594159,3.421,Europe & Central Asia,Lower middle income
TJ,2013,69.579,1028.19704279396,6.53226423,2.96639530343208,86.9873504638672,51.0460904062202,3.433,Europe & Central Asia,Lower middle income
TJ,2020,68.605,834.311715460625,8.8903532,3.26006644264741,90.9012072790342,37.0534062306267,3.211,Europe & Central Asia,Lower middle income
TL,2003,60.13,534.901171348385,2.84187031,2.53785265752513,46.5835189819336,20.882655018788,5.846,East Asia & Pacific,Lower middle income
TL,2004,60.743,474.420726695663,4.26103544,2.60452881040692,57.962100982666,20.7887359374482,5.741,East Asia & Pacific,Lower middle income
TL,2005,61.272,487.464506929223,5.28044748,2.75526844846704,59.4707984924316,20.6510951430728,5.611,East Asia & Pacific,Lower middle income
TL,2008,62.858,628.153191495026,6.96563959,3.62663988194836,57.0646095275879,19.2839811875033,5.171,East Asia & Pacific,Lower middle income
TL,2009,63.265,686.579329690731,7.30931807,4.03010251402083,67.0938568115234,18.5228660242599,4.994,East Asia & Pacific,Lower middle income
TL,2010,63.66,813.060220670369,6.47058821,4.42674541189356,68.3026309590313,17.660538991967,4.816,East Asia & Pacific,Lower middle income
TL,2011,64.022,939.045238884406,6.86541462,4.69862615772277,70.1640602638495,16.2584979451999,4.614,East Asia & Pacific,Lower middle income
TL,2012,64.384,1022.61906675901,6.99215221,4.87044942879675,70.0278421982138,17.654383714214,4.404,East Asia & Pacific,Lower middle income
TL,2013,64.719,1204.56843320518,8.5323782,5.0146069500602,67.8276665960217,17.5005688240194,4.208,East Asia & Pacific,Lower middle income
TL,2014,65.027,1224.74956308733,7.59958553,5.13882901607449,69.3739464182596,16.8069047821014,3.999,East Asia & Pacific,Lower middle income
TL,2015,65.326,1319.59295003154,7.69146681,5.26079519123017,72.9840325557506,15.7619976595415,3.779,East Asia & Pacific,Lower middle income
TL,2016,65.61,1335.54391073349,6.94250727,5.38991941376434,77.3856943732818,16.2081039517126,3.582,East Asia & Pacific,Lower middle income
TL,2017,65.898,1266.17771143471,6.80442286,5.49459416490973,81.1665700933061,14.9818030205102,3.399,East Asia & Pacific,Lower middle income
TL,2018,66.204,1219.46599728983,6.40227413,5.54947298463352,83.0952419040915,16.8164967206441,3.244,East Asia & Pacific,Lower middle income
TL,2019,66.496,1562.36458068032,4.99218798,5.56015264294518,85.1248242560832,17.627881197133,3.116,East Asia & Pacific,Lower middle income
TL,2020,66.919,1630.86938521256,7.26445007,5.53563638269497,84.7410404382553,17.4104661970888,3.011,East Asia & Pacific,Lower middle income
TM,2019,69.405,5998.0017434754,5.5522337,3.72875616489817,84.1078318050495,20.2530348899106,2.834,Europe & Central Asia,Upper middle income
TM,2020,68.846,5972.72356566861,5.57226086,3.79772434528667,86.8120225282998,19.5997611438189,2.793,Europe & Central Asia,Upper middle income
TN,2000,72.604,2199.04465936314,4.81271935,5.48804956264176,72.4827117919922,27.4662896589768,2.025,Middle East & North Africa,Lower middle income
TN,2001,72.822,2235.71981624751,4.86132765,5.64496661618376,74.8093338012695,27.1742936282429,1.975,Middle East & North Africa,Lower middle income
TN,2002,73.07,2320.7723805785,5.12036419,5.78469240708697,76.4910736083984,26.477495003696,1.941,Middle East & North Africa,Lower middle income
TN,2003,73.304,2725.8643148859,5.20888519,5.91562022917438,76.0593566894531,25.6457176022554,1.956,Middle East & North Africa,Lower middle income
TN,2004,73.519,3067.41936376975,5.19890785,6.03902868761793,80.0033264160156,24.9487852408403,1.95,Middle East & North Africa,Lower middle income
TN,2005,73.712,3146.8260743927,5.14555788,6.15005793248434,83.4392318725586,24.6565217363698,1.953,Middle East & North Africa,Lower middle income
TN,2006,73.888,3322.56933570096,5.13109922,6.24231013462641,85.9542694091797,24.9161206082962,1.952,Middle East & North Africa,Lower middle income
TN,2007,74.039,3726.91672935667,5.17542839,6.31748031511145,89.6093063354492,25.5351464343827,1.957,Middle East & North Africa,Lower middle income
TN,2008,74.192,4255.05008019523,5.1644063,6.38218054594511,91.0540390014648,26.2739796190147,1.975,Middle East & North Africa,Lower middle income
TN,2009,74.32,4080.09032448781,5.40595293,6.44150859656338,88.8368377685547,26.8930005665779,2.004,Middle East & North Africa,Lower middle income
TN,2010,74.438,4291.86120891575,5.60950756,6.50045327968285,88.1112289428711,27.1525896814577,2.075,Middle East & North Africa,Lower middle income
TN,2011,74.471,4420.64772206537,6.12299299,6.56141071742785,89.3414688110352,23.7968442569893,2.189,Middle East & North Africa,Lower middle income
TN,2013,74.674,4369.79345826358,6.51394987,6.70197324644508,87.2357025146484,22.1415749104783,2.31,Middle East & North Africa,Lower middle income
TN,2014,74.784,4458.97895464547,6.45006084,6.80776914692972,84.9663467407227,25.1638447684439,2.316,Middle East & North Africa,Lower middle income
TN,2015,74.875,4014.94773686432,6.21339941,6.96910280274163,85.7816009521484,23.6344412527314,2.306,Middle East & North Africa,Lower middle income
TN,2016,75.007,3847.80354448809,6.24778175,7.16166955374354,90.3264236450195,24.8089216632322,2.275,Middle East & North Africa,Lower middle income
TO,2000,69.635,1995.07667546271,2.90389204,5.40137810133671,100.165519714355,12.9276032773406,4.159,East Asia & Pacific,Upper middle income
TO,2001,69.8,1753.51667576626,3.42501593,5.44881569584223,97.5217514038086,12.9054119767903,4.127,East Asia & Pacific,Upper middle income
TO,2002,70.03,1759.4805324576,3.58957744,5.4961082470505,101.04744720459,12.8214218478176,4.138,East Asia & Pacific,Upper middle income
TO,2003,70.228,1936.04104012389,3.43583083,5.54880150099556,109.53938293457,12.7078429737717,4.175,East Asia & Pacific,Upper middle income
TO,2004,70.433,2195.44890047673,4.50741625,5.61191955915524,97.9341201782227,12.5968854380018,4.186,East Asia & Pacific,Upper middle income
TO,2006,70.71,2750.34778600857,5.47225046,5.69960377589339,97.8654708862305,12.4804500046147,4.141,East Asia & Pacific,Upper middle income
TO,2007,70.887,2797.06560109144,4.73330021,5.72634597005416,102.244041442871,12.4498683029438,4.086,East Asia & Pacific,Upper middle income
TO,2008,71.041,3218.45303993196,6.05759716,5.74238460100916,103.846702575684,12.4206124762814,4.012,East Asia & Pacific,Upper middle income
TO,2009,70.949,2914.23774004564,3.97380877,5.73913854620928,104.440650939941,12.3842807820647,3.946,East Asia & Pacific,Upper middle income
TO,2010,71.319,3416.08356601207,4.81632328,5.76957993286747,105.640548706055,12.3324714777308,3.879,East Asia & Pacific,Upper middle income
TO,2011,71.437,3849.99375750134,4.73990822,5.85481944231404,107.053398132324,12.1304389189741,3.829,East Asia & Pacific,Upper middle income
TO,2012,71.546,4384.17058724217,8.13786125,5.93572462183427,94.5147705078125,12.3765932473645,3.768,East Asia & Pacific,Upper middle income
TO,2013,71.65,4219.24670113014,4.16768837,5.98538441782821,95.4586410522461,12.1802014822162,3.696,East Asia & Pacific,Upper middle income
TO,2014,71.721,4136.59013792529,5.19583178,5.99714845838531,96.7714748784441,12.0913822122592,3.619,East Asia & Pacific,Upper middle income
TO,2015,71.851,4123.90323993332,4.78137636,6.0082944530845,103.261224756552,11.7395693014278,3.54,East Asia & Pacific,Upper middle income
TO,2019,72.292,4788.83342304684,5.74527884,6.23547949029758,96.0933090863485,12.7574461149445,3.274,East Asia & Pacific,Upper middle income
TO,2020,72.379,4792.35854741522,5.55919838,6.3351733859333,90.4639980016237,12.4784129504796,3.234,East Asia & Pacific,Upper middle income
TR,2000,71.931,4199.3798635759,4.59957218,5.81220499143906,74.5879898071289,22.4972966388602,2.487,Europe & Central Asia,Upper middle income
TR,2001,72.271,3052.2256706793,4.88784933,5.97272602447081,85.3136215209961,22.393302857514,2.392,Europe & Central Asia,Upper middle income
TR,2002,72.605,3591.08628982587,5.06227875,6.13523624000076,90.1109924316406,22.1453932674278,2.268,Europe & Central Asia,Upper middle income
TR,2003,72.906,4649.63668068586,5.01427698,6.29927252555163,91.8227310180664,21.8495187095391,2.202,Europe & Central Asia,Upper middle income
TR,2004,73.223,5979.6054216148,4.9096446,6.4644909232724,88.3136901855469,21.6016300247851,2.197,Europe & Central Asia,Upper middle income
TR,2005,73.51,7331.85429430255,4.89389706,6.62991980916537,84.943717956543,21.4976780541033,2.197,Europe & Central Asia,Upper middle income
TR,2006,73.804,7990.08251407245,5.14591694,6.7938571710603,88.5527877807617,21.8239657844295,2.193,Europe & Central Asia,Upper middle income
TR,2007,74.129,9766.91734545294,5.23760796,6.95365830609516,90.7344512939453,22.6020633334284,2.16,Europe & Central Asia,Upper middle income
TR,2008,74.38,10913.4079047769,5.21761751,7.06032056233042,89.0569686889648,23.5308222381306,2.15,Europe & Central Asia,Upper middle income
TR,2009,74.679,9076.92472236977,5.49438715,7.1215356720268,80.1907424926758,24.3090940355664,2.1,Europe & Central Asia,Upper middle income
TR,2010,74.964,10698.9699409757,5.02053452,7.19502518236352,84.2024002075195,24.6357302627663,2.08,Europe & Central Asia,Upper middle income
TR,2011,74.823,11373.6355760885,4.6530509,7.2676052641128,87.80322265625,23.7473685846179,2.05,Europe & Central Asia,Upper middle income
TR,2012,75.552,11776.7593362033,4.44444656,7.3408379701805,85.0204315185547,23.2440162263121,2.11,Europe & Central Asia,Upper middle income
TR,2013,76.171,12635.5570016068,4.37099934,7.43312133781708,102.209701538086,23.5023978223691,2.11,Europe & Central Asia,Upper middle income
TR,2014,76.452,12209.3862327674,4.32517862,7.52518633862966,105.97550201416,23.4874858374985,2.19,Europe & Central Asia,Upper middle income
TR,2015,76.539,11064.6494504662,4.11690426,7.61843212730696,107.243186950684,24.5603763797256,2.16,Europe & Central Asia,Upper middle income
TR,2016,76.595,10984.3643169061,4.28469229,7.75965087531105,108.547561645508,23.83379270795,2.11,Europe & Central Asia,Upper middle income
TR,2017,77.037,10756.3877677883,4.17974997,7.94642994912766,112.977333068848,22.1031402126985,2.08,Europe & Central Asia,Upper middle income
TR,2018,77.454,9684.11819884721,4.12101603,8.17189463389264,112.115409851074,22.8252290987339,2.0,Europe & Central Asia,Upper middle income
TR,2019,77.737,9395.23378001368,4.35954332,8.52263227141434,111.910400390625,23.6946115800374,1.89,Europe & Central Asia,Upper middle income
TR,2020,76.525,8798.11791709313,4.61640215,8.96386441657962,112.527458190918,21.6120469179783,1.77,Europe & Central Asia,Upper middle income
TT,2004,69.879,9871.03419820086,4.30805206,5.19217618814015,84.2731094360352,22.0728570584119,1.627,Latin America & Caribbean ,High income
TV,2001,63.709,1456.78409421177,17.96548271,5.81546967089136,72.7853164672852,6.18582607254949,3.749,East Asia & Pacific,Upper middle income
TV,2014,65.278,3528.85858102782,14.52762222,5.41241806263656,79.6419067382812,5.51778327103482,3.33,East Asia & Pacific,Upper middle income
TV,2015,65.365,3357.83417700071,13.44188595,5.41822493842926,87.6274566650391,5.47628221924294,3.308,East Asia & Pacific,Upper middle income
TV,2016,65.51,3808.69755015909,18.32539177,5.4028089116611,77.9319915771484,5.88435418632793,3.297,East Asia & Pacific,Upper middle income
TV,2018,65.871,4466.12034928245,18.42199898,5.49276777824287,78.7418670654297,6.14959791479092,3.328,East Asia & Pacific,Upper middle income
TV,2019,66.109,5115.13075950206,22.22294044,5.61856157263019,80.2197799682617,6.00962588602958,3.331,East Asia & Pacific,Upper middle income
TV,2020,66.357,4976.11254109571,17.88715363,5.72623683830953,77.0771513353116,5.91780105591262,3.309,East Asia & Pacific,Upper middle income
TZ,2010,61.127,736.530151367188,5.22392178,2.80859133142066,31.8920497894287,23.1053112582158,5.225,Sub-Saharan Africa ,Lower middle income
TZ,2013,62.788,963.05712890625,4.64643383,2.91360653780026,32.3857446198788,24.5340682116755,5.156,Sub-Saharan Africa ,Lower middle income
TZ,2014,63.364,1022.74841308594,4.01492071,2.93573510697886,29.6310806274414,24.2244900980476,5.122,Sub-Saharan Africa ,Lower middle income
TZ,2015,63.928,939.127319335938,3.64969945,2.94766271335005,26.090669631958,25.1682619442571,5.025,Sub-Saharan Africa ,Lower middle income
TZ,2016,64.404,953.0107421875,3.96350336,2.95556650523252,25.6429992626308,25.3938175391915,5.006,Sub-Saharan Africa ,Lower middle income
TZ,2017,64.963,986.674011230469,4.02325726,2.96645421288993,26.3711632016128,21.0006603142176,4.988,Sub-Saharan Africa ,Lower middle income
TZ,2018,65.488,1023.10626220703,4.32775831,2.982650016663,28.5933897410534,21.2944892567993,4.932,Sub-Saharan Africa ,Lower middle income
TZ,2019,66.007,1063.32250976563,4.02347755,3.00234097600619,30.1824263288684,20.7785687915826,4.866,Sub-Saharan Africa ,Lower middle income
TZ,2020,66.771,1117.41528320313,3.05028677,3.01899055886357,30.9205938581875,25.081431153535,4.801,Sub-Saharan Africa ,Lower middle income
UA,2000,67.786,653.294311523438,5.30685186,13.4141415099403,97.8325805664062,27.5510971970295,1.108,Europe & Central Asia,Upper middle income
UA,2001,67.675,800.49072265625,5.72534418,13.6543827368462,99.4165725708008,26.5659090480042,1.092,Europe & Central Asia,Upper middle income
UA,2002,67.699,903.011901855469,5.99220037,14.1051335632325,100.038528442383,25.3241057950972,1.127,Europe & Central Asia,Upper middle income
UA,2003,67.638,1076.48156738281,6.54574108,14.6295552184723,101.250122070312,24.0171509271002,1.173,Europe & Central Asia,Upper middle income
UA,2004,67.472,1401.01806640625,6.16856956,15.0687408591833,98.8390197753906,22.8365079328052,1.215,Europe & Central Asia,Upper middle income
UA,2005,67.517,1875.33508300781,6.3461585,15.3340711202366,95.1181106567383,21.9736403010041,1.221,Europe & Central Asia,Upper middle income
UA,2006,67.49,2366.494140625,6.4171896,15.5010614770676,97.1627883911133,21.3769053568138,1.297,Europe & Central Asia,Upper middle income
UA,2007,67.715,3160.32763671875,6.01776791,15.6270033073682,97.6914291381836,20.8611112156249,1.343,Europe & Central Asia,Upper middle income
UA,2008,68.262,4017.806640625,5.49754429,15.441401782054,97.740348815918,20.4173975516395,1.444,Europe & Central Asia,Upper middle income
UA,2009,69.159,2607.08764648438,6.60991716,15.1601627505958,97.3778762817383,20.0369040390596,1.47,Europe & Central Asia,Upper middle income
UA,2010,70.188,3039.63232421875,6.81387615,14.8995148689343,98.1416817681323,19.7107703520874,1.436,Europe & Central Asia,Upper middle income
UA,2011,70.711,3656.69799804688,6.81669855,14.6211182083834,96.1171826388401,19.4406675178444,1.464,Europe & Central Asia,Upper middle income
UA,2012,71.09,3951.34228515625,7.11789227,14.6092367860364,99.4775493061556,18.6766503847272,1.528,Europe & Central Asia,Upper middle income
UA,2013,71.474,4129.89697265625,6.94358015,14.6216406939142,99.4303801060075,18.8833614430176,1.515,Europe & Central Asia,Upper middle income
UA,2014,71.803,3054.908203125,7.19506168,14.7632446398985,98.2963249258606,18.4263235330655,1.466,Europe & Central Asia,Upper middle income
UA,2015,72.686,2094.47387695313,7.78352833,15.1544965833274,90.502896110392,17.7919818389331,1.387,Europe & Central Asia,Upper middle income
UA,2016,73.389,2158.46118164063,7.55205393,15.5292217574425,88.5457508688536,16.2426825956045,1.391,Europe & Central Asia,Upper middle income
UA,2017,73.993,2604.28759765625,7.44610357,15.9568665329263,86.788702271804,15.6585428515819,1.3,Europe & Central Asia,Upper middle income
UA,2018,73.569,3059.0517578125,7.52051353,16.3479433378029,85.8331876808318,17.1041368062157,1.233,Europe & Central Asia,Upper middle income
UA,2019,73.92,3619.86157226563,7.09389353,16.7162998851047,84.4568283620119,15.5795007311465,1.218,Europe & Central Asia,Upper middle income
UA,2020,73.283,3709.76928710938,7.56217051,17.0963250246931,84.4283338575221,14.90010098879,1.208,Europe & Central Asia,Upper middle income
UG,2004,53.699,292.38185796262,4.70022202,2.31906738161223,19.1225490570068,31.0392880072388,6.612,Sub-Saharan Africa ,Low income
UG,2007,57.248,401.389130865581,6.11309004,2.12067032176935,24.0911102294922,31.0457522951455,6.326,Sub-Saharan Africa ,Low income
US,2005,77.4878048780488,44123.4070679055,14.57946205,12.1307281353119,95.0524826049805,11.7498844838268,2.057,North America,High income
US,2013,78.7414634146342,53179.0127634561,15.95227051,13.7011927174869,96.1864929199219,8.74620817680451,1.8575,North America,High income
US,2014,78.8414634146341,54973.4207515712,16.1415844,14.0089266008532,96.9245376586914,8.5101265108009,1.8625,North America,High income
US,2015,78.690243902439,56572.9188996063,16.40155411,14.3102247136795,97.6525497436523,8.19074183499752,1.8435,North America,High income
US,2016,78.5390243902439,57638.1018367192,16.69203949,14.6147285118987,98.7699279785156,7.40835009300858,1.8205,North America,High income
US,2017,78.5390243902439,59635.0984397965,16.63827515,14.9391233929999,98.9523391723633,7.79040584360488,1.7655,North America,High income
US,2018,78.6390243902439,62499.8744390068,16.51312637,15.2914866245804,99.2755813598633,7.8220065111125,1.7295,North America,High income
US,2019,78.7878048780488,64746.4506778863,16.54486084,15.6728852475003,100.063430786133,7.17602147949022,1.706,North America,High income
US,2020,76.9804878048781,63515.9491807833,18.51597404,16.0719119439363,100.509819030762,7.81485752365112,1.6415,North America,High income
UY,2000,74.693,6987.70098766257,9.17182446,13.0628146138341,96.8511276245117,12.9448464771497,2.196,Latin America & Caribbean ,High income
UY,2001,74.987,6382.76104740859,9.75702,13.1940994758649,100.673240661621,12.7668375831259,2.161,Latin America & Caribbean ,High income
UY,2002,74.979,4149.76140312687,9.64023018,13.3263583619522,105.918418884277,12.4965101043769,2.16,Latin America & Caribbean ,High income
UY,2003,75.086,3671.12329256883,9.57667351,13.4452908186247,109.803192138672,12.1726329405196,2.116,Latin America & Caribbean ,High income
UY,2004,75.319,4168.66065438387,8.26618195,13.5532290279374,108.258857727051,11.8339749911707,2.093,Latin America & Caribbean ,High income
UY,2005,75.829,5284.25677987129,7.72390509,13.6687553697443,102.750953674316,11.5193051559469,2.097,Latin America & Caribbean ,High income
UY,2006,75.888,6001.33294783172,7.70998907,13.7869920609672,102.318283081055,11.1823625429671,2.07,Latin America & Caribbean ,High income
UY,2007,76.15,7222.05403645877,7.46167231,13.8922250184172,92.9150619506836,10.7966309010516,2.048,Latin America & Caribbean ,High income
UY,2008,76.275,9423.96562595893,8.09081745,13.9909044865093,88.0473403930664,10.4304960908687,2.03,Latin America & Caribbean ,High income
UY,2009,76.67,9881.39573127081,7.91611385,14.0896277473943,89.2928771972656,10.1523439730869,2.018,Latin America & Caribbean ,High income
UY,2010,76.691,12641.0576849008,7.87757301,14.1874838033135,98.6642990112305,10.0305604083746,2.011,Latin America & Caribbean ,High income
UY,2011,76.614,15132.2675725587,7.91521358,14.2761663562355,101.560180664062,10.0509517421341,1.987,Latin America & Caribbean ,High income
UY,2012,76.691,16259.5940814256,8.03330803,14.3644797132339,102.977226257324,9.71687395840984,2.012,Latin America & Caribbean ,High income
UY,2013,76.953,18335.2594772322,8.0844841,14.4509058429689,104.664520263672,10.8314475554018,2.034,Latin America & Caribbean ,High income
UY,2014,77.194,18322.4276767157,8.038908,14.5300028945268,106.469367980957,10.4423977068601,2.026,Latin America & Caribbean ,High income
UY,2015,77.285,17125.9016800298,8.25703716,14.6098431213382,108.043296813965,10.4692129562066,2.041,Latin America & Caribbean ,High income
UY,2016,77.351,17009.7584207276,8.63852501,14.6975112768004,112.032577514648,10.2628739093634,1.966,Latin America & Caribbean ,High income
UY,2017,77.618,19184.6502617082,8.71702194,14.8089200405792,116.472846984863,10.0613622046924,1.824,Latin America & Caribbean ,High income
UY,2018,77.527,19249.9404677501,8.9001112,14.9558820150277,117.769058227539,10.1340724978496,1.681,Latin America & Caribbean ,High income
UY,2019,77.503,18315.7316980028,9.240695,15.1266239266362,119.848533190039,10.298591147894,1.567,Latin America & Caribbean ,High income
UY,2020,78.381,15757.5355995779,9.08774948,15.3258430205874,116.991828918457,10.5717923259135,1.497,Latin America & Caribbean ,High income
UZ,2000,65.456,555.149231099186,5.13293362,4.62465397007942,85.3468933105469,30.7136220978205,2.696,Europe & Central Asia,Lower middle income
UZ,2003,66.852,394.164028897235,5.1882515,4.91084470037037,95.4466171264648,28.9396310320505,2.503,Europe & Central Asia,Lower middle income
UZ,2004,67.203,462.171492867885,4.84063768,4.97370276245853,96.2950973510742,28.5416720486497,2.496,Europe & Central Asia,Lower middle income
UZ,2005,67.481,542.835808692209,4.781991,4.99995361758991,87.8653335571289,28.4195469599384,2.438,Europe & Central Asia,Lower middle income
UZ,2006,67.905,649.118167003925,4.75141335,4.99799365471651,88.7272109985352,28.6354538088517,2.461,Europe & Central Asia,Lower middle income
UZ,2007,68.483,824.028192334768,4.54267979,4.97107993172406,89.7682189941406,29.2177411456159,2.573,Europe & Central Asia,Lower middle income
UZ,2008,69.035,1074.72928796701,4.70447445,4.92288270994912,88.2303695678711,30.2231236564234,2.635,Europe & Central Asia,Lower middle income
UZ,2009,69.517,1205.7993547038,4.79649639,4.86205314490647,89.0436019897461,31.7083160274671,2.559,Europe & Central Asia,Lower middle income
UZ,2010,69.836,1753.20730243278,5.29938841,4.79886275765416,89.9835586547852,33.7300329449397,2.442,Europe & Central Asia,Lower middle income
UZ,2011,70.143,2087.86386135694,5.26245499,4.74186666776763,89.7831726074219,44.1982936152516,2.354,Europe & Central Asia,Lower middle income
UZ,2012,70.411,2307.34649117185,5.54822111,4.69778913558698,92.0473722973161,43.9047519110738,2.337,Europe & Central Asia,Lower middle income
UZ,2013,70.692,2461.97947403595,5.71896601,4.67240937603925,92.0626676426806,42.947720361075,2.445,Europe & Central Asia,Lower middle income
UZ,2014,70.973,2674.9628382103,4.43092394,4.67172948966819,91.7418371921357,39.4888403264479,2.546,Europe & Central Asia,Lower middle income
UZ,2015,71.33,2803.19018021751,4.73596573,4.72878830124081,92.2428124917835,37.8356286365777,2.583,Europe & Central Asia,Lower middle income
UZ,2016,71.58,2753.37951427589,4.71504498,4.83118545859416,92.8148657883702,37.5481850195136,2.564,Europe & Central Asia,Lower middle income
UZ,2017,71.737,2190.60411562888,4.30888557,4.94336473656492,93.8775736591193,35.2121570323591,2.57,Europe & Central Asia,Lower middle income
UZ,2018,71.999,1813.08530813664,4.55261564,5.06720768957552,94.9465096520158,34.8354317604587,2.713,Europe & Central Asia,Lower middle income
UZ,2019,72.093,2041.38480729431,4.83520985,5.19811024525901,96.2074737548828,34.1331992575325,2.869,Europe & Central Asia,Lower middle income
UZ,2020,71.461,1978.28051860763,6.08597755,5.30865465314325,90.0642970154019,31.9604294559849,3.062,Europe & Central Asia,Lower middle income
VC,2000,70.35,3768.95536604022,3.98284125,7.02584878242107,78.9735565185547,23.3839016765713,2.306,Latin America & Caribbean ,Upper middle income
VC,2002,70.658,4303.27976789727,4.08079481,7.24239389835593,85.5541229248047,22.657636174191,2.218,Latin America & Caribbean ,Upper middle income
VC,2003,70.43,4499.61454193342,3.96341038,7.35804280480637,85.5010681152344,22.0531407072011,2.142,Latin America & Caribbean ,Upper middle income
VC,2004,70.445,4873.48947742443,3.8710556,7.48131112381408,94.3642807006836,21.516734252893,2.087,Latin America & Caribbean ,Upper middle income
VC,2005,70.454,5157.39373878102,3.83410811,7.61675240885909,89.9227676391602,21.2201649286779,2.068,Latin America & Caribbean ,Upper middle income
VC,2007,70.446,6398.19123532172,3.82213306,7.91032129936386,104.393867492676,21.1886530363263,2.063,Latin America & Caribbean ,Upper middle income
VC,2008,70.611,6598.90531450859,3.8878386,8.05739066996312,108.906349182129,21.2478603078695,2.15,Latin America & Caribbean ,Upper middle income
VC,2009,70.712,6463.78777336717,4.09299564,8.23650776414377,111.075256347656,21.2854831085013,2.174,Latin America & Caribbean ,Upper middle income
VC,2010,70.66,6551.96835992405,4.30325222,8.46864953596129,110.652717590332,21.2478514761788,2.144,Latin America & Caribbean ,Upper middle income
VC,2011,70.609,6527.68996854448,4.23327732,8.74177515009351,108.306083679199,20.8130429273481,2.076,Latin America & Caribbean ,Upper middle income
VC,2012,70.539,6713.80768643865,4.46855974,8.96487347738319,105.851867675781,21.1785226295306,2.113,Latin America & Caribbean ,Upper middle income
VC,2013,70.091,7072.46737188939,4.23780632,9.13159878115882,108.723846435547,22.0288603357583,2.106,Latin America & Caribbean ,Upper middle income
VC,2014,70.355,7168.82875342911,4.17431307,9.32068628818524,111.371963500977,22.4680502987672,2.141,Latin America & Caribbean ,Upper middle income
VC,2015,70.463,7353.73556054184,4.11605787,9.52645848915482,114.022842407227,24.2045950887733,2.133,Latin America & Caribbean ,Upper middle income
VC,2019,70.994,8740.59425232061,4.26063251,10.5407662695479,127.1875,23.4062454360865,1.864,Latin America & Caribbean ,Upper middle income
VC,2020,69.605,8351.20324040982,4.87071276,10.7774858489655,127.844391153744,23.9262758481858,1.83,Latin America & Caribbean ,Upper middle income
VN,2015,73.955,2577.56885340113,4.71140909,6.45078979885794,89.4548341262217,19.377014054477,2.1,East Asia & Pacific,Lower middle income
VN,2016,73.984,2735.0604380416,4.86994743,6.60876308594788,90.1583347107672,20.3304456216218,2.0,East Asia & Pacific,Lower middle income
VN,2017,74.026,2956.10992127753,4.99014759,6.76773963938779,91.0725198149335,18.5797797556674,1.985,East Asia & Pacific,Lower middle income
VN,2018,74.1,3222.31003125366,5.02678823,6.98161953689909,92.8377710790826,20.1630176303186,1.88,East Asia & Pacific,Lower middle income
VN,2019,74.211,3440.90025375434,4.97407484,7.25022977006795,94.654621676317,20.8317868906878,1.943,East Asia & Pacific,Lower middle income
VN,2020,75.383,3534.03953482647,4.33219814,7.56724481954587,93.1921389514105,20.8010641731194,1.957,East Asia & Pacific,Lower middle income
VU,2000,68.586,1460.23817692229,3.30683255,2.79309215647329,34.476390838623,15.0607600250161,4.537,East Asia & Pacific,Lower middle income
VU,2001,68.722,1350.18338238522,3.38728333,2.79692824724783,34.9720115661621,14.9425065432613,4.495,East Asia & Pacific,Lower middle income
VU,2002,68.836,1340.71537528287,3.90437746,2.80425603610687,38.2522010803223,14.665320193617,4.382,East Asia & Pacific,Lower middle income
VU,2003,68.933,1566.51396790858,3.50691938,2.81998146912018,38.7092895507812,14.335593351469,4.293,East Asia & Pacific,Lower middle income
VU,2004,68.985,1774.31867585894,3.53991532,2.84671213498549,40.8122901916504,14.0597183922026,4.214,East Asia & Pacific,Lower middle income
VU,2010,69.57,2815.18828985779,3.52637076,3.20611968646051,55.240120859084,14.161468828928,4.126,East Asia & Pacific,Lower middle income
VU,2015,70.163,2854.89412272653,4.1583128,3.73749065204565,57.2510185241699,13.4680414200127,3.952,East Asia & Pacific,Lower middle income
VU,2020,70.385,3042.98711598286,4.12128973,4.05961349601902,59.1688003540039,14.0824115364695,3.738,East Asia & Pacific,Lower middle income
WS,2000,70.791,1424.75240002471,4.28232527,4.46266890497289,77.3879165649414,13.1629560185234,4.523,East Asia & Pacific,Upper middle income
WS,2001,71.028,1453.87021324606,3.81804991,4.47790528809932,78.0200500488281,13.2211101638012,4.477,East Asia & Pacific,Upper middle income
WS,2002,71.233,1527.55790455937,4.49205494,4.52781195960341,78.0871734619141,13.2517072431501,4.444,East Asia & Pacific,Upper middle income
WS,2003,71.441,1798.12429714048,4.17237139,4.59930971255999,81.3155212402344,13.2568830553227,4.392,East Asia & Pacific,Upper middle income
WS,2004,71.508,2189.26042607992,4.52578545,4.6746685208203,81.9052886962891,13.2387733990715,4.343,East Asia & Pacific,Upper middle income
WS,2005,71.487,2550.04221437511,4.63365459,4.74840690239787,81.7751388549805,13.1995140731491,4.322,East Asia & Pacific,Upper middle income
WS,2006,71.62,2663.29135939532,4.88451385,4.81090411221625,81.539176940918,13.1242357637716,4.322,East Asia & Pacific,Upper middle income
WS,2007,71.605,3038.61904093377,4.7446332,4.84786996762965,80.4865264892578,13.0054412390128,4.358,East Asia & Pacific,Upper middle income
WS,2009,69.486,3279.18269477295,5.12732029,4.86989167865451,82.5911865234375,12.6900792295059,4.466,East Asia & Pacific,Upper middle income
WS,2010,71.451,3524.2479246203,5.15268326,4.88155525910192,84.0352967940982,12.5198995878353,4.52,East Asia & Pacific,Upper middle income
WS,2011,71.393,3821.50678264479,5.38357162,4.90182987268441,82.7630728993357,12.2498654594603,4.56,East Asia & Pacific,Upper middle income
WS,2012,71.159,3934.60320799981,4.9883461,4.89826868466855,82.3821348963746,12.4658242930882,4.545,East Asia & Pacific,Upper middle income
WS,2014,71.142,3982.68080202084,6.36147165,4.87384833805746,87.4514117977902,12.5788519302582,4.423,East Asia & Pacific,Upper middle income
WS,2015,71.06,4084.36083819933,6.01321936,4.87332864180155,87.5602107303153,12.4224418408037,4.344,East Asia & Pacific,Upper middle income
WS,2016,71.003,4147.07097674888,5.63959885,4.87889375377766,87.3532286947715,12.5098893074638,4.262,East Asia & Pacific,Upper middle income
YE,2001,63.286,487.141257946318,4.94514799,2.75216523561889,39.9282608032227,44.2982580672529,6.143,Middle East & North Africa,Low income
YE,2003,64.407,548.905883049973,5.75758314,2.76037955891812,40.8348007202148,40.802103639537,5.839,Middle East & North Africa,Low income
YE,2004,64.881,627.632023395762,5.5144043,2.76365861449116,41.5881881713867,39.2080167665797,5.712,Middle East & North Africa,Low income
YE,2005,65.356,734.159908450927,5.20585251,2.76473080289082,40.5307083129883,38.5380324880719,5.563,Middle East & North Africa,Low income
YE,2008,66.609,1071.63583282105,5.76191616,2.75713459897693,37.9779014587402,38.7269770433258,5.113,Middle East & North Africa,Low income
YE,2010,67.223,1155.20305261418,5.15932894,2.7517393689491,39.0662307739258,39.1673543166565,4.81,Middle East & North Africa,Low income
YE,2011,67.412,1186.47500581215,4.7695322,2.75377885880191,40.6695289611816,43.2315095806882,4.63,Middle East & North Africa,Low income
YE,2012,67.569,1245.05068272078,5.19593525,2.75664246031045,40.9747505187988,53.6338333840879,4.633,Middle East & North Africa,Low income
YE,2013,67.961,1378.75002954928,4.96083164,2.75006420370081,42.7084617614746,48.4247878548182,4.623,Middle East & North Africa,Low income
YE,2016,67.105,975.359417003225,7.71249437,2.65747059781663,43.6906890869141,40.7241168220245,4.613,Middle East & North Africa,Low income
ZA,2000,58.368,3217.84693448467,7.3366189,4.74652112268227,74.3193817138672,24.3617741485462,2.413,Sub-Saharan Africa ,Upper middle income
ZA,2001,57.161,2847.15191945908,7.12327909,4.81691742121693,73.9493103027344,24.0639428788771,2.373,Sub-Saharan Africa ,Upper middle income
ZA,2002,55.58,2688.23676032806,6.67774487,4.88404325625375,74.4450225830078,23.5893636134975,2.324,Sub-Saharan Africa ,Upper middle income
ZA,2003,54.245,4062.21755993786,7.04098177,4.95181292307428,75.5357818603516,23.0775934481989,2.358,Sub-Saharan Africa ,Upper middle income
ZA,2004,53.963,5221.46333731721,6.938416,5.02302949145963,78.2966613769531,22.6681894787726,2.436,Sub-Saharan Africa ,Upper middle income
ZA,2005,53.914,5836.87663325127,6.86216164,5.09560889862014,80.4203414916992,22.5007088010102,2.512,Sub-Saharan Africa ,Upper middle income
ZA,2006,54.22,6077.38293388876,6.87650871,5.15488663739352,83.7833480834961,22.7170362946248,2.548,Sub-Saharan Africa ,Upper middle income
ZA,2007,54.948,6591.85535960564,6.90510845,5.20115411507627,85.5366287231445,23.2441138514745,2.545,Sub-Saharan Africa ,Upper middle income
ZA,2008,55.982,6184.75474328399,7.14832258,5.23573221454532,84.0473480224609,23.8990840855684,2.679,Sub-Saharan Africa ,Upper middle income
ZA,2009,57.413,6374.70560042992,7.64941454,5.24844555757215,85.9605407714844,24.4990896109155,2.501,Sub-Saharan Africa ,Upper middle income
ZA,2010,58.886,7973.47195771517,7.79358244,5.24736994467623,86.5922045596808,24.861273041525,2.445,Sub-Saharan Africa ,Upper middle income
ZA,2011,60.602,8646.05571071635,7.94434404,5.24152232263277,88.9442291259766,24.9968845183073,2.436,Sub-Saharan Africa ,Upper middle income
ZA,2012,61.737,8076.97678479741,8.00428867,5.25022267206233,92.1625137329102,24.6444105011731,2.447,Sub-Saharan Africa ,Upper middle income
ZA,2014,63.184,6856.73137092522,7.87136555,5.3311549776334,101.163200378418,24.5484834922425,2.424,Sub-Saharan Africa ,Upper middle income
ZA,2015,64.053,6112.27382485974,8.05304241,5.36961143105032,104.622812990742,24.5964053006527,2.359,Sub-Saharan Africa ,Upper middle income
ZA,2016,64.749,5651.20585165749,8.07959366,5.47353488678247,103.855987548828,24.1476891116721,2.261,Sub-Saharan Africa ,Upper middle income
ZA,2017,65.422,6618.33508255701,7.97711372,5.62805566504697,105.623168945312,23.754937395964,2.283,Sub-Saharan Africa ,Upper middle income
ZA,2018,65.726,6914.1780318076,8.0819664,5.77660923535215,101.399612936693,23.8122504048776,2.27,Sub-Saharan Africa ,Upper middle income
ZA,2019,66.071,6533.71121032856,8.24652863,5.94522019077183,103.78912033531,23.1897720637682,2.264,Sub-Saharan Africa ,Upper middle income
ZA,2020,65.15,5580.60383075189,9.02174091,6.10948899119405,103.501178102472,23.753069242361,2.257,Sub-Saharan Africa ,Upper middle income
ZW,2012,55.386,1239.22709745709,6.91838741,3.08900340551345,75.8648109767885,23.5395278505031,4.134,Sub-Saharan Africa ,Lower middle income
ZW,2013,56.842,1362.99498323368,7.11022186,3.09457989239685,52.4158515930176,22.5984006943159,4.111,Sub-Saharan Africa ,Lower middle income
